{"ts":"2026-07-24 18:04:02,906","level":"INFO","logger":"app.data_engine.redis_publisher","msg":"published 1 candles to bybit:RE/USDT:1h"}
{"ts":"2026-07-24 18:04:02,910","level":"INFO","logger":"app.data_engine.redis_publisher","msg":"published 1 candles to bybit:ESPORTS/USDT:1h"}
{"ts":"2026-07-24 18:04:02,910","level":"INFO","logger":"app.data_engine.redis_publisher","msg":"published 1 candles to bybit:B2/USDT:1h"}
{"ts":"2026-07-24 18:04:02,924","level":"INFO","logger":"app.data_engine.redis_publisher","msg":"published 1 candles to bybit:AKE/USDT:1h"}
{"ts":"2026-07-24 18:04:02,979","level":"INFO","logger":"app.data_engine.redis_publisher","msg":"published 1 candles to bybit:TOWNS/USDT:1h"}
{"ts":"2026-07-24 18:04:03,080","level":"INFO","logger":"app.data_engine.redis_publisher","msg":"published 1 candles to bybit:DEXE/USDT:1h"}
{"ts":"2026-07-24 18:04:03,152","level":"INFO","logger":"app.data_engine.redis_publisher","msg":"published 1 candles to bybit:SLX/USDT:1h"}
{"ts":"2026-07-24 18:04:03,180","level":"INFO","logger":"app.data_engine.redis_publisher","msg":"published 1 candles to bybit:BANK/USDT:1h"}
{"ts":"2026-07-24 18:04:03,257","level":"INFO","logger":"app.data_engine.redis_publisher","msg":"published 1 candles to bybit:ACE/USDT:1h"}
{"ts":"2026-07-24 18:04:03,290","level":"INFO","logger":"app.data_engine.redis_publisher","msg":"published 1 candles to bybit:APR/USDT:1h"}
{"ts":"2026-07-24 18:04:03,352","level":"INFO","logger":"app.data_engine.redis_publisher","msg":"published 1 candles to bybit:CAP/USDT:1h"}
{"ts":"2026-07-24 18:04:03,451","level":"INFO","logger":"app.data_engine.redis_publisher","msg":"published 1 candles to bybit:GWEI/USDT:1h"}
{"ts":"2026-07-24 18:04:03,551","level":"INFO","logger":"app.data_engine.redis_publisher","msg":"published 1 candles to bybit:BEAM/USDT:1h"}
{"ts":"2026-07-24 18:04:03,650","level":"INFO","logger":"app.data_engine.redis_publisher","msg":"published 1 candles to bybit:TNSR/USDT:1h"}
{"ts":"2026-07-24 18:04:03,758","level":"INFO","logger":"app.data_engine.redis_publisher","msg":"published 1 candles to bybit:PLAYSOUT/USDT:1h"}
{"ts":"2026-07-24 18:04:03,850","level":"INFO","logger":"app.data_engine.redis_publisher","msg":"published 1 candles to bybit:BTC/USDT:1h"}
{"ts":"2026-07-24 18:04:03,955","level":"INFO","logger":"app.data_engine.redis_publisher","msg":"published 1 candles to bybit:ETH/USDT:1h"}
{"ts":"2026-07-24 18:04:04,052","level":"INFO","logger":"app.data_engine.redis_publisher","msg":"published 1 candles to bybit:SOL/USDT:1h"}
{"ts":"2026-07-24 18:04:04,151","level":"INFO","logger":"app.data_engine.redis_publisher","msg":"published 1 candles to bybit:SOXL/USDT:1h"}
{"ts":"2026-07-24 18:04:04,252","level":"INFO","logger":"app.data_engine.redis_publisher","msg":"published 1 candles to bybit:SNXX/USDT:1h"}
{"ts":"2026-07-24 18:04:04,350","level":"INFO","logger":"app.data_engine.redis_publisher","msg":"published 1 candles to bybit:SNDK/USDT:1h"}
{"ts":"2026-07-24 18:04:04,451","level":"INFO","logger":"app.data_engine.redis_publisher","msg":"published 1 candles to bybit:XRP/USDT:1h"}
{"ts":"2026-07-24 18:04:04,557","level":"INFO","logger":"app.data_engine.redis_publisher","msg":"published 1 candles to bybit:HYPE/USDT:1h"}
{"ts":"2026-07-24 18:04:04,649","level":"INFO","logger":"app.data_engine.redis_publisher","msg":"published 1 candles to bybit:MU/USDT:1h"}
{"ts":"2026-07-24 18:04:04,753","level":"INFO","logger":"app.data_engine.redis_publisher","msg":"published 1 candles to bybit:KORU/USDT:1h"}
{"ts":"2026-07-24 18:04:04,852","level":"INFO","logger":"app.data_engine.redis_publisher","msg":"published 1 candles to bybit:SKHY/USDT:1h"}
{"ts":"2026-07-24 18:04:04,966","level":"INFO","logger":"app.data_engine.redis_publisher","msg":"published 1 candles to bybit:SKHYNIX/USDT:1h"}
{"ts":"2026-07-24 18:04:05,051","level":"INFO","logger":"app.data_engine.redis_publisher","msg":"published 1 candles to bybit:CORE/USDT:1h"}
{"ts":"2026-07-24 18:04:05,156","level":"INFO","logger":"app.data_engine.redis_publisher","msg":"published 1 candles to bybit:BEAT/USDT:1h"}
{"ts":"2026-07-24 18:04:05,250","level":"INFO","logger":"app.data_engine.redis_publisher","msg":"published 1 candles to bybit:CL/USDT:1h"}
{"ts":"2026-07-24 18:04:05,351","level":"INFO","logger":"app.data_engine.redis_publisher","msg":"published 1 candles to bybit:AERGO/USDT:1h"}
{"ts":"2026-07-24 18:04:05,457","level":"INFO","logger":"app.data_engine.redis_publisher","msg":"published 1 candles to bybit:CBRS/USDT:1h"}
{"ts":"2026-07-24 18:04:05,553","level":"INFO","logger":"app.data_engine.redis_publisher","msg":"published 1 candles to bybit:DOGE/USDT:1h"}
{"ts":"2026-07-24 18:04:05,653","level":"INFO","logger":"app.data_engine.redis_publisher","msg":"published 1 candles to bybit:ZEC/USDT:1h"}
{"ts":"2026-07-24 18:04:05,853","level":"INFO","logger":"app.data_engine.redis_publisher","msg":"published 1 candles to bybit:XAU/USDT:1h"}
{"ts":"2026-07-24 18:04:05,937","level":"INFO","logger":"app.data_engine.redis_publisher","msg":"published 1 candles to bybit:VELVET/USDT:1h"}
{"ts":"2026-07-24 18:04:05,963","level":"INFO","logger":"app.data_engine.redis_publisher","msg":"published 1 candles to bybit:NEAR/USDT:1h"}
{"ts":"2026-07-24 18:04:06,051","level":"INFO","logger":"app.data_engine.redis_publisher","msg":"published 1 candles to bybit:LA/USDT:1h"}
{"ts":"2026-07-24 18:04:06,154","level":"INFO","logger":"app.data_engine.redis_publisher","msg":"published 1 candles to bybit:INTC/USDT:1h"}
{"ts":"2026-07-24 18:04:06,251","level":"INFO","logger":"app.data_engine.redis_publisher","msg":"published 1 candles to bybit:KAITO/USDT:1h"}
2026-07-24 18:04:16.847 | INFO     | app.data.ohlcv_fetcher:fetch:62 - OHLCV fetched: BTC/USDT 1h 200 candles
{"ts":"2026-07-24 18:04:52,112","level":"INFO","logger":"app.data_engine.exchange_connector","msg":"fetched 946 candles for SPCX/USDT 1h (90 days)"}
{"ts":"2026-07-24 18:04:52,783","level":"INFO","logger":"app.data_engine.redis_publisher","msg":"published 10 candles to bybit:SPCX/USDT:1h"}
{"ts":"2026-07-24 18:04:54,074","level":"INFO","logger":"app.data_engine.exchange_connector","msg":"fetched 2160 candles for BLESS/USDT 1h (90 days)"}
{"ts":"2026-07-24 18:04:54,456","level":"INFO","logger":"app.data_engine.redis_publisher","msg":"published 10 candles to bybit:BLESS/USDT:1h"}
{"ts":"2026-07-24 18:05:03,252","level":"INFO","logger":"app.data_engine.redis_publisher","msg":"published 1 candles to bybit:RE/USDT:1h"}
{"ts":"2026-07-24 18:05:03,348","level":"INFO","logger":"app.data_engine.redis_publisher","msg":"published 1 candles to bybit:ESPORTS/USDT:1h"}
{"ts":"2026-07-24 18:05:03,548","level":"INFO","logger":"app.data_engine.redis_publisher","msg":"published 1 candles to bybit:AKE/USDT:1h"}
{"ts":"2026-07-24 18:05:03,659","level":"INFO","logger":"app.data_engine.redis_publisher","msg":"published 1 candles to bybit:TOWNS/USDT:1h"}
{"ts":"2026-07-24 18:05:03,703","level":"INFO","logger":"app.data_engine.redis_publisher","msg":"published 1 candles to bybit:B2/USDT:1h"}
{"ts":"2026-07-24 18:05:03,849","level":"INFO","logger":"app.data_engine.redis_publisher","msg":"published 1 candles to bybit:BANK/USDT:1h"}
{"ts":"2026-07-24 18:05:03,962","level":"INFO","logger":"app.data_engine.redis_publisher","msg":"published 1 candles to bybit:ACE/USDT:1h"}
{"ts":"2026-07-24 18:05:03,985","level":"INFO","logger":"app.data_engine.redis_publisher","msg":"published 1 candles to bybit:DEXE/USDT:1h"}
{"ts":"2026-07-24 18:05:04,047","level":"INFO","logger":"app.data_engine.redis_publisher","msg":"published 1 candles to bybit:APR/USDT:1h"}
{"ts":"2026-07-24 18:05:04,145","level":"INFO","logger":"app.data_engine.redis_publisher","msg":"published 1 candles to bybit:CAP/USDT:1h"}
{"ts":"2026-07-24 18:05:04,257","level":"INFO","logger":"app.data_engine.redis_publisher","msg":"published 1 candles to bybit:GWEI/USDT:1h"}
{"ts":"2026-07-24 18:05:04,349","level":"INFO","logger":"app.data_engine.redis_publisher","msg":"published 1 candles to bybit:BEAM/USDT:1h"}
{"ts":"2026-07-24 18:05:04,446","level":"INFO","logger":"app.data_engine.redis_publisher","msg":"published 1 candles to bybit:TNSR/USDT:1h"}
{"ts":"2026-07-24 18:05:04,548","level":"INFO","logger":"app.data_engine.redis_publisher","msg":"published 1 candles to bybit:PLAYSOUT/USDT:1h"}
{"ts":"2026-07-24 18:05:04,645","level":"INFO","logger":"app.data_engine.redis_publisher","msg":"published 1 candles to bybit:BTC/USDT:1h"}
{"ts":"2026-07-24 18:05:04,744","level":"INFO","logger":"app.data_engine.redis_publisher","msg":"published 1 candles to bybit:ETH/USDT:1h"}
{"ts":"2026-07-24 18:05:04,848","level":"INFO","logger":"app.data_engine.redis_publisher","msg":"published 1 candles to bybit:SOL/USDT:1h"}
{"ts":"2026-07-24 18:05:04,945","level":"INFO","logger":"app.data_engine.redis_publisher","msg":"published 1 candles to bybit:SOXL/USDT:1h"}
{"ts":"2026-07-24 18:05:05,043","level":"INFO","logger":"app.data_engine.redis_publisher","msg":"published 1 candles to bybit:SNXX/USDT:1h"}
{"ts":"2026-07-24 18:05:05,143","level":"INFO","logger":"app.data_engine.redis_publisher","msg":"published 1 candles to bybit:SNDK/USDT:1h"}
{"ts":"2026-07-24 18:05:05,247","level":"INFO","logger":"app.data_engine.redis_publisher","msg":"published 1 candles to bybit:XRP/USDT:1h"}
{"ts":"2026-07-24 18:05:05,360","level":"INFO","logger":"app.data_engine.redis_publisher","msg":"published 1 candles to bybit:HYPE/USDT:1h"}
{"ts":"2026-07-24 18:05:05,446","level":"INFO","logger":"app.data_engine.redis_publisher","msg":"published 1 candles to bybit:MU/USDT:1h"}
{"ts":"2026-07-24 18:05:05,549","level":"INFO","logger":"app.data_engine.redis_publisher","msg":"published 1 candles to bybit:KORU/USDT:1h"}
{"ts":"2026-07-24 18:05:05,645","level":"INFO","logger":"app.data_engine.redis_publisher","msg":"published 1 candles to bybit:SKHY/USDT:1h"}
{"ts":"2026-07-24 18:05:05,748","level":"INFO","logger":"app.data_engine.redis_publisher","msg":"published 1 candles to bybit:SKHYNIX/USDT:1h"}
{"ts":"2026-07-24 18:05:05,845","level":"INFO","logger":"app.data_engine.redis_publisher","msg":"published 1 candles to bybit:BEAT/USDT:1h"}
{"ts":"2026-07-24 18:05:05,947","level":"INFO","logger":"app.data_engine.redis_publisher","msg":"published 1 candles to bybit:CL/USDT:1h"}
{"ts":"2026-07-24 18:05:06,065","level":"INFO","logger":"app.data_engine.redis_publisher","msg":"published 1 candles to bybit:AERGO/USDT:1h"}
{"ts":"2026-07-24 18:05:06,146","level":"INFO","logger":"app.data_engine.redis_publisher","msg":"published 1 candles to bybit:CBRS/USDT:1h"}
{"ts":"2026-07-24 18:05:06,255","level":"INFO","logger":"app.data_engine.redis_publisher","msg":"published 1 candles to bybit:DOGE/USDT:1h"}
{"ts":"2026-07-24 18:05:06,349","level":"INFO","logger":"app.data_engine.redis_publisher","msg":"published 1 candles to bybit:ZEC/USDT:1h"}
{"ts":"2026-07-24 18:05:06,453","level":"INFO","logger":"app.data_engine.redis_publisher","msg":"published 1 candles to bybit:XAU/USDT:1h"}
{"ts":"2026-07-24 18:05:06,549","level":"INFO","logger":"app.data_engine.redis_publisher","msg":"published 1 candles to bybit:VELVET/USDT:1h"}
{"ts":"2026-07-24 18:05:06,646","level":"INFO","logger":"app.data_engine.redis_publisher","msg":"published 1 candles to bybit:NEAR/USDT:1h"}
{"ts":"2026-07-24 18:05:06,746","level":"INFO","logger":"app.data_engine.redis_publisher","msg":"published 1 candles to bybit:LA/USDT:1h"}
{"ts":"2026-07-24 18:05:06,849","level":"INFO","logger":"app.data_engine.redis_publisher","msg":"published 1 candles to bybit:INTC/USDT:1h"}
{"ts":"2026-07-24 18:05:06,946","level":"INFO","logger":"app.data_engine.redis_publisher","msg":"published 1 candles to bybit:KAITO/USDT:1h"}
{"ts":"2026-07-24 18:05:53,336","level":"INFO","logger":"app.data_engine.redis_publisher","msg":"published 1 candles to bybit:SPCX/USDT:1h"}
{"ts":"2026-07-24 18:05:54,770","level":"INFO","logger":"app.data_engine.redis_publisher","msg":"published 1 candles to bybit:BLESS/USDT:1h"}
{"ts":"2026-07-24 18:06:03,570","level":"INFO","logger":"app.data_engine.redis_publisher","msg":"published 1 candles to bybit:RE/USDT:1h"}
{"ts":"2026-07-24 18:06:03,864","level":"INFO","logger":"app.data_engine.redis_publisher","msg":"published 1 candles to bybit:AKE/USDT:1h"}
{"ts":"2026-07-24 18:06:03,909","level":"INFO","logger":"app.data_engine.redis_publisher","msg":"published 1 candles to bybit:ESPORTS/USDT:1h"}
{"ts":"2026-07-24 18:06:04,079","level":"INFO","logger":"app.data_engine.redis_publisher","msg":"published 1 candles to bybit:B2/USDT:1h"}
{"ts":"2026-07-24 18:06:04,181","level":"INFO","logger":"app.data_engine.redis_publisher","msg":"published 1 candles to bybit:BANK/USDT:1h"}
{"ts":"2026-07-24 18:06:04,203","level":"INFO","logger":"app.data_engine.redis_publisher","msg":"published 1 candles to bybit:TOWNS/USDT:1h"}
{"ts":"2026-07-24 18:06:04,380","level":"INFO","logger":"app.data_engine.redis_publisher","msg":"published 1 candles to bybit:DEXE/USDT:1h"}
{"ts":"2026-07-24 18:06:04,483","level":"INFO","logger":"app.data_engine.redis_publisher","msg":"published 1 candles to bybit:APR/USDT:1h"}
{"ts":"2026-07-24 18:06:04,510","level":"INFO","logger":"app.data_engine.redis_publisher","msg":"published 1 candles to bybit:ACE/USDT:1h"}
{"ts":"2026-07-24 18:06:04,583","level":"INFO","logger":"app.data_engine.redis_publisher","msg":"published 1 candles to bybit:CAP/USDT:1h"}
{"ts":"2026-07-24 18:06:04,682","level":"INFO","logger":"app.data_engine.redis_publisher","msg":"published 1 candles to bybit:GWEI/USDT:1h"}
{"ts":"2026-07-24 18:06:04,783","level":"INFO","logger":"app.data_engine.redis_publisher","msg":"published 1 candles to bybit:BEAM/USDT:1h"}
{"ts":"2026-07-24 18:06:04,901","level":"INFO","logger":"app.data_engine.redis_publisher","msg":"published 1 candles to bybit:TNSR/USDT:1h"}
{"ts":"2026-07-24 18:06:04,992","level":"INFO","logger":"app.data_engine.redis_publisher","msg":"published 1 candles to bybit:PLAYSOUT/USDT:1h"}
{"ts":"2026-07-24 18:06:05,083","level":"INFO","logger":"app.data_engine.redis_publisher","msg":"published 1 candles to bybit:BTC/USDT:1h"}
{"ts":"2026-07-24 18:06:05,193","level":"INFO","logger":"app.data_engine.redis_publisher","msg":"published 1 candles to bybit:ETH/USDT:1h"}
{"ts":"2026-07-24 18:06:05,281","level":"INFO","logger":"app.data_engine.redis_publisher","msg":"published 1 candles to bybit:SOL/USDT:1h"}
{"ts":"2026-07-24 18:06:05,382","level":"INFO","logger":"app.data_engine.redis_publisher","msg":"published 1 candles to bybit:SOXL/USDT:1h"}
{"ts":"2026-07-24 18:06:05,481","level":"INFO","logger":"app.data_engine.redis_publisher","msg":"published 1 candles to bybit:SNXX/USDT:1h"}
{"ts":"2026-07-24 18:06:05,581","level":"INFO","logger":"app.data_engine.redis_publisher","msg":"published 1 candles to bybit:SNDK/USDT:1h"}
{"ts":"2026-07-24 18:06:05,689","level":"INFO","logger":"app.data_engine.redis_publisher","msg":"published 1 candles to bybit:XRP/USDT:1h"}
{"ts":"2026-07-24 18:06:05,784","level":"INFO","logger":"app.data_engine.redis_publisher","msg":"published 1 candles to bybit:HYPE/USDT:1h"}
{"ts":"2026-07-24 18:06:05,896","level":"INFO","logger":"app.data_engine.redis_publisher","msg":"published 1 candles to bybit:MU/USDT:1h"}
{"ts":"2026-07-24 18:06:05,990","level":"INFO","logger":"app.data_engine.redis_publisher","msg":"published 1 candles to bybit:KORU/USDT:1h"}
{"ts":"2026-07-24 18:06:06,082","level":"INFO","logger":"app.data_engine.redis_publisher","msg":"published 1 candles to bybit:SKHY/USDT:1h"}
{"ts":"2026-07-24 18:06:06,182","level":"INFO","logger":"app.data_engine.redis_publisher","msg":"published 1 candles to bybit:SKHYNIX/USDT:1h"}
{"ts":"2026-07-24 18:06:06,281","level":"INFO","logger":"app.data_engine.redis_publisher","msg":"published 1 candles to bybit:BEAT/USDT:1h"}
{"ts":"2026-07-24 18:06:06,381","level":"INFO","logger":"app.data_engine.redis_publisher","msg":"published 1 candles to bybit:CL/USDT:1h"}
{"ts":"2026-07-24 18:06:06,483","level":"INFO","logger":"app.data_engine.redis_publisher","msg":"published 1 candles to bybit:AERGO/USDT:1h"}
{"ts":"2026-07-24 18:06:06,582","level":"INFO","logger":"app.data_engine.redis_publisher","msg":"published 1 candles to bybit:CBRS/USDT:1h"}
{"ts":"2026-07-24 18:06:06,681","level":"INFO","logger":"app.data_engine.redis_publisher","msg":"published 1 candles to bybit:DOGE/USDT:1h"}
{"ts":"2026-07-24 18:06:06,787","level":"INFO","logger":"app.data_engine.redis_publisher","msg":"published 1 candles to bybit:ZEC/USDT:1h"}
{"ts":"2026-07-24 18:06:06,886","level":"INFO","logger":"app.data_engine.redis_publisher","msg":"published 1 candles to bybit:XAU/USDT:1h"}
{"ts":"2026-07-24 18:06:06,981","level":"INFO","logger":"app.data_engine.redis_publisher","msg":"published 1 candles to bybit:VELVET/USDT:1h"}
{"ts":"2026-07-24 18:06:07,081","level":"INFO","logger":"app.data_engine.redis_publisher","msg":"published 1 candles to bybit:NEAR/USDT:1h"}
{"ts":"2026-07-24 18:06:07,181","level":"INFO","logger":"app.data_engine.redis_publisher","msg":"published 1 candles to bybit:LA/USDT:1h"}
{"ts":"2026-07-24 18:06:07,297","level":"INFO","logger":"app.data_engine.redis_publisher","msg":"published 1 candles to bybit:INTC/USDT:1h"}
{"ts":"2026-07-24 18:06:07,385","level":"INFO","logger":"app.data_engine.redis_publisher","msg":"published 1 candles to bybit:KAITO/USDT:1h"}
{"ts":"2026-07-24 18:06:54,239","level":"INFO","logger":"app.data_engine.redis_publisher","msg":"published 1 candles to bybit:SPCX/USDT:1h"}
{"ts":"2026-07-24 18:06:55,080","level":"INFO","logger":"app.data_engine.redis_publisher","msg":"published 1 candles to bybit:BLESS/USDT:1h"}
{"ts":"2026-07-24 18:07:03,887","level":"INFO","logger":"app.data_engine.redis_publisher","msg":"published 1 candles to bybit:RE/USDT:1h"}
{"ts":"2026-07-24 18:07:04,179","level":"INFO","logger":"app.data_engine.redis_publisher","msg":"published 1 candles to bybit:AKE/USDT:1h"}
{"ts":"2026-07-24 18:07:04,392","level":"INFO","logger":"app.data_engine.redis_publisher","msg":"published 1 candles to bybit:B2/USDT:1h"}
{"ts":"2026-07-24 18:07:04,523","level":"INFO","logger":"app.data_engine.redis_publisher","msg":"published 1 candles to bybit:ESPORTS/USDT:1h"}
{"ts":"2026-07-24 18:07:04,693","level":"INFO","logger":"app.data_engine.redis_publisher","msg":"published 1 candles to bybit:DEXE/USDT:1h"}
{"ts":"2026-07-24 18:07:04,721","level":"INFO","logger":"app.data_engine.redis_publisher","msg":"published 1 candles to bybit:BANK/USDT:1h"}
{"ts":"2026-07-24 18:07:04,797","level":"INFO","logger":"app.data_engine.redis_publisher","msg":"published 1 candles to bybit:APR/USDT:1h"}
{"ts":"2026-07-24 18:07:04,819","level":"INFO","logger":"app.data_engine.redis_publisher","msg":"published 1 candles to bybit:TOWNS/USDT:1h"}
{"ts":"2026-07-24 18:07:04,998","level":"INFO","logger":"app.data_engine.redis_publisher","msg":"published 1 candles to bybit:CAP/USDT:1h"}
{"ts":"2026-07-24 18:07:05,101","level":"INFO","logger":"app.data_engine.redis_publisher","msg":"published 1 candles to bybit:GWEI/USDT:1h"}
{"ts":"2026-07-24 18:07:05,128","level":"INFO","logger":"app.data_engine.redis_publisher","msg":"published 1 candles to bybit:ACE/USDT:1h"}
{"ts":"2026-07-24 18:07:05,199","level":"INFO","logger":"app.data_engine.redis_publisher","msg":"published 1 candles to bybit:BEAM/USDT:1h"}
{"ts":"2026-07-24 18:07:05,299","level":"INFO","logger":"app.data_engine.redis_publisher","msg":"published 1 candles to bybit:TNSR/USDT:1h"}
{"ts":"2026-07-24 18:07:05,397","level":"INFO","logger":"app.data_engine.redis_publisher","msg":"published 1 candles to bybit:PLAYSOUT/USDT:1h"}
{"ts":"2026-07-24 18:07:05,505","level":"INFO","logger":"app.data_engine.redis_publisher","msg":"published 1 candles to bybit:BTC/USDT:1h"}
{"ts":"2026-07-24 18:07:05,600","level":"INFO","logger":"app.data_engine.redis_publisher","msg":"published 1 candles to bybit:ETH/USDT:1h"}
{"ts":"2026-07-24 18:07:05,709","level":"INFO","logger":"app.data_engine.redis_publisher","msg":"published 1 candles to bybit:SOL/USDT:1h"}
{"ts":"2026-07-24 18:07:05,823","level":"INFO","logger":"app.data_engine.redis_publisher","msg":"published 1 candles to bybit:SOXL/USDT:1h"}
{"ts":"2026-07-24 18:07:05,915","level":"INFO","logger":"app.data_engine.redis_publisher","msg":"published 1 candles to bybit:SNXX/USDT:1h"}
{"ts":"2026-07-24 18:07:06,014","level":"INFO","logger":"app.data_engine.redis_publisher","msg":"published 1 candles to bybit:SNDK/USDT:1h"}
{"ts":"2026-07-24 18:07:06,103","level":"INFO","logger":"app.data_engine.redis_publisher","msg":"published 1 candles to bybit:XRP/USDT:1h"}
{"ts":"2026-07-24 18:07:06,234","level":"INFO","logger":"app.data_engine.redis_publisher","msg":"published 1 candles to bybit:HYPE/USDT:1h"}
{"ts":"2026-07-24 18:07:06,301","level":"INFO","logger":"app.data_engine.redis_publisher","msg":"published 1 candles to bybit:MU/USDT:1h"}
{"ts":"2026-07-24 18:07:06,405","level":"INFO","logger":"app.data_engine.redis_publisher","msg":"published 1 candles to bybit:KORU/USDT:1h"}
{"ts":"2026-07-24 18:07:06,498","level":"INFO","logger":"app.data_engine.redis_publisher","msg":"published 1 candles to bybit:SKHY/USDT:1h"}
{"ts":"2026-07-24 18:07:06,602","level":"INFO","logger":"app.data_engine.redis_publisher","msg":"published 1 candles to bybit:SKHYNIX/USDT:1h"}
{"ts":"2026-07-24 18:07:06,697","level":"INFO","logger":"app.data_engine.redis_publisher","msg":"published 1 candles to bybit:BEAT/USDT:1h"}
{"ts":"2026-07-24 18:07:06,798","level":"INFO","logger":"app.data_engine.redis_publisher","msg":"published 1 candles to bybit:CL/USDT:1h"}
{"ts":"2026-07-24 18:07:06,924","level":"INFO","logger":"app.data_engine.redis_publisher","msg":"published 1 candles to bybit:AERGO/USDT:1h"}
{"ts":"2026-07-24 18:07:06,997","level":"INFO","logger":"app.data_engine.redis_publisher","msg":"published 1 candles to bybit:CBRS/USDT:1h"}
{"ts":"2026-07-24 18:07:07,105","level":"INFO","logger":"app.data_engine.redis_publisher","msg":"published 1 candles to bybit:DOGE/USDT:1h"}
{"ts":"2026-07-24 18:07:07,197","level":"INFO","logger":"app.data_engine.redis_publisher","msg":"published 1 candles to bybit:ZEC/USDT:1h"}
{"ts":"2026-07-24 18:07:07,299","level":"INFO","logger":"app.data_engine.redis_publisher","msg":"published 1 candles to bybit:XAU/USDT:1h"}
{"ts":"2026-07-24 18:07:07,399","level":"INFO","logger":"app.data_engine.redis_publisher","msg":"published 1 candles to bybit:VELVET/USDT:1h"}
{"ts":"2026-07-24 18:07:07,498","level":"INFO","logger":"app.data_engine.redis_publisher","msg":"published 1 candles to bybit:NEAR/USDT:1h"}
{"ts":"2026-07-24 18:07:07,599","level":"INFO","logger":"app.data_engine.redis_publisher","msg":"published 1 candles to bybit:LA/USDT:1h"}
{"ts":"2026-07-24 18:07:07,696","level":"INFO","logger":"app.data_engine.redis_publisher","msg":"published 1 candles to bybit:INTC/USDT:1h"}
{"ts":"2026-07-24 18:07:07,797","level":"INFO","logger":"app.data_engine.redis_publisher","msg":"published 1 candles to bybit:KAITO/USDT:1h"}
{"ts":"2026-07-24 18:07:54,789","level":"INFO","logger":"app.data_engine.redis_publisher","msg":"published 1 candles to bybit:SPCX/USDT:1h"}
{"ts":"2026-07-24 18:07:55,389","level":"INFO","logger":"app.data_engine.redis_publisher","msg":"published 1 candles to bybit:BLESS/USDT:1h"}
{"ts":"2026-07-24 18:08:04,200","level":"INFO","logger":"app.data_engine.redis_publisher","msg":"published 1 candles to bybit:RE/USDT:1h"}
{"ts":"2026-07-24 18:08:04,490","level":"INFO","logger":"app.data_engine.redis_publisher","msg":"published 1 candles to bybit:AKE/USDT:1h"}
{"ts":"2026-07-24 18:08:04,722","level":"INFO","logger":"app.data_engine.redis_publisher","msg":"published 1 candles to bybit:B2/USDT:1h"}
{"ts":"2026-07-24 18:08:05,005","level":"INFO","logger":"app.data_engine.redis_publisher","msg":"published 1 candles to bybit:DEXE/USDT:1h"}
{"ts":"2026-07-24 18:08:05,315","level":"INFO","logger":"app.data_engine.redis_publisher","msg":"published 1 candles to bybit:TOWNS/USDT:1h"}
{"ts":"2026-07-24 18:08:05,489","level":"INFO","logger":"app.data_engine.redis_publisher","msg":"published 1 candles to bybit:BANK/USDT:1h"}
{"ts":"2026-07-24 18:08:05,490","level":"INFO","logger":"app.data_engine.redis_publisher","msg":"published 1 candles to bybit:ESPORTS/USDT:1h"}
{"ts":"2026-07-24 18:08:05,511","level":"INFO","logger":"app.data_engine.redis_publisher","msg":"published 1 candles to bybit:APR/USDT:1h"}
{"ts":"2026-07-24 18:08:05,605","level":"INFO","logger":"app.data_engine.redis_publisher","msg":"published 1 candles to bybit:ACE/USDT:1h"}
{"ts":"2026-07-24 18:08:05,680","level":"INFO","logger":"app.data_engine.redis_publisher","msg":"published 1 candles to bybit:CAP/USDT:1h"}
{"ts":"2026-07-24 18:08:05,721","level":"INFO","logger":"app.data_engine.redis_publisher","msg":"published 1 candles to bybit:BEAM/USDT:1h"}
{"ts":"2026-07-24 18:08:05,744","level":"INFO","logger":"app.data_engine.redis_publisher","msg":"published 1 candles to bybit:GWEI/USDT:1h"}
{"ts":"2026-07-24 18:08:05,803","level":"INFO","logger":"app.data_engine.redis_publisher","msg":"published 1 candles to bybit:TNSR/USDT:1h"}
{"ts":"2026-07-24 18:08:05,910","level":"INFO","logger":"app.data_engine.redis_publisher","msg":"published 1 candles to bybit:PLAYSOUT/USDT:1h"}
{"ts":"2026-07-24 18:08:06,021","level":"INFO","logger":"app.data_engine.redis_publisher","msg":"published 1 candles to bybit:BTC/USDT:1h"}
{"ts":"2026-07-24 18:08:06,109","level":"INFO","logger":"app.data_engine.redis_publisher","msg":"published 1 candles to bybit:ETH/USDT:1h"}
{"ts":"2026-07-24 18:08:06,203","level":"INFO","logger":"app.data_engine.redis_publisher","msg":"published 1 candles to bybit:SOL/USDT:1h"}
{"ts":"2026-07-24 18:08:06,306","level":"INFO","logger":"app.data_engine.redis_publisher","msg":"published 1 candles to bybit:SOXL/USDT:1h"}
{"ts":"2026-07-24 18:08:06,402","level":"INFO","logger":"app.data_engine.redis_publisher","msg":"published 1 candles to bybit:SNXX/USDT:1h"}
{"ts":"2026-07-24 18:08:06,509","level":"INFO","logger":"app.data_engine.redis_publisher","msg":"published 1 candles to bybit:SNDK/USDT:1h"}
{"ts":"2026-07-24 18:08:06,603","level":"INFO","logger":"app.data_engine.redis_publisher","msg":"published 1 candles to bybit:XRP/USDT:1h"}
{"ts":"2026-07-24 18:08:06,703","level":"INFO","logger":"app.data_engine.redis_publisher","msg":"published 1 candles to bybit:HYPE/USDT:1h"}
{"ts":"2026-07-24 18:08:06,809","level":"INFO","logger":"app.data_engine.redis_publisher","msg":"published 1 candles to bybit:MU/USDT:1h"}
{"ts":"2026-07-24 18:08:06,902","level":"INFO","logger":"app.data_engine.redis_publisher","msg":"published 1 candles to bybit:KORU/USDT:1h"}
{"ts":"2026-07-24 18:08:07,006","level":"INFO","logger":"app.data_engine.redis_publisher","msg":"published 1 candles to bybit:SKHY/USDT:1h"}
{"ts":"2026-07-24 18:08:07,103","level":"INFO","logger":"app.data_engine.redis_publisher","msg":"published 1 candles to bybit:SKHYNIX/USDT:1h"}
{"ts":"2026-07-24 18:08:07,206","level":"INFO","logger":"app.data_engine.redis_publisher","msg":"published 1 candles to bybit:BEAT/USDT:1h"}
{"ts":"2026-07-24 18:08:07,305","level":"INFO","logger":"app.data_engine.redis_publisher","msg":"published 1 candles to bybit:CL/USDT:1h"}
{"ts":"2026-07-24 18:08:07,406","level":"INFO","logger":"app.data_engine.redis_publisher","msg":"published 1 candles to bybit:AERGO/USDT:1h"}
{"ts":"2026-07-24 18:08:07,504","level":"INFO","logger":"app.data_engine.redis_publisher","msg":"published 1 candles to bybit:CBRS/USDT:1h"}
{"ts":"2026-07-24 18:08:07,606","level":"INFO","logger":"app.data_engine.redis_publisher","msg":"published 1 candles to bybit:DOGE/USDT:1h"}
{"ts":"2026-07-24 18:08:07,703","level":"INFO","logger":"app.data_engine.redis_publisher","msg":"published 1 candles to bybit:ZEC/USDT:1h"}
{"ts":"2026-07-24 18:08:07,807","level":"INFO","logger":"app.data_engine.redis_publisher","msg":"published 1 candles to bybit:XAU/USDT:1h"}
{"ts":"2026-07-24 18:08:07,904","level":"INFO","logger":"app.data_engine.redis_publisher","msg":"published 1 candles to bybit:VELVET/USDT:1h"}
{"ts":"2026-07-24 18:08:08,002","level":"INFO","logger":"app.data_engine.redis_publisher","msg":"published 1 candles to bybit:NEAR/USDT:1h"}
{"ts":"2026-07-24 18:08:08,103","level":"INFO","logger":"app.data_engine.redis_publisher","msg":"published 1 candles to bybit:LA/USDT:1h"}
{"ts":"2026-07-24 18:08:08,207","level":"INFO","logger":"app.data_engine.redis_publisher","msg":"published 1 candles to bybit:INTC/USDT:1h"}
{"ts":"2026-07-24 18:08:08,305","level":"INFO","logger":"app.data_engine.redis_publisher","msg":"published 1 candles to bybit:KAITO/USDT:1h"}
{"ts":"2026-07-24 18:08:55,485","level":"INFO","logger":"app.data_engine.redis_publisher","msg":"published 1 candles to bybit:SPCX/USDT:1h"}
{"ts":"2026-07-24 18:08:55,792","level":"INFO","logger":"app.data_engine.redis_publisher","msg":"published 1 candles to bybit:BLESS/USDT:1h"}
{"ts":"2026-07-24 18:09:04,520","level":"INFO","logger":"app.data_engine.redis_publisher","msg":"published 1 candles to bybit:RE/USDT:1h"}
{"ts":"2026-07-24 18:09:04,800","level":"INFO","logger":"app.data_engine.redis_publisher","msg":"published 1 candles to bybit:AKE/USDT:1h"}
{"ts":"2026-07-24 18:09:05,032","level":"INFO","logger":"app.data_engine.redis_publisher","msg":"published 1 candles to bybit:B2/USDT:1h"}
{"ts":"2026-07-24 18:09:05,321","level":"INFO","logger":"app.data_engine.redis_publisher","msg":"published 1 candles to bybit:DEXE/USDT:1h"}
{"ts":"2026-07-24 18:09:05,637","level":"INFO","logger":"app.data_engine.redis_publisher","msg":"published 1 candles to bybit:TOWNS/USDT:1h"}
{"ts":"2026-07-24 18:09:05,921","level":"INFO","logger":"app.data_engine.redis_publisher","msg":"published 1 candles to bybit:ESPORTS/USDT:1h"}
{"ts":"2026-07-24 18:09:06,053","level":"INFO","logger":"app.data_engine.redis_publisher","msg":"published 1 candles to bybit:BANK/USDT:1h"}
{"ts":"2026-07-24 18:09:06,221","level":"INFO","logger":"app.data_engine.redis_publisher","msg":"published 1 candles to bybit:CAP/USDT:1h"}
{"ts":"2026-07-24 18:09:06,249","level":"INFO","logger":"app.data_engine.redis_publisher","msg":"published 1 candles to bybit:APR/USDT:1h"}
{"ts":"2026-07-24 18:09:06,323","level":"INFO","logger":"app.data_engine.redis_publisher","msg":"published 1 candles to bybit:BEAM/USDT:1h"}
{"ts":"2026-07-24 18:09:06,357","level":"INFO","logger":"app.data_engine.redis_publisher","msg":"published 1 candles to bybit:ACE/USDT:1h"}
{"ts":"2026-07-24 18:09:06,520","level":"INFO","logger":"app.data_engine.redis_publisher","msg":"published 1 candles to bybit:TNSR/USDT:1h"}
{"ts":"2026-07-24 18:09:06,623","level":"INFO","logger":"app.data_engine.redis_publisher","msg":"published 1 candles to bybit:PLAYSOUT/USDT:1h"}
{"ts":"2026-07-24 18:09:06,648","level":"INFO","logger":"app.data_engine.redis_publisher","msg":"published 1 candles to bybit:GWEI/USDT:1h"}
{"ts":"2026-07-24 18:09:06,722","level":"INFO","logger":"app.data_engine.redis_publisher","msg":"published 1 candles to bybit:BTC/USDT:1h"}
{"ts":"2026-07-24 18:09:06,820","level":"INFO","logger":"app.data_engine.redis_publisher","msg":"published 1 candles to bybit:ETH/USDT:1h"}
{"ts":"2026-07-24 18:09:06,920","level":"INFO","logger":"app.data_engine.redis_publisher","msg":"published 1 candles to bybit:SOL/USDT:1h"}
{"ts":"2026-07-24 18:09:07,020","level":"INFO","logger":"app.data_engine.redis_publisher","msg":"published 1 candles to bybit:SOXL/USDT:1h"}
{"ts":"2026-07-24 18:09:07,120","level":"INFO","logger":"app.data_engine.redis_publisher","msg":"published 1 candles to bybit:SNXX/USDT:1h"}
{"ts":"2026-07-24 18:09:07,221","level":"INFO","logger":"app.data_engine.redis_publisher","msg":"published 1 candles to bybit:SNDK/USDT:1h"}
{"ts":"2026-07-24 18:09:07,319","level":"INFO","logger":"app.data_engine.redis_publisher","msg":"published 1 candles to bybit:XRP/USDT:1h"}
{"ts":"2026-07-24 18:09:07,421","level":"INFO","logger":"app.data_engine.redis_publisher","msg":"published 1 candles to bybit:HYPE/USDT:1h"}
{"ts":"2026-07-24 18:09:07,522","level":"INFO","logger":"app.data_engine.redis_publisher","msg":"published 1 candles to bybit:MU/USDT:1h"}
{"ts":"2026-07-24 18:09:07,621","level":"INFO","logger":"app.data_engine.redis_publisher","msg":"published 1 candles to bybit:KORU/USDT:1h"}
{"ts":"2026-07-24 18:09:07,720","level":"INFO","logger":"app.data_engine.redis_publisher","msg":"published 1 candles to bybit:SKHY/USDT:1h"}
{"ts":"2026-07-24 18:09:07,826","level":"INFO","logger":"app.data_engine.redis_publisher","msg":"published 1 candles to bybit:SKHYNIX/USDT:1h"}
{"ts":"2026-07-24 18:09:07,935","level":"INFO","logger":"app.data_engine.redis_publisher","msg":"published 1 candles to bybit:BEAT/USDT:1h"}
{"ts":"2026-07-24 18:09:08,019","level":"INFO","logger":"app.data_engine.redis_publisher","msg":"published 1 candles to bybit:CL/USDT:1h"}
{"ts":"2026-07-24 18:09:08,122","level":"INFO","logger":"app.data_engine.redis_publisher","msg":"published 1 candles to bybit:AERGO/USDT:1h"}
{"ts":"2026-07-24 18:09:08,220","level":"INFO","logger":"app.data_engine.redis_publisher","msg":"published 1 candles to bybit:CBRS/USDT:1h"}
{"ts":"2026-07-24 18:09:08,328","level":"INFO","logger":"app.data_engine.redis_publisher","msg":"published 1 candles to bybit:DOGE/USDT:1h"}
{"ts":"2026-07-24 18:09:08,420","level":"INFO","logger":"app.data_engine.redis_publisher","msg":"published 1 candles to bybit:ZEC/USDT:1h"}
{"ts":"2026-07-24 18:09:08,522","level":"INFO","logger":"app.data_engine.redis_publisher","msg":"published 1 candles to bybit:XAU/USDT:1h"}
{"ts":"2026-07-24 18:09:08,620","level":"INFO","logger":"app.data_engine.redis_publisher","msg":"published 1 candles to bybit:VELVET/USDT:1h"}
{"ts":"2026-07-24 18:09:08,722","level":"INFO","logger":"app.data_engine.redis_publisher","msg":"published 1 candles to bybit:NEAR/USDT:1h"}
{"ts":"2026-07-24 18:09:08,819","level":"INFO","logger":"app.data_engine.redis_publisher","msg":"published 1 candles to bybit:LA/USDT:1h"}
{"ts":"2026-07-24 18:09:08,921","level":"INFO","logger":"app.data_engine.redis_publisher","msg":"published 1 candles to bybit:INTC/USDT:1h"}
{"ts":"2026-07-24 18:09:09,023","level":"INFO","logger":"app.data_engine.redis_publisher","msg":"published 1 candles to bybit:KAITO/USDT:1h"}
{"ts":"2026-07-24 18:09:56,419","level":"INFO","logger":"app.data_engine.redis_publisher","msg":"published 1 candles to bybit:SPCX/USDT:1h"}
{"ts":"2026-07-24 18:09:56,420","level":"INFO","logger":"app.data_engine.redis_publisher","msg":"published 1 candles to bybit:BLESS/USDT:1h"}
2026-07-24 18:10:00.790 | INFO     | app.data.universe_scanner:refresh:176 - UniverseScanner: %d candidates above $%.0f volume
2026-07-24 18:10:01.721 | DEBUG    | app.data.universe_scanner:refresh:188 - UniverseScanner: ATR failed for SOXL/USDT
2026-07-24 18:10:02.040 | DEBUG    | app.data.universe_scanner:refresh:188 - UniverseScanner: ATR failed for AKE/USDT
2026-07-24 18:10:02.350 | DEBUG    | app.data.universe_scanner:refresh:188 - UniverseScanner: ATR failed for DEXE/USDT
2026-07-24 18:10:02.350 | DEBUG    | app.data.universe_scanner:refresh:188 - UniverseScanner: ATR failed for BANK/USDT
2026-07-24 18:10:02.350 | DEBUG    | app.data.universe_scanner:refresh:188 - UniverseScanner: ATR failed for SNDK/USDT
2026-07-24 18:10:02.661 | DEBUG    | app.data.universe_scanner:refresh:188 - UniverseScanner: ATR failed for XAU/USDT
2026-07-24 18:10:02.661 | DEBUG    | app.data.universe_scanner:refresh:188 - UniverseScanner: ATR failed for CL/USDT
2026-07-24 18:10:02.661 | DEBUG    | app.data.universe_scanner:refresh:188 - UniverseScanner: ATR failed for ZEC/USDT
2026-07-24 18:10:02.661 | DEBUG    | app.data.universe_scanner:refresh:188 - UniverseScanner: ATR failed for MU/USDT
2026-07-24 18:10:02.661 | DEBUG    | app.data.universe_scanner:refresh:188 - UniverseScanner: ATR failed for ESPORTS/USDT
2026-07-24 18:10:02.976 | DEBUG    | app.data.universe_scanner:refresh:188 - UniverseScanner: ATR failed for SKHYNIX/USDT
2026-07-24 18:10:02.976 | DEBUG    | app.data.universe_scanner:refresh:188 - UniverseScanner: ATR failed for SPCX/USDT
2026-07-24 18:10:03.287 | DEBUG    | app.data.universe_scanner:refresh:188 - UniverseScanner: ATR failed for SKHY/USDT
2026-07-24 18:10:03.287 | DEBUG    | app.data.universe_scanner:refresh:188 - UniverseScanner: ATR failed for INTC/USDT
2026-07-24 18:10:03.908 | DEBUG    | app.data.universe_scanner:refresh:188 - UniverseScanner: ATR failed for RE/USDT
2026-07-24 18:10:03.908 | DEBUG    | app.data.universe_scanner:refresh:188 - UniverseScanner: ATR failed for 1000PEPE/USDT
2026-07-24 18:10:04.216 | DEBUG    | app.data.universe_scanner:refresh:188 - UniverseScanner: ATR failed for BEAT/USDT
2026-07-24 18:10:04.537 | DEBUG    | app.data.universe_scanner:refresh:188 - UniverseScanner: ATR failed for KORU/USDT
{"ts":"2026-07-24 18:10:04,835","level":"INFO","logger":"app.data_engine.redis_publisher","msg":"published 1 candles to bybit:RE/USDT:1h"}
2026-07-24 18:10:04.846 | DEBUG    | app.data.universe_scanner:refresh:188 - UniverseScanner: ATR failed for XAG/USDT
2026-07-24 18:10:04.846 | DEBUG    | app.data.universe_scanner:refresh:188 - UniverseScanner: ATR failed for SNXX/USDT
{"ts":"2026-07-24 18:10:05,110","level":"INFO","logger":"app.data_engine.redis_publisher","msg":"published 1 candles to bybit:AKE/USDT:1h"}
{"ts":"2026-07-24 18:10:05,341","level":"INFO","logger":"app.data_engine.redis_publisher","msg":"published 1 candles to bybit:B2/USDT:1h"}
2026-07-24 18:10:05.470 | DEBUG    | app.data.universe_scanner:refresh:188 - UniverseScanner: ATR failed for CBRS/USDT
2026-07-24 18:10:05.470 | DEBUG    | app.data.universe_scanner:refresh:188 - UniverseScanner: ATR failed for KAITO/USDT
{"ts":"2026-07-24 18:10:05,630","level":"INFO","logger":"app.data_engine.redis_publisher","msg":"published 1 candles to bybit:DEXE/USDT:1h"}
{"ts":"2026-07-24 18:10:05,952","level":"INFO","logger":"app.data_engine.redis_publisher","msg":"published 1 candles to bybit:TOWNS/USDT:1h"}
{"ts":"2026-07-24 18:10:06,237","level":"INFO","logger":"app.data_engine.redis_publisher","msg":"published 1 candles to bybit:ESPORTS/USDT:1h"}
{"ts":"2026-07-24 18:10:06,368","level":"INFO","logger":"app.data_engine.redis_publisher","msg":"published 1 candles to bybit:BANK/USDT:1h"}
2026-07-24 18:10:06.400 | DEBUG    | app.data.universe_scanner:refresh:188 - UniverseScanner: ATR failed for PUMPFUN/USDT
{"ts":"2026-07-24 18:10:06,541","level":"INFO","logger":"app.data_engine.redis_publisher","msg":"published 1 candles to bybit:CAP/USDT:1h"}
{"ts":"2026-07-24 18:10:06,694","level":"INFO","logger":"app.data_engine.redis_publisher","msg":"published 1 candles to bybit:APR/USDT:1h"}
2026-07-24 18:10:06.709 | DEBUG    | app.data.universe_scanner:refresh:188 - UniverseScanner: ATR failed for TAO/USDT
{"ts":"2026-07-24 18:10:06,840","level":"INFO","logger":"app.data_engine.redis_publisher","msg":"published 1 candles to bybit:ACE/USDT:1h"}
{"ts":"2026-07-24 18:10:06,940","level":"INFO","logger":"app.data_engine.redis_publisher","msg":"published 1 candles to bybit:TNSR/USDT:1h"}
{"ts":"2026-07-24 18:10:06,973","level":"INFO","logger":"app.data_engine.redis_publisher","msg":"published 1 candles to bybit:BEAM/USDT:1h"}
{"ts":"2026-07-24 18:10:07,155","level":"INFO","logger":"app.data_engine.redis_publisher","msg":"published 1 candles to bybit:GWEI/USDT:1h"}
{"ts":"2026-07-24 18:10:07,241","level":"INFO","logger":"app.data_engine.redis_publisher","msg":"published 1 candles to bybit:BTC/USDT:1h"}
{"ts":"2026-07-24 18:10:07,268","level":"INFO","logger":"app.data_engine.redis_publisher","msg":"published 1 candles to bybit:PLAYSOUT/USDT:1h"}
{"ts":"2026-07-24 18:10:07,343","level":"INFO","logger":"app.data_engine.redis_publisher","msg":"published 1 candles to bybit:ETH/USDT:1h"}
{"ts":"2026-07-24 18:10:07,447","level":"INFO","logger":"app.data_engine.redis_publisher","msg":"published 1 candles to bybit:SOL/USDT:1h"}
{"ts":"2026-07-24 18:10:07,543","level":"INFO","logger":"app.data_engine.redis_publisher","msg":"published 1 candles to bybit:SOXL/USDT:1h"}
2026-07-24 18:10:07.645 | DEBUG    | app.data.universe_scanner:refresh:188 - UniverseScanner: ATR failed for FARTCOIN/USDT
{"ts":"2026-07-24 18:10:07,646","level":"INFO","logger":"app.data_engine.redis_publisher","msg":"published 1 candles to bybit:SNXX/USDT:1h"}
{"ts":"2026-07-24 18:10:07,743","level":"INFO","logger":"app.data_engine.redis_publisher","msg":"published 1 candles to bybit:SNDK/USDT:1h"}
{"ts":"2026-07-24 18:10:07,841","level":"INFO","logger":"app.data_engine.redis_publisher","msg":"published 1 candles to bybit:XRP/USDT:1h"}
{"ts":"2026-07-24 18:10:07,940","level":"INFO","logger":"app.data_engine.redis_publisher","msg":"published 1 candles to bybit:HYPE/USDT:1h"}
2026-07-24 18:10:07.959 | DEBUG    | app.data.universe_scanner:refresh:188 - UniverseScanner: ATR failed for EWY/USDT
2026-07-24 18:10:07.959 | DEBUG    | app.data.universe_scanner:refresh:188 - UniverseScanner: ATR failed for INTW/USDT
{"ts":"2026-07-24 18:10:08,044","level":"INFO","logger":"app.data_engine.redis_publisher","msg":"published 1 candles to bybit:MU/USDT:1h"}
{"ts":"2026-07-24 18:10:08,140","level":"INFO","logger":"app.data_engine.redis_publisher","msg":"published 1 candles to bybit:KORU/USDT:1h"}
{"ts":"2026-07-24 18:10:08,240","level":"INFO","logger":"app.data_engine.redis_publisher","msg":"published 1 candles to bybit:SKHY/USDT:1h"}
{"ts":"2026-07-24 18:10:08,347","level":"INFO","logger":"app.data_engine.redis_publisher","msg":"published 1 candles to bybit:SKHYNIX/USDT:1h"}
{"ts":"2026-07-24 18:10:08,446","level":"INFO","logger":"app.data_engine.redis_publisher","msg":"published 1 candles to bybit:BEAT/USDT:1h"}
{"ts":"2026-07-24 18:10:08,541","level":"INFO","logger":"app.data_engine.redis_publisher","msg":"published 1 candles to bybit:CL/USDT:1h"}
{"ts":"2026-07-24 18:10:08,663","level":"INFO","logger":"app.data_engine.redis_publisher","msg":"published 1 candles to bybit:AERGO/USDT:1h"}
{"ts":"2026-07-24 18:10:08,750","level":"INFO","logger":"app.data_engine.redis_publisher","msg":"published 1 candles to bybit:CBRS/USDT:1h"}
{"ts":"2026-07-24 18:10:08,860","level":"INFO","logger":"app.data_engine.redis_publisher","msg":"published 1 candles to bybit:DOGE/USDT:1h"}
2026-07-24 18:10:08.929 | DEBUG    | app.data.universe_scanner:refresh:188 - UniverseScanner: ATR failed for VELVET/USDT
2026-07-24 18:10:08.929 | DEBUG    | app.data.universe_scanner:refresh:188 - UniverseScanner: ATR failed for TSLA/USDT
2026-07-24 18:10:08.929 | DEBUG    | app.data.universe_scanner:refresh:188 - UniverseScanner: ATR failed for DRAM/USDT
{"ts":"2026-07-24 18:10:09,002","level":"INFO","logger":"app.data_engine.redis_publisher","msg":"published 1 candles to bybit:ZEC/USDT:1h"}
{"ts":"2026-07-24 18:10:09,042","level":"INFO","logger":"app.data_engine.redis_publisher","msg":"published 1 candles to bybit:XAU/USDT:1h"}
{"ts":"2026-07-24 18:10:09,209","level":"INFO","logger":"app.data_engine.redis_publisher","msg":"published 1 candles to bybit:VELVET/USDT:1h"}
{"ts":"2026-07-24 18:10:09,272","level":"INFO","logger":"app.data_engine.redis_publisher","msg":"published 1 candles to bybit:NEAR/USDT:1h"}
2026-07-24 18:10:09.279 | DEBUG    | app.data.universe_scanner:refresh:188 - UniverseScanner: ATR failed for ALLO/USDT
{"ts":"2026-07-24 18:10:09,373","level":"INFO","logger":"app.data_engine.redis_publisher","msg":"published 1 candles to bybit:LA/USDT:1h"}
{"ts":"2026-07-24 18:10:09,473","level":"INFO","logger":"app.data_engine.redis_publisher","msg":"published 1 candles to bybit:INTC/USDT:1h"}
{"ts":"2026-07-24 18:10:09,573","level":"INFO","logger":"app.data_engine.redis_publisher","msg":"published 1 candles to bybit:KAITO/USDT:1h"}
2026-07-24 18:10:09.896 | DEBUG    | app.data.universe_scanner:refresh:188 - UniverseScanner: ATR failed for XMR/USDT
2026-07-24 18:10:10.207 | DEBUG    | app.data.universe_scanner:refresh:188 - UniverseScanner: ATR failed for AAL/USDT
2026-07-24 18:10:11.449 | DEBUG    | app.data.universe_scanner:refresh:188 - UniverseScanner: ATR failed for LAB/USDT
2026-07-24 18:10:11.762 | DEBUG    | app.data.universe_scanner:refresh:188 - UniverseScanner: ATR failed for US/USDT
2026-07-24 18:10:12.378 | DEBUG    | app.data.universe_scanner:refresh:188 - UniverseScanner: ATR failed for O/USDT
2026-07-24 18:10:12.378 | DEBUG    | app.data.universe_scanner:refresh:188 - UniverseScanner: ATR failed for GOOGL/USDT
2026-07-24 18:10:12.997 | DEBUG    | app.data.universe_scanner:refresh:188 - UniverseScanner: ATR failed for MRVL/USDT
2026-07-24 18:10:13.307 | DEBUG    | app.data.universe_scanner:refresh:188 - UniverseScanner: ATR failed for TSEM/USDT
2026-07-24 18:10:13.307 | DEBUG    | app.data.universe_scanner:refresh:188 - UniverseScanner: ATR failed for 1000BONK/USDT
2026-07-24 18:10:13.307 | DEBUG    | app.data.universe_scanner:refresh:188 - UniverseScanner: ATR failed for MUU/USDT
2026-07-24 18:10:13.307 | DEBUG    | app.data.universe_scanner:refresh:188 - UniverseScanner: ATR failed for GWEI/USDT
2026-07-24 18:10:13.928 | DEBUG    | app.data.universe_scanner:refresh:188 - UniverseScanner: ATR failed for CRCL/USDT
2026-07-24 18:10:13.928 | DEBUG    | app.data.universe_scanner:refresh:188 - UniverseScanner: ATR failed for PENGSTOCK/USDT
2026-07-24 18:10:14.238 | DEBUG    | app.data.universe_scanner:refresh:188 - UniverseScanner: ATR failed for NBIS/USDT
2026-07-24 18:10:14.238 | DEBUG    | app.data.universe_scanner:refresh:188 - UniverseScanner: ATR failed for SOXS/USDT
2026-07-24 18:10:14.238 | DEBUG    | app.data.universe_scanner:refresh:188 - UniverseScanner: ATR failed for ACE/USDT
2026-07-24 18:10:14.238 | DEBUG    | app.data.universe_scanner:refresh:188 - UniverseScanner: ATR failed for MARA/USDT
2026-07-24 18:10:16.092 | DEBUG    | app.data.universe_scanner:refresh:188 - UniverseScanner: ATR failed for GS/USDT
2026-07-24 18:10:16.092 | DEBUG    | app.data.universe_scanner:refresh:188 - UniverseScanner: ATR failed for AEHR/USDT
2026-07-24 18:10:16.401 | DEBUG    | app.data.universe_scanner:refresh:188 - UniverseScanner: ATR failed for B2/USDT
2026-07-24 18:10:16.401 | DEBUG    | app.data.universe_scanner:refresh:188 - UniverseScanner: ATR failed for SHIB1000/USDT
2026-07-24 18:10:16.401 | DEBUG    | app.data.universe_scanner:refresh:188 - UniverseScanner: ATR failed for MSTR/USDT
2026-07-24 18:10:17.018 | DEBUG    | app.data.universe_scanner:refresh:188 - UniverseScanner: ATR failed for RDW/USDT
2026-07-24 18:10:17.018 | DEBUG    | app.data.universe_scanner:refresh:188 - UniverseScanner: ATR failed for AERGO/USDT
2026-07-24 18:10:17.018 | DEBUG    | app.data.universe_scanner:refresh:188 - UniverseScanner: ATR failed for EVAA/USDT
2026-07-24 18:10:17.327 | DEBUG    | app.data.universe_scanner:refresh:188 - UniverseScanner: ATR failed for APR/USDT
2026-07-24 18:10:17.954 | DEBUG    | app.data.universe_scanner:refresh:188 - UniverseScanner: ATR failed for EPIC/USDT
2026-07-24 18:10:18.262 | DEBUG    | app.data.universe_scanner:refresh:188 - UniverseScanner: ATR failed for POET/USDT
2026-07-24 18:10:18.888 | DEBUG    | app.data.universe_scanner:refresh:188 - UniverseScanner: ATR failed for AXTI/USDT
2026-07-24 18:10:19.514 | DEBUG    | app.data.universe_scanner:refresh:188 - UniverseScanner: ATR failed for XLV/USDT
2026-07-24 18:10:19.515 | DEBUG    | app.data.universe_scanner:refresh:188 - UniverseScanner: ATR failed for IONQ/USDT
2026-07-24 18:10:20.510 | DEBUG    | app.data.universe_scanner:refresh:188 - UniverseScanner: ATR failed for AAOI/USDT
2026-07-24 18:10:20.821 | DEBUG    | app.data.universe_scanner:refresh:188 - UniverseScanner: ATR failed for BZ/USDT
2026-07-24 18:10:20.821 | DEBUG    | app.data.universe_scanner:refresh:188 - UniverseScanner: ATR failed for AMDSTOCK/USDT
2026-07-24 18:10:20.821 | DEBUG    | app.data.universe_scanner:refresh:188 - UniverseScanner: ATR failed for SAMSUNG/USDT
2026-07-24 18:10:20.821 | DEBUG    | app.data.universe_scanner:refresh:188 - UniverseScanner: ATR failed for UB/USDT
2026-07-24 18:10:20.821 | DEBUG    | app.data.universe_scanner:refresh:188 - UniverseScanner: ATR failed for APLD/USDT
2026-07-24 18:10:21.161 | DEBUG    | app.data.universe_scanner:refresh:188 - UniverseScanner: ATR failed for XLK/USDT
2026-07-24 18:10:22.703 | DEBUG    | app.data.universe_scanner:refresh:188 - UniverseScanner: ATR failed for APPSTOCK/USDT
2026-07-24 18:10:22.703 | DEBUG    | app.data.universe_scanner:refresh:188 - UniverseScanner: ATR failed for TLM/USDT
2026-07-24 18:10:23.012 | DEBUG    | app.data.universe_scanner:refresh:188 - UniverseScanner: ATR failed for ONDS/USDT
2026-07-24 18:10:23.012 | DEBUG    | app.data.universe_scanner:refresh:188 - UniverseScanner: ATR failed for WENSTOCK/USDT
2026-07-24 18:10:23.322 | DEBUG    | app.data.universe_scanner:refresh:188 - UniverseScanner: ATR failed for QQQ/USDT
2026-07-24 18:10:23.322 | DEBUG    | app.data.universe_scanner:refresh:188 - UniverseScanner: ATR failed for DASH/USDT
2026-07-24 18:10:23.630 | DEBUG    | app.data.universe_scanner:refresh:188 - UniverseScanner: ATR failed for PAXG/USDT
2026-07-24 18:10:23.945 | INFO     | app.data.universe_scanner:refresh:232 - UniverseScanner: refreshed — %d symbols, top=%s (score=%.3f)
{"ts":"2026-07-24 18:10:57,057","level":"INFO","logger":"app.data_engine.redis_publisher","msg":"published 1 candles to bybit:SPCX/USDT:1h"}
{"ts":"2026-07-24 18:10:57,102","level":"INFO","logger":"app.data_engine.redis_publisher","msg":"published 1 candles to bybit:BLESS/USDT:1h"}
{"ts":"2026-07-24 18:11:05,149","level":"INFO","logger":"app.data_engine.redis_publisher","msg":"published 1 candles to bybit:RE/USDT:1h"}
{"ts":"2026-07-24 18:11:05,420","level":"INFO","logger":"app.data_engine.redis_publisher","msg":"published 1 candles to bybit:AKE/USDT:1h"}
{"ts":"2026-07-24 18:11:05,657","level":"INFO","logger":"app.data_engine.redis_publisher","msg":"published 1 candles to bybit:B2/USDT:1h"}
{"ts":"2026-07-24 18:11:05,939","level":"INFO","logger":"app.data_engine.redis_publisher","msg":"published 1 candles to bybit:DEXE/USDT:1h"}
{"ts":"2026-07-24 18:11:06,269","level":"INFO","logger":"app.data_engine.redis_publisher","msg":"published 1 candles to bybit:TOWNS/USDT:1h"}
{"ts":"2026-07-24 18:11:06,550","level":"INFO","logger":"app.data_engine.redis_publisher","msg":"published 1 candles to bybit:ESPORTS/USDT:1h"}
{"ts":"2026-07-24 18:11:06,677","level":"INFO","logger":"app.data_engine.redis_publisher","msg":"published 1 candles to bybit:BANK/USDT:1h"}
{"ts":"2026-07-24 18:11:06,849","level":"INFO","logger":"app.data_engine.redis_publisher","msg":"published 1 candles to bybit:CAP/USDT:1h"}
{"ts":"2026-07-24 18:11:07,005","level":"INFO","logger":"app.data_engine.redis_publisher","msg":"published 1 candles to bybit:APR/USDT:1h"}
{"ts":"2026-07-24 18:11:07,150","level":"INFO","logger":"app.data_engine.redis_publisher","msg":"published 1 candles to bybit:ACE/USDT:1h"}
{"ts":"2026-07-24 18:11:07,250","level":"INFO","logger":"app.data_engine.redis_publisher","msg":"published 1 candles to bybit:TNSR/USDT:1h"}
{"ts":"2026-07-24 18:11:07,482","level":"INFO","logger":"app.data_engine.redis_publisher","msg":"published 1 candles to bybit:GWEI/USDT:1h"}
{"ts":"2026-07-24 18:11:07,588","level":"INFO","logger":"app.data_engine.redis_publisher","msg":"published 1 candles to bybit:BEAM/USDT:1h"}
{"ts":"2026-07-24 18:11:07,588","level":"INFO","logger":"app.data_engine.redis_publisher","msg":"published 1 candles to bybit:BTC/USDT:1h"}
{"ts":"2026-07-24 18:11:07,780","level":"INFO","logger":"app.data_engine.redis_publisher","msg":"published 1 candles to bybit:ETH/USDT:1h"}
{"ts":"2026-07-24 18:11:07,900","level":"INFO","logger":"app.data_engine.redis_publisher","msg":"published 1 candles to bybit:SOL/USDT:1h"}
{"ts":"2026-07-24 18:11:07,917","level":"INFO","logger":"app.data_engine.redis_publisher","msg":"published 1 candles to bybit:PLAYSOUT/USDT:1h"}
{"ts":"2026-07-24 18:11:07,981","level":"INFO","logger":"app.data_engine.redis_publisher","msg":"published 1 candles to bybit:SOXL/USDT:1h"}
{"ts":"2026-07-24 18:11:08,096","level":"INFO","logger":"app.data_engine.redis_publisher","msg":"published 1 candles to bybit:SNXX/USDT:1h"}
{"ts":"2026-07-24 18:11:08,182","level":"INFO","logger":"app.data_engine.redis_publisher","msg":"published 1 candles to bybit:SNDK/USDT:1h"}
{"ts":"2026-07-24 18:11:08,286","level":"INFO","logger":"app.data_engine.redis_publisher","msg":"published 1 candles to bybit:XRP/USDT:1h"}
{"ts":"2026-07-24 18:11:08,381","level":"INFO","logger":"app.data_engine.redis_publisher","msg":"published 1 candles to bybit:HYPE/USDT:1h"}
{"ts":"2026-07-24 18:11:08,481","level":"INFO","logger":"app.data_engine.redis_publisher","msg":"published 1 candles to bybit:MU/USDT:1h"}
{"ts":"2026-07-24 18:11:08,581","level":"INFO","logger":"app.data_engine.redis_publisher","msg":"published 1 candles to bybit:KORU/USDT:1h"}
{"ts":"2026-07-24 18:11:08,682","level":"INFO","logger":"app.data_engine.redis_publisher","msg":"published 1 candles to bybit:SKHY/USDT:1h"}
{"ts":"2026-07-24 18:11:08,784","level":"INFO","logger":"app.data_engine.redis_publisher","msg":"published 1 candles to bybit:SKHYNIX/USDT:1h"}
{"ts":"2026-07-24 18:11:08,883","level":"INFO","logger":"app.data_engine.redis_publisher","msg":"published 1 candles to bybit:BEAT/USDT:1h"}
{"ts":"2026-07-24 18:11:08,989","level":"INFO","logger":"app.data_engine.redis_publisher","msg":"published 1 candles to bybit:CL/USDT:1h"}
{"ts":"2026-07-24 18:11:09,081","level":"INFO","logger":"app.data_engine.redis_publisher","msg":"published 1 candles to bybit:AERGO/USDT:1h"}
{"ts":"2026-07-24 18:11:09,185","level":"INFO","logger":"app.data_engine.redis_publisher","msg":"published 1 candles to bybit:CBRS/USDT:1h"}
{"ts":"2026-07-24 18:11:09,279","level":"INFO","logger":"app.data_engine.redis_publisher","msg":"published 1 candles to bybit:DOGE/USDT:1h"}
{"ts":"2026-07-24 18:11:09,381","level":"INFO","logger":"app.data_engine.redis_publisher","msg":"published 1 candles to bybit:ZEC/USDT:1h"}
{"ts":"2026-07-24 18:11:09,484","level":"INFO","logger":"app.data_engine.redis_publisher","msg":"published 1 candles to bybit:XAU/USDT:1h"}
{"ts":"2026-07-24 18:11:09,582","level":"INFO","logger":"app.data_engine.redis_publisher","msg":"published 1 candles to bybit:VELVET/USDT:1h"}
{"ts":"2026-07-24 18:11:09,684","level":"INFO","logger":"app.data_engine.redis_publisher","msg":"published 1 candles to bybit:NEAR/USDT:1h"}
{"ts":"2026-07-24 18:11:09,859","level":"INFO","logger":"app.data_engine.redis_publisher","msg":"published 1 candles to bybit:LA/USDT:1h"}
{"ts":"2026-07-24 18:11:09,883","level":"INFO","logger":"app.data_engine.redis_publisher","msg":"published 1 candles to bybit:INTC/USDT:1h"}
{"ts":"2026-07-24 18:11:09,981","level":"INFO","logger":"app.data_engine.redis_publisher","msg":"published 1 candles to bybit:KAITO/USDT:1h"}
{"ts":"2026-07-24 18:11:57,954","level":"INFO","logger":"app.data_engine.redis_publisher","msg":"published 1 candles to bybit:SPCX/USDT:1h"}
{"ts":"2026-07-24 18:11:57,967","level":"INFO","logger":"app.data_engine.redis_publisher","msg":"published 1 candles to bybit:BLESS/USDT:1h"}
{"ts":"2026-07-24 18:12:05,465","level":"INFO","logger":"app.data_engine.redis_publisher","msg":"published 1 candles to bybit:RE/USDT:1h"}
{"ts":"2026-07-24 18:12:05,763","level":"INFO","logger":"app.data_engine.redis_publisher","msg":"published 1 candles to bybit:AKE/USDT:1h"}
{"ts":"2026-07-24 18:12:05,967","level":"INFO","logger":"app.data_engine.redis_publisher","msg":"published 1 candles to bybit:B2/USDT:1h"}
{"ts":"2026-07-24 18:12:06,250","level":"INFO","logger":"app.data_engine.redis_publisher","msg":"published 1 candles to bybit:DEXE/USDT:1h"}
{"ts":"2026-07-24 18:12:06,578","level":"INFO","logger":"app.data_engine.redis_publisher","msg":"published 1 candles to bybit:TOWNS/USDT:1h"}
{"ts":"2026-07-24 18:12:06,860","level":"INFO","logger":"app.data_engine.redis_publisher","msg":"published 1 candles to bybit:ESPORTS/USDT:1h"}
{"ts":"2026-07-24 18:12:07,164","level":"INFO","logger":"app.data_engine.redis_publisher","msg":"published 1 candles to bybit:CAP/USDT:1h"}
{"ts":"2026-07-24 18:12:07,171","level":"INFO","logger":"app.data_engine.redis_publisher","msg":"published 1 candles to bybit:BANK/USDT:1h"}
{"ts":"2026-07-24 18:12:07,460","level":"INFO","logger":"app.data_engine.redis_publisher","msg":"published 1 candles to bybit:ACE/USDT:1h"}
{"ts":"2026-07-24 18:12:07,567","level":"INFO","logger":"app.data_engine.redis_publisher","msg":"published 1 candles to bybit:APR/USDT:1h"}
{"ts":"2026-07-24 18:12:07,571","level":"INFO","logger":"app.data_engine.redis_publisher","msg":"published 1 candles to bybit:TNSR/USDT:1h"}
{"ts":"2026-07-24 18:12:07,795","level":"INFO","logger":"app.data_engine.redis_publisher","msg":"published 1 candles to bybit:GWEI/USDT:1h"}
{"ts":"2026-07-24 18:12:07,947","level":"INFO","logger":"app.data_engine.redis_publisher","msg":"published 1 candles to bybit:BEAM/USDT:1h"}
{"ts":"2026-07-24 18:12:08,004","level":"INFO","logger":"app.data_engine.redis_publisher","msg":"published 1 candles to bybit:BTC/USDT:1h"}
{"ts":"2026-07-24 18:12:08,110","level":"INFO","logger":"app.data_engine.redis_publisher","msg":"published 1 candles to bybit:ETH/USDT:1h"}
{"ts":"2026-07-24 18:12:08,269","level":"INFO","logger":"app.data_engine.redis_publisher","msg":"published 1 candles to bybit:SOL/USDT:1h"}
{"ts":"2026-07-24 18:12:08,355","level":"INFO","logger":"app.data_engine.redis_publisher","msg":"published 1 candles to bybit:PLAYSOUT/USDT:1h"}
{"ts":"2026-07-24 18:12:08,458","level":"INFO","logger":"app.data_engine.redis_publisher","msg":"published 1 candles to bybit:SOXL/USDT:1h"}
{"ts":"2026-07-24 18:12:08,558","level":"INFO","logger":"app.data_engine.redis_publisher","msg":"published 1 candles to bybit:SNXX/USDT:1h"}
{"ts":"2026-07-24 18:12:08,655","level":"INFO","logger":"app.data_engine.redis_publisher","msg":"published 1 candles to bybit:SNDK/USDT:1h"}
{"ts":"2026-07-24 18:12:08,760","level":"INFO","logger":"app.data_engine.redis_publisher","msg":"published 1 candles to bybit:XRP/USDT:1h"}
{"ts":"2026-07-24 18:12:08,886","level":"INFO","logger":"app.data_engine.redis_publisher","msg":"published 1 candles to bybit:HYPE/USDT:1h"}
{"ts":"2026-07-24 18:12:09,010","level":"INFO","logger":"app.data_engine.redis_publisher","msg":"published 1 candles to bybit:MU/USDT:1h"}
{"ts":"2026-07-24 18:12:09,062","level":"INFO","logger":"app.data_engine.redis_publisher","msg":"published 1 candles to bybit:KORU/USDT:1h"}
{"ts":"2026-07-24 18:12:09,200","level":"INFO","logger":"app.data_engine.redis_publisher","msg":"published 1 candles to bybit:SKHY/USDT:1h"}
{"ts":"2026-07-24 18:12:09,294","level":"INFO","logger":"app.data_engine.redis_publisher","msg":"published 1 candles to bybit:SKHYNIX/USDT:1h"}
{"ts":"2026-07-24 18:12:09,495","level":"INFO","logger":"app.data_engine.redis_publisher","msg":"published 1 candles to bybit:BEAT/USDT:1h"}
{"ts":"2026-07-24 18:12:09,507","level":"INFO","logger":"app.data_engine.redis_publisher","msg":"published 1 candles to bybit:CL/USDT:1h"}
{"ts":"2026-07-24 18:12:10,065","level":"INFO","logger":"app.data_engine.redis_publisher","msg":"published 1 candles to bybit:AERGO/USDT:1h"}
{"ts":"2026-07-24 18:12:10,065","level":"INFO","logger":"app.data_engine.redis_publisher","msg":"published 1 candles to bybit:CBRS/USDT:1h"}
{"ts":"2026-07-24 18:12:10,267","level":"INFO","logger":"app.data_engine.redis_publisher","msg":"published 1 candles to bybit:DOGE/USDT:1h"}
{"ts":"2026-07-24 18:12:10,286","level":"INFO","logger":"app.data_engine.redis_publisher","msg":"published 1 candles to bybit:ZEC/USDT:1h"}
{"ts":"2026-07-24 18:12:10,395","level":"INFO","logger":"app.data_engine.redis_publisher","msg":"published 1 candles to bybit:XAU/USDT:1h"}
{"ts":"2026-07-24 18:12:10,507","level":"INFO","logger":"app.data_engine.redis_publisher","msg":"published 1 candles to bybit:VELVET/USDT:1h"}
{"ts":"2026-07-24 18:12:10,669","level":"INFO","logger":"app.data_engine.redis_publisher","msg":"published 1 candles to bybit:LA/USDT:1h"}
{"ts":"2026-07-24 18:12:10,847","level":"INFO","logger":"app.data_engine.redis_publisher","msg":"published 1 candles to bybit:INTC/USDT:1h"}
{"ts":"2026-07-24 18:12:10,848","level":"INFO","logger":"app.data_engine.redis_publisher","msg":"published 1 candles to bybit:NEAR/USDT:1h"}
{"ts":"2026-07-24 18:12:11,489","level":"INFO","logger":"app.data_engine.redis_publisher","msg":"published 1 candles to bybit:KAITO/USDT:1h"}
{"ts":"2026-07-24 18:12:58,513","level":"INFO","logger":"app.data_engine.redis_publisher","msg":"published 1 candles to bybit:SPCX/USDT:1h"}
{"ts":"2026-07-24 18:12:58,608","level":"INFO","logger":"app.data_engine.redis_publisher","msg":"published 1 candles to bybit:BLESS/USDT:1h"}
{"ts":"2026-07-24 18:13:05,855","level":"INFO","logger":"app.data_engine.redis_publisher","msg":"published 1 candles to bybit:RE/USDT:1h"}
{"ts":"2026-07-24 18:13:06,081","level":"INFO","logger":"app.data_engine.redis_publisher","msg":"published 1 candles to bybit:AKE/USDT:1h"}
{"ts":"2026-07-24 18:13:06,278","level":"INFO","logger":"app.data_engine.redis_publisher","msg":"published 1 candles to bybit:B2/USDT:1h"}
{"ts":"2026-07-24 18:13:06,564","level":"INFO","logger":"app.data_engine.redis_publisher","msg":"published 1 candles to bybit:DEXE/USDT:1h"}
{"ts":"2026-07-24 18:13:06,890","level":"INFO","logger":"app.data_engine.redis_publisher","msg":"published 1 candles to bybit:TOWNS/USDT:1h"}
{"ts":"2026-07-24 18:13:07,171","level":"INFO","logger":"app.data_engine.redis_publisher","msg":"published 1 candles to bybit:ESPORTS/USDT:1h"}
{"ts":"2026-07-24 18:13:07,479","level":"INFO","logger":"app.data_engine.redis_publisher","msg":"published 1 candles to bybit:CAP/USDT:1h"}
{"ts":"2026-07-24 18:13:07,580","level":"INFO","logger":"app.data_engine.redis_publisher","msg":"published 1 candles to bybit:BANK/USDT:1h"}
{"ts":"2026-07-24 18:13:07,772","level":"INFO","logger":"app.data_engine.redis_publisher","msg":"published 1 candles to bybit:ACE/USDT:1h"}
{"ts":"2026-07-24 18:13:07,900","level":"INFO","logger":"app.data_engine.redis_publisher","msg":"published 1 candles to bybit:APR/USDT:1h"}
{"ts":"2026-07-24 18:13:08,000","level":"INFO","logger":"app.data_engine.redis_publisher","msg":"published 1 candles to bybit:TNSR/USDT:1h"}
{"ts":"2026-07-24 18:13:08,289","level":"INFO","logger":"app.data_engine.redis_publisher","msg":"published 1 candles to bybit:BEAM/USDT:1h"}
{"ts":"2026-07-24 18:13:08,330","level":"INFO","logger":"app.data_engine.redis_publisher","msg":"published 1 candles to bybit:GWEI/USDT:1h"}
{"ts":"2026-07-24 18:13:08,388","level":"INFO","logger":"app.data_engine.redis_publisher","msg":"published 1 candles to bybit:BTC/USDT:1h"}
{"ts":"2026-07-24 18:13:08,592","level":"INFO","logger":"app.data_engine.redis_publisher","msg":"published 1 candles to bybit:SOL/USDT:1h"}
{"ts":"2026-07-24 18:13:08,736","level":"INFO","logger":"app.data_engine.redis_publisher","msg":"published 1 candles to bybit:PLAYSOUT/USDT:1h"}
{"ts":"2026-07-24 18:13:08,745","level":"INFO","logger":"app.data_engine.redis_publisher","msg":"published 1 candles to bybit:ETH/USDT:1h"}
{"ts":"2026-07-24 18:13:08,798","level":"INFO","logger":"app.data_engine.redis_publisher","msg":"published 1 candles to bybit:SOXL/USDT:1h"}
{"ts":"2026-07-24 18:13:08,923","level":"INFO","logger":"app.data_engine.redis_publisher","msg":"published 1 candles to bybit:SNXX/USDT:1h"}
{"ts":"2026-07-24 18:13:08,998","level":"INFO","logger":"app.data_engine.redis_publisher","msg":"published 1 candles to bybit:SNDK/USDT:1h"}
{"ts":"2026-07-24 18:13:09,092","level":"INFO","logger":"app.data_engine.redis_publisher","msg":"published 1 candles to bybit:XRP/USDT:1h"}
{"ts":"2026-07-24 18:13:09,272","level":"INFO","logger":"app.data_engine.redis_publisher","msg":"published 1 candles to bybit:HYPE/USDT:1h"}
{"ts":"2026-07-24 18:13:09,371","level":"INFO","logger":"app.data_engine.redis_publisher","msg":"published 1 candles to bybit:MU/USDT:1h"}
{"ts":"2026-07-24 18:13:09,473","level":"INFO","logger":"app.data_engine.redis_publisher","msg":"published 1 candles to bybit:KORU/USDT:1h"}
{"ts":"2026-07-24 18:13:09,572","level":"INFO","logger":"app.data_engine.redis_publisher","msg":"published 1 candles to bybit:SKHY/USDT:1h"}
{"ts":"2026-07-24 18:13:09,787","level":"INFO","logger":"app.data_engine.redis_publisher","msg":"published 1 candles to bybit:SKHYNIX/USDT:1h"}
{"ts":"2026-07-24 18:13:10,417","level":"INFO","logger":"app.data_engine.redis_publisher","msg":"published 1 candles to bybit:BEAT/USDT:1h"}
{"ts":"2026-07-24 18:13:10,518","level":"INFO","logger":"app.data_engine.redis_publisher","msg":"published 1 candles to bybit:CL/USDT:1h"}
{"ts":"2026-07-24 18:13:10,617","level":"INFO","logger":"app.data_engine.redis_publisher","msg":"published 1 candles to bybit:AERGO/USDT:1h"}
{"ts":"2026-07-24 18:13:10,742","level":"INFO","logger":"app.data_engine.redis_publisher","msg":"published 1 candles to bybit:DOGE/USDT:1h"}
{"ts":"2026-07-24 18:13:10,830","level":"INFO","logger":"app.data_engine.redis_publisher","msg":"published 1 candles to bybit:ZEC/USDT:1h"}
{"ts":"2026-07-24 18:13:10,926","level":"INFO","logger":"app.data_engine.redis_publisher","msg":"published 1 candles to bybit:CBRS/USDT:1h"}
{"ts":"2026-07-24 18:13:11,029","level":"INFO","logger":"app.data_engine.redis_publisher","msg":"published 1 candles to bybit:XAU/USDT:1h"}
{"ts":"2026-07-24 18:13:11,120","level":"INFO","logger":"app.data_engine.redis_publisher","msg":"published 1 candles to bybit:VELVET/USDT:1h"}
{"ts":"2026-07-24 18:13:11,219","level":"INFO","logger":"app.data_engine.redis_publisher","msg":"published 1 candles to bybit:LA/USDT:1h"}
{"ts":"2026-07-24 18:13:11,319","level":"INFO","logger":"app.data_engine.redis_publisher","msg":"published 1 candles to bybit:INTC/USDT:1h"}
{"ts":"2026-07-24 18:13:11,419","level":"INFO","logger":"app.data_engine.redis_publisher","msg":"published 1 candles to bybit:NEAR/USDT:1h"}
{"ts":"2026-07-24 18:13:11,869","level":"INFO","logger":"app.data_engine.redis_publisher","msg":"published 1 candles to bybit:KAITO/USDT:1h"}
{"ts":"2026-07-24 18:13:59,414","level":"INFO","logger":"app.data_engine.redis_publisher","msg":"published 1 candles to bybit:SPCX/USDT:1h"}
{"ts":"2026-07-24 18:13:59,414","level":"INFO","logger":"app.data_engine.redis_publisher","msg":"published 1 candles to bybit:BLESS/USDT:1h"}
{"ts":"2026-07-24 18:14:06,168","level":"INFO","logger":"app.data_engine.redis_publisher","msg":"published 1 candles to bybit:RE/USDT:1h"}
{"ts":"2026-07-24 18:14:06,392","level":"INFO","logger":"app.data_engine.redis_publisher","msg":"published 1 candles to bybit:AKE/USDT:1h"}
{"ts":"2026-07-24 18:14:06,593","level":"INFO","logger":"app.data_engine.redis_publisher","msg":"published 1 candles to bybit:B2/USDT:1h"}
{"ts":"2026-07-24 18:14:06,879","level":"INFO","logger":"app.data_engine.redis_publisher","msg":"published 1 candles to bybit:DEXE/USDT:1h"}
{"ts":"2026-07-24 18:14:07,198","level":"INFO","logger":"app.data_engine.redis_publisher","msg":"published 1 candles to bybit:TOWNS/USDT:1h"}
{"ts":"2026-07-24 18:14:07,482","level":"INFO","logger":"app.data_engine.redis_publisher","msg":"published 1 candles to bybit:ESPORTS/USDT:1h"}
{"ts":"2026-07-24 18:14:07,788","level":"INFO","logger":"app.data_engine.redis_publisher","msg":"published 1 candles to bybit:CAP/USDT:1h"}
{"ts":"2026-07-24 18:14:07,892","level":"INFO","logger":"app.data_engine.redis_publisher","msg":"published 1 candles to bybit:BANK/USDT:1h"}
{"ts":"2026-07-24 18:14:08,082","level":"INFO","logger":"app.data_engine.redis_publisher","msg":"published 1 candles to bybit:ACE/USDT:1h"}
{"ts":"2026-07-24 18:14:08,215","level":"INFO","logger":"app.data_engine.redis_publisher","msg":"published 1 candles to bybit:APR/USDT:1h"}
{"ts":"2026-07-24 18:14:08,315","level":"INFO","logger":"app.data_engine.redis_publisher","msg":"published 1 candles to bybit:TNSR/USDT:1h"}
{"ts":"2026-07-24 18:14:08,600","level":"INFO","logger":"app.data_engine.redis_publisher","msg":"published 1 candles to bybit:BEAM/USDT:1h"}
{"ts":"2026-07-24 18:14:08,698","level":"INFO","logger":"app.data_engine.redis_publisher","msg":"published 1 candles to bybit:GWEI/USDT:1h"}
{"ts":"2026-07-24 18:14:08,919","level":"INFO","logger":"app.data_engine.redis_publisher","msg":"published 1 candles to bybit:SOL/USDT:1h"}
{"ts":"2026-07-24 18:14:09,028","level":"INFO","logger":"app.data_engine.redis_publisher","msg":"published 1 candles to bybit:BTC/USDT:1h"}
{"ts":"2026-07-24 18:14:09,058","level":"INFO","logger":"app.data_engine.redis_publisher","msg":"published 1 candles to bybit:PLAYSOUT/USDT:1h"}
{"ts":"2026-07-24 18:14:09,165","level":"INFO","logger":"app.data_engine.redis_publisher","msg":"published 1 candles to bybit:ETH/USDT:1h"}
{"ts":"2026-07-24 18:14:09,259","level":"INFO","logger":"app.data_engine.redis_publisher","msg":"published 1 candles to bybit:SOXL/USDT:1h"}
{"ts":"2026-07-24 18:14:09,361","level":"INFO","logger":"app.data_engine.redis_publisher","msg":"published 1 candles to bybit:SNXX/USDT:1h"}
{"ts":"2026-07-24 18:14:09,460","level":"INFO","logger":"app.data_engine.redis_publisher","msg":"published 1 candles to bybit:SNDK/USDT:1h"}
{"ts":"2026-07-24 18:14:09,558","level":"INFO","logger":"app.data_engine.redis_publisher","msg":"published 1 candles to bybit:XRP/USDT:1h"}
{"ts":"2026-07-24 18:14:09,658","level":"INFO","logger":"app.data_engine.redis_publisher","msg":"published 1 candles to bybit:HYPE/USDT:1h"}
{"ts":"2026-07-24 18:14:09,758","level":"INFO","logger":"app.data_engine.redis_publisher","msg":"published 1 candles to bybit:MU/USDT:1h"}
{"ts":"2026-07-24 18:14:09,858","level":"INFO","logger":"app.data_engine.redis_publisher","msg":"published 1 candles to bybit:KORU/USDT:1h"}
{"ts":"2026-07-24 18:14:09,959","level":"INFO","logger":"app.data_engine.redis_publisher","msg":"published 1 candles to bybit:SKHY/USDT:1h"}
{"ts":"2026-07-24 18:14:10,099","level":"INFO","logger":"app.data_engine.redis_publisher","msg":"published 1 candles to bybit:SKHYNIX/USDT:1h"}
{"ts":"2026-07-24 18:14:10,730","level":"INFO","logger":"app.data_engine.redis_publisher","msg":"published 1 candles to bybit:BEAT/USDT:1h"}
{"ts":"2026-07-24 18:14:10,831","level":"INFO","logger":"app.data_engine.redis_publisher","msg":"published 1 candles to bybit:CL/USDT:1h"}
{"ts":"2026-07-24 18:14:10,930","level":"INFO","logger":"app.data_engine.redis_publisher","msg":"published 1 candles to bybit:AERGO/USDT:1h"}
{"ts":"2026-07-24 18:14:11,061","level":"INFO","logger":"app.data_engine.redis_publisher","msg":"published 1 candles to bybit:DOGE/USDT:1h"}
{"ts":"2026-07-24 18:14:11,170","level":"INFO","logger":"app.data_engine.redis_publisher","msg":"published 1 candles to bybit:ZEC/USDT:1h"}
{"ts":"2026-07-24 18:14:11,266","level":"INFO","logger":"app.data_engine.redis_publisher","msg":"published 1 candles to bybit:CBRS/USDT:1h"}
{"ts":"2026-07-24 18:14:11,368","level":"INFO","logger":"app.data_engine.redis_publisher","msg":"published 1 candles to bybit:XAU/USDT:1h"}
{"ts":"2026-07-24 18:14:11,466","level":"INFO","logger":"app.data_engine.redis_publisher","msg":"published 1 candles to bybit:VELVET/USDT:1h"}
{"ts":"2026-07-24 18:14:11,618","level":"INFO","logger":"app.data_engine.redis_publisher","msg":"published 1 candles to bybit:LA/USDT:1h"}
{"ts":"2026-07-24 18:14:11,669","level":"INFO","logger":"app.data_engine.redis_publisher","msg":"published 1 candles to bybit:INTC/USDT:1h"}
{"ts":"2026-07-24 18:14:11,771","level":"INFO","logger":"app.data_engine.redis_publisher","msg":"published 1 candles to bybit:NEAR/USDT:1h"}
{"ts":"2026-07-24 18:14:12,180","level":"INFO","logger":"app.data_engine.redis_publisher","msg":"published 1 candles to bybit:KAITO/USDT:1h"}
{"ts":"2026-07-24 18:14:56,382","level":"INFO","logger":"app.data_engine.exchange_connector","msg":"fetched 2160 candles for ORDER/USDT 1h (90 days)"}
{"ts":"2026-07-24 18:14:57,071","level":"INFO","logger":"app.data_engine.redis_publisher","msg":"published 10 candles to bybit:ORDER/USDT:1h"}
{"ts":"2026-07-24 18:14:58,367","level":"INFO","logger":"app.data_engine.exchange_connector","msg":"fetched 2160 candles for HEMI/USDT 1h (90 days)"}
{"ts":"2026-07-24 18:14:58,726","level":"INFO","logger":"app.data_engine.redis_publisher","msg":"published 10 candles to bybit:HEMI/USDT:1h"}
{"ts":"2026-07-24 18:14:59,728","level":"INFO","logger":"app.data_engine.redis_publisher","msg":"published 1 candles to bybit:BLESS/USDT:1h"}
{"ts":"2026-07-24 18:14:59,826","level":"INFO","logger":"app.data_engine.redis_publisher","msg":"published 1 candles to bybit:SPCX/USDT:1h"}
{"ts":"2026-07-24 18:15:06,481","level":"INFO","logger":"app.data_engine.redis_publisher","msg":"published 1 candles to bybit:RE/USDT:1h"}
{"ts":"2026-07-24 18:15:06,891","level":"INFO","logger":"app.data_engine.redis_publisher","msg":"published 1 candles to bybit:AKE/USDT:1h"}
{"ts":"2026-07-24 18:15:06,903","level":"INFO","logger":"app.data_engine.redis_publisher","msg":"published 1 candles to bybit:B2/USDT:1h"}
{"ts":"2026-07-24 18:15:07,473","level":"INFO","logger":"app.data_engine.redis_publisher","msg":"published 1 candles to bybit:DEXE/USDT:1h"}
{"ts":"2026-07-24 18:15:07,508","level":"INFO","logger":"app.data_engine.redis_publisher","msg":"published 1 candles to bybit:TOWNS/USDT:1h"}
{"ts":"2026-07-24 18:15:07,794","level":"INFO","logger":"app.data_engine.redis_publisher","msg":"published 1 candles to bybit:ESPORTS/USDT:1h"}
{"ts":"2026-07-24 18:15:08,097","level":"INFO","logger":"app.data_engine.redis_publisher","msg":"published 1 candles to bybit:CAP/USDT:1h"}
{"ts":"2026-07-24 18:15:08,235","level":"INFO","logger":"app.data_engine.redis_publisher","msg":"published 1 candles to bybit:BANK/USDT:1h"}
{"ts":"2026-07-24 18:15:08,392","level":"INFO","logger":"app.data_engine.redis_publisher","msg":"published 1 candles to bybit:ACE/USDT:1h"}
{"ts":"2026-07-24 18:15:08,535","level":"INFO","logger":"app.data_engine.redis_publisher","msg":"published 1 candles to bybit:APR/USDT:1h"}
{"ts":"2026-07-24 18:15:08,908","level":"INFO","logger":"app.data_engine.redis_publisher","msg":"published 1 candles to bybit:BEAM/USDT:1h"}
{"ts":"2026-07-24 18:15:09,032","level":"INFO","logger":"app.data_engine.redis_publisher","msg":"published 1 candles to bybit:GWEI/USDT:1h"}
{"ts":"2026-07-24 18:15:09,253","level":"INFO","logger":"app.data_engine.redis_publisher","msg":"published 1 candles to bybit:SOL/USDT:1h"}
{"ts":"2026-07-24 18:15:09,342","level":"INFO","logger":"app.data_engine.redis_publisher","msg":"published 1 candles to bybit:BTC/USDT:1h"}
{"ts":"2026-07-24 18:15:09,542","level":"INFO","logger":"app.data_engine.redis_publisher","msg":"published 1 candles to bybit:ETH/USDT:1h"}
{"ts":"2026-07-24 18:15:09,639","level":"INFO","logger":"app.data_engine.redis_publisher","msg":"published 1 candles to bybit:SOXL/USDT:1h"}
{"ts":"2026-07-24 18:15:09,839","level":"INFO","logger":"app.data_engine.redis_publisher","msg":"published 1 candles to bybit:SNDK/USDT:1h"}
{"ts":"2026-07-24 18:15:09,939","level":"INFO","logger":"app.data_engine.redis_publisher","msg":"published 1 candles to bybit:XRP/USDT:1h"}
{"ts":"2026-07-24 18:15:10,019","level":"INFO","logger":"app.data_engine.redis_publisher","msg":"published 1 candles to bybit:PLAYSOUT/USDT:1h"}
{"ts":"2026-07-24 18:15:10,021","level":"INFO","logger":"app.data_engine.redis_publisher","msg":"published 1 candles to bybit:SNXX/USDT:1h"}
{"ts":"2026-07-24 18:15:10,141","level":"INFO","logger":"app.data_engine.redis_publisher","msg":"published 1 candles to bybit:MU/USDT:1h"}
{"ts":"2026-07-24 18:15:10,240","level":"INFO","logger":"app.data_engine.redis_publisher","msg":"published 1 candles to bybit:KORU/USDT:1h"}
{"ts":"2026-07-24 18:15:10,265","level":"INFO","logger":"app.data_engine.redis_publisher","msg":"published 1 candles to bybit:HYPE/USDT:1h"}
{"ts":"2026-07-24 18:15:10,340","level":"INFO","logger":"app.data_engine.redis_publisher","msg":"published 1 candles to bybit:SKHY/USDT:1h"}
{"ts":"2026-07-24 18:15:10,439","level":"INFO","logger":"app.data_engine.redis_publisher","msg":"published 1 candles to bybit:SKHYNIX/USDT:1h"}
{"ts":"2026-07-24 18:15:11,040","level":"INFO","logger":"app.data_engine.redis_publisher","msg":"published 1 candles to bybit:BEAT/USDT:1h"}
{"ts":"2026-07-24 18:15:11,141","level":"INFO","logger":"app.data_engine.redis_publisher","msg":"published 1 candles to bybit:CL/USDT:1h"}
{"ts":"2026-07-24 18:15:11,240","level":"INFO","logger":"app.data_engine.redis_publisher","msg":"published 1 candles to bybit:AERGO/USDT:1h"}
{"ts":"2026-07-24 18:15:11,372","level":"INFO","logger":"app.data_engine.redis_publisher","msg":"published 1 candles to bybit:DOGE/USDT:1h"}
{"ts":"2026-07-24 18:15:11,495","level":"INFO","logger":"app.data_engine.redis_publisher","msg":"published 1 candles to bybit:ZEC/USDT:1h"}
{"ts":"2026-07-24 18:15:11,679","level":"INFO","logger":"app.data_engine.redis_publisher","msg":"published 1 candles to bybit:XAU/USDT:1h"}
{"ts":"2026-07-24 18:15:11,783","level":"INFO","logger":"app.data_engine.redis_publisher","msg":"published 1 candles to bybit:VELVET/USDT:1h"}
{"ts":"2026-07-24 18:15:11,932","level":"INFO","logger":"app.data_engine.redis_publisher","msg":"published 1 candles to bybit:LA/USDT:1h"}
{"ts":"2026-07-24 18:15:12,032","level":"INFO","logger":"app.data_engine.redis_publisher","msg":"published 1 candles to bybit:INTC/USDT:1h"}
{"ts":"2026-07-24 18:15:12,132","level":"INFO","logger":"app.data_engine.redis_publisher","msg":"published 1 candles to bybit:NEAR/USDT:1h"}
{"ts":"2026-07-24 18:15:12,507","level":"INFO","logger":"app.data_engine.redis_publisher","msg":"published 1 candles to bybit:KAITO/USDT:1h"}
{"ts":"2026-07-24 18:15:58,117","level":"INFO","logger":"app.data_engine.redis_publisher","msg":"published 1 candles to bybit:ORDER/USDT:1h"}
{"ts":"2026-07-24 18:15:59,040","level":"INFO","logger":"app.data_engine.redis_publisher","msg":"published 1 candles to bybit:HEMI/USDT:1h"}
{"ts":"2026-07-24 18:16:00,174","level":"INFO","logger":"app.data_engine.redis_publisher","msg":"published 1 candles to bybit:BLESS/USDT:1h"}
{"ts":"2026-07-24 18:16:00,486","level":"INFO","logger":"app.data_engine.redis_publisher","msg":"published 1 candles to bybit:SPCX/USDT:1h"}
{"ts":"2026-07-24 18:16:06,791","level":"INFO","logger":"app.data_engine.redis_publisher","msg":"published 1 candles to bybit:RE/USDT:1h"}
{"ts":"2026-07-24 18:16:07,203","level":"INFO","logger":"app.data_engine.redis_publisher","msg":"published 1 candles to bybit:AKE/USDT:1h"}
{"ts":"2026-07-24 18:16:07,302","level":"INFO","logger":"app.data_engine.redis_publisher","msg":"published 1 candles to bybit:B2/USDT:1h"}
{"ts":"2026-07-24 18:16:07,786","level":"INFO","logger":"app.data_engine.redis_publisher","msg":"published 1 candles to bybit:DEXE/USDT:1h"}
{"ts":"2026-07-24 18:16:07,885","level":"INFO","logger":"app.data_engine.redis_publisher","msg":"published 1 candles to bybit:TOWNS/USDT:1h"}
{"ts":"2026-07-24 18:16:08,112","level":"INFO","logger":"app.data_engine.redis_publisher","msg":"published 1 candles to bybit:ESPORTS/USDT:1h"}
{"ts":"2026-07-24 18:16:08,408","level":"INFO","logger":"app.data_engine.redis_publisher","msg":"published 1 candles to bybit:CAP/USDT:1h"}
{"ts":"2026-07-24 18:16:08,553","level":"INFO","logger":"app.data_engine.redis_publisher","msg":"published 1 candles to bybit:BANK/USDT:1h"}
{"ts":"2026-07-24 18:16:08,699","level":"INFO","logger":"app.data_engine.redis_publisher","msg":"published 1 candles to bybit:ACE/USDT:1h"}
{"ts":"2026-07-24 18:16:08,851","level":"INFO","logger":"app.data_engine.redis_publisher","msg":"published 1 candles to bybit:APR/USDT:1h"}
{"ts":"2026-07-24 18:16:09,217","level":"INFO","logger":"app.data_engine.redis_publisher","msg":"published 1 candles to bybit:BEAM/USDT:1h"}
{"ts":"2026-07-24 18:16:09,350","level":"INFO","logger":"app.data_engine.redis_publisher","msg":"published 1 candles to bybit:GWEI/USDT:1h"}
{"ts":"2026-07-24 18:16:09,561","level":"INFO","logger":"app.data_engine.redis_publisher","msg":"published 1 candles to bybit:SOL/USDT:1h"}
{"ts":"2026-07-24 18:16:09,661","level":"INFO","logger":"app.data_engine.redis_publisher","msg":"published 1 candles to bybit:BTC/USDT:1h"}
{"ts":"2026-07-24 18:16:09,855","level":"INFO","logger":"app.data_engine.redis_publisher","msg":"published 1 candles to bybit:ETH/USDT:1h"}
{"ts":"2026-07-24 18:16:09,955","level":"INFO","logger":"app.data_engine.redis_publisher","msg":"published 1 candles to bybit:SOXL/USDT:1h"}
{"ts":"2026-07-24 18:16:10,145","level":"INFO","logger":"app.data_engine.redis_publisher","msg":"published 1 candles to bybit:SNDK/USDT:1h"}
{"ts":"2026-07-24 18:16:10,249","level":"INFO","logger":"app.data_engine.redis_publisher","msg":"published 1 candles to bybit:XRP/USDT:1h"}
{"ts":"2026-07-24 18:16:10,447","level":"INFO","logger":"app.data_engine.redis_publisher","msg":"published 1 candles to bybit:SNXX/USDT:1h"}
{"ts":"2026-07-24 18:16:10,548","level":"INFO","logger":"app.data_engine.redis_publisher","msg":"published 1 candles to bybit:MU/USDT:1h"}
{"ts":"2026-07-24 18:16:10,579","level":"INFO","logger":"app.data_engine.redis_publisher","msg":"published 1 candles to bybit:PLAYSOUT/USDT:1h"}
{"ts":"2026-07-24 18:16:11,013","level":"INFO","logger":"app.data_engine.redis_publisher","msg":"published 1 candles to bybit:HYPE/USDT:1h"}
{"ts":"2026-07-24 18:16:11,032","level":"INFO","logger":"app.data_engine.redis_publisher","msg":"published 1 candles to bybit:SKHY/USDT:1h"}
{"ts":"2026-07-24 18:16:11,072","level":"INFO","logger":"app.data_engine.redis_publisher","msg":"published 1 candles to bybit:KORU/USDT:1h"}
{"ts":"2026-07-24 18:16:11,092","level":"INFO","logger":"app.data_engine.redis_publisher","msg":"published 1 candles to bybit:SKHYNIX/USDT:1h"}
{"ts":"2026-07-24 18:16:11,388","level":"INFO","logger":"app.data_engine.redis_publisher","msg":"published 1 candles to bybit:BEAT/USDT:1h"}
{"ts":"2026-07-24 18:16:11,484","level":"INFO","logger":"app.data_engine.redis_publisher","msg":"published 1 candles to bybit:CL/USDT:1h"}
{"ts":"2026-07-24 18:16:11,583","level":"INFO","logger":"app.data_engine.redis_publisher","msg":"published 1 candles to bybit:AERGO/USDT:1h"}
{"ts":"2026-07-24 18:16:11,682","level":"INFO","logger":"app.data_engine.redis_publisher","msg":"published 1 candles to bybit:DOGE/USDT:1h"}
{"ts":"2026-07-24 18:16:11,805","level":"INFO","logger":"app.data_engine.redis_publisher","msg":"published 1 candles to bybit:ZEC/USDT:1h"}
{"ts":"2026-07-24 18:16:11,995","level":"INFO","logger":"app.data_engine.redis_publisher","msg":"published 1 candles to bybit:XAU/USDT:1h"}
{"ts":"2026-07-24 18:16:12,102","level":"INFO","logger":"app.data_engine.redis_publisher","msg":"published 1 candles to bybit:VELVET/USDT:1h"}
{"ts":"2026-07-24 18:16:12,249","level":"INFO","logger":"app.data_engine.redis_publisher","msg":"published 1 candles to bybit:LA/USDT:1h"}
{"ts":"2026-07-24 18:16:12,341","level":"INFO","logger":"app.data_engine.redis_publisher","msg":"published 1 candles to bybit:INTC/USDT:1h"}
{"ts":"2026-07-24 18:16:12,443","level":"INFO","logger":"app.data_engine.redis_publisher","msg":"published 1 candles to bybit:NEAR/USDT:1h"}
{"ts":"2026-07-24 18:16:12,843","level":"INFO","logger":"app.data_engine.redis_publisher","msg":"published 1 candles to bybit:KAITO/USDT:1h"}
{"ts":"2026-07-24 18:16:59,007","level":"INFO","logger":"app.data_engine.redis_publisher","msg":"published 1 candles to bybit:ORDER/USDT:1h"}
{"ts":"2026-07-24 18:16:59,352","level":"INFO","logger":"app.data_engine.redis_publisher","msg":"published 1 candles to bybit:HEMI/USDT:1h"}
{"ts":"2026-07-24 18:17:00,501","level":"INFO","logger":"app.data_engine.redis_publisher","msg":"published 1 candles to bybit:BLESS/USDT:1h"}
{"ts":"2026-07-24 18:17:00,796","level":"INFO","logger":"app.data_engine.redis_publisher","msg":"published 1 candles to bybit:SPCX/USDT:1h"}
{"ts":"2026-07-24 18:17:07,102","level":"INFO","logger":"app.data_engine.redis_publisher","msg":"published 1 candles to bybit:RE/USDT:1h"}
{"ts":"2026-07-24 18:17:07,519","level":"INFO","logger":"app.data_engine.redis_publisher","msg":"published 1 candles to bybit:AKE/USDT:1h"}
{"ts":"2026-07-24 18:17:07,844","level":"INFO","logger":"app.data_engine.redis_publisher","msg":"published 1 candles to bybit:B2/USDT:1h"}
{"ts":"2026-07-24 18:17:08,117","level":"INFO","logger":"app.data_engine.redis_publisher","msg":"published 1 candles to bybit:DEXE/USDT:1h"}
{"ts":"2026-07-24 18:17:08,215","level":"INFO","logger":"app.data_engine.redis_publisher","msg":"published 1 candles to bybit:TOWNS/USDT:1h"}
{"ts":"2026-07-24 18:17:08,429","level":"INFO","logger":"app.data_engine.redis_publisher","msg":"published 1 candles to bybit:ESPORTS/USDT:1h"}
{"ts":"2026-07-24 18:17:08,719","level":"INFO","logger":"app.data_engine.redis_publisher","msg":"published 1 candles to bybit:CAP/USDT:1h"}
{"ts":"2026-07-24 18:17:08,863","level":"INFO","logger":"app.data_engine.redis_publisher","msg":"published 1 candles to bybit:BANK/USDT:1h"}
{"ts":"2026-07-24 18:17:09,010","level":"INFO","logger":"app.data_engine.redis_publisher","msg":"published 1 candles to bybit:ACE/USDT:1h"}
{"ts":"2026-07-24 18:17:09,162","level":"INFO","logger":"app.data_engine.redis_publisher","msg":"published 1 candles to bybit:APR/USDT:1h"}
{"ts":"2026-07-24 18:17:09,528","level":"INFO","logger":"app.data_engine.redis_publisher","msg":"published 1 candles to bybit:BEAM/USDT:1h"}
{"ts":"2026-07-24 18:17:09,667","level":"INFO","logger":"app.data_engine.redis_publisher","msg":"published 1 candles to bybit:GWEI/USDT:1h"}
{"ts":"2026-07-24 18:17:09,873","level":"INFO","logger":"app.data_engine.redis_publisher","msg":"published 1 candles to bybit:SOL/USDT:1h"}
{"ts":"2026-07-24 18:17:09,971","level":"INFO","logger":"app.data_engine.redis_publisher","msg":"published 1 candles to bybit:BTC/USDT:1h"}
{"ts":"2026-07-24 18:17:10,166","level":"INFO","logger":"app.data_engine.redis_publisher","msg":"published 1 candles to bybit:ETH/USDT:1h"}
{"ts":"2026-07-24 18:17:10,267","level":"INFO","logger":"app.data_engine.redis_publisher","msg":"published 1 candles to bybit:SOXL/USDT:1h"}
{"ts":"2026-07-24 18:17:10,456","level":"INFO","logger":"app.data_engine.redis_publisher","msg":"published 1 candles to bybit:SNDK/USDT:1h"}
{"ts":"2026-07-24 18:17:10,740","level":"INFO","logger":"app.data_engine.redis_publisher","msg":"published 1 candles to bybit:XRP/USDT:1h"}
{"ts":"2026-07-24 18:17:10,760","level":"INFO","logger":"app.data_engine.redis_publisher","msg":"published 1 candles to bybit:SNXX/USDT:1h"}
{"ts":"2026-07-24 18:17:10,965","level":"INFO","logger":"app.data_engine.redis_publisher","msg":"published 1 candles to bybit:PLAYSOUT/USDT:1h"}
{"ts":"2026-07-24 18:17:11,090","level":"INFO","logger":"app.data_engine.redis_publisher","msg":"published 1 candles to bybit:MU/USDT:1h"}
{"ts":"2026-07-24 18:17:11,407","level":"INFO","logger":"app.data_engine.redis_publisher","msg":"published 1 candles to bybit:SKHY/USDT:1h"}
{"ts":"2026-07-24 18:17:11,507","level":"INFO","logger":"app.data_engine.redis_publisher","msg":"published 1 candles to bybit:HYPE/USDT:1h"}
{"ts":"2026-07-24 18:17:11,606","level":"INFO","logger":"app.data_engine.redis_publisher","msg":"published 1 candles to bybit:SKHYNIX/USDT:1h"}
{"ts":"2026-07-24 18:17:11,705","level":"INFO","logger":"app.data_engine.redis_publisher","msg":"published 1 candles to bybit:KORU/USDT:1h"}
{"ts":"2026-07-24 18:17:11,806","level":"INFO","logger":"app.data_engine.redis_publisher","msg":"published 1 candles to bybit:BEAT/USDT:1h"}
{"ts":"2026-07-24 18:17:11,906","level":"INFO","logger":"app.data_engine.redis_publisher","msg":"published 1 candles to bybit:CL/USDT:1h"}
{"ts":"2026-07-24 18:17:12,005","level":"INFO","logger":"app.data_engine.redis_publisher","msg":"published 1 candles to bybit:AERGO/USDT:1h"}
{"ts":"2026-07-24 18:17:12,108","level":"INFO","logger":"app.data_engine.redis_publisher","msg":"published 1 candles to bybit:DOGE/USDT:1h"}
{"ts":"2026-07-24 18:17:12,203","level":"INFO","logger":"app.data_engine.redis_publisher","msg":"published 1 candles to bybit:ZEC/USDT:1h"}
{"ts":"2026-07-24 18:17:12,305","level":"INFO","logger":"app.data_engine.redis_publisher","msg":"published 1 candles to bybit:XAU/USDT:1h"}
{"ts":"2026-07-24 18:17:12,417","level":"INFO","logger":"app.data_engine.redis_publisher","msg":"published 1 candles to bybit:VELVET/USDT:1h"}
{"ts":"2026-07-24 18:17:12,562","level":"INFO","logger":"app.data_engine.redis_publisher","msg":"published 1 candles to bybit:LA/USDT:1h"}
{"ts":"2026-07-24 18:17:12,665","level":"INFO","logger":"app.data_engine.redis_publisher","msg":"published 1 candles to bybit:INTC/USDT:1h"}
{"ts":"2026-07-24 18:17:12,763","level":"INFO","logger":"app.data_engine.redis_publisher","msg":"published 1 candles to bybit:NEAR/USDT:1h"}
{"ts":"2026-07-24 18:17:13,154","level":"INFO","logger":"app.data_engine.redis_publisher","msg":"published 1 candles to bybit:KAITO/USDT:1h"}
{"ts":"2026-07-24 18:17:59,913","level":"INFO","logger":"app.data_engine.redis_publisher","msg":"published 1 candles to bybit:ORDER/USDT:1h"}
{"ts":"2026-07-24 18:17:59,917","level":"INFO","logger":"app.data_engine.redis_publisher","msg":"published 1 candles to bybit:HEMI/USDT:1h"}
{"ts":"2026-07-24 18:18:00,810","level":"INFO","logger":"app.data_engine.redis_publisher","msg":"published 1 candles to bybit:BLESS/USDT:1h"}
{"ts":"2026-07-24 18:18:01,107","level":"INFO","logger":"app.data_engine.redis_publisher","msg":"published 1 candles to bybit:SPCX/USDT:1h"}
{"ts":"2026-07-24 18:18:07,416","level":"INFO","logger":"app.data_engine.redis_publisher","msg":"published 1 candles to bybit:RE/USDT:1h"}
{"ts":"2026-07-24 18:18:07,834","level":"INFO","logger":"app.data_engine.redis_publisher","msg":"published 1 candles to bybit:AKE/USDT:1h"}
{"ts":"2026-07-24 18:18:08,156","level":"INFO","logger":"app.data_engine.redis_publisher","msg":"published 1 candles to bybit:B2/USDT:1h"}
{"ts":"2026-07-24 18:18:08,431","level":"INFO","logger":"app.data_engine.redis_publisher","msg":"published 1 candles to bybit:DEXE/USDT:1h"}
{"ts":"2026-07-24 18:18:08,527","level":"INFO","logger":"app.data_engine.redis_publisher","msg":"published 1 candles to bybit:TOWNS/USDT:1h"}
{"ts":"2026-07-24 18:18:08,930","level":"INFO","logger":"app.data_engine.redis_publisher","msg":"published 1 candles to bybit:ESPORTS/USDT:1h"}
{"ts":"2026-07-24 18:18:09,028","level":"INFO","logger":"app.data_engine.redis_publisher","msg":"published 1 candles to bybit:CAP/USDT:1h"}
{"ts":"2026-07-24 18:18:09,172","level":"INFO","logger":"app.data_engine.redis_publisher","msg":"published 1 candles to bybit:BANK/USDT:1h"}
{"ts":"2026-07-24 18:18:09,320","level":"INFO","logger":"app.data_engine.redis_publisher","msg":"published 1 candles to bybit:ACE/USDT:1h"}
{"ts":"2026-07-24 18:18:09,473","level":"INFO","logger":"app.data_engine.redis_publisher","msg":"published 1 candles to bybit:APR/USDT:1h"}
{"ts":"2026-07-24 18:18:09,841","level":"INFO","logger":"app.data_engine.redis_publisher","msg":"published 1 candles to bybit:BEAM/USDT:1h"}
{"ts":"2026-07-24 18:18:09,979","level":"INFO","logger":"app.data_engine.redis_publisher","msg":"published 1 candles to bybit:GWEI/USDT:1h"}
{"ts":"2026-07-24 18:18:10,182","level":"INFO","logger":"app.data_engine.redis_publisher","msg":"published 1 candles to bybit:SOL/USDT:1h"}
{"ts":"2026-07-24 18:18:10,284","level":"INFO","logger":"app.data_engine.redis_publisher","msg":"published 1 candles to bybit:BTC/USDT:1h"}
{"ts":"2026-07-24 18:18:10,478","level":"INFO","logger":"app.data_engine.redis_publisher","msg":"published 1 candles to bybit:ETH/USDT:1h"}
{"ts":"2026-07-24 18:18:10,579","level":"INFO","logger":"app.data_engine.redis_publisher","msg":"published 1 candles to bybit:SOXL/USDT:1h"}
{"ts":"2026-07-24 18:18:10,765","level":"INFO","logger":"app.data_engine.redis_publisher","msg":"published 1 candles to bybit:SNDK/USDT:1h"}
{"ts":"2026-07-24 18:18:11,151","level":"INFO","logger":"app.data_engine.redis_publisher","msg":"published 1 candles to bybit:SNXX/USDT:1h"}
{"ts":"2026-07-24 18:18:11,240","level":"INFO","logger":"app.data_engine.redis_publisher","msg":"published 1 candles to bybit:XRP/USDT:1h"}
{"ts":"2026-07-24 18:18:11,401","level":"INFO","logger":"app.data_engine.redis_publisher","msg":"published 1 candles to bybit:MU/USDT:1h"}
{"ts":"2026-07-24 18:18:11,505","level":"INFO","logger":"app.data_engine.redis_publisher","msg":"published 1 candles to bybit:PLAYSOUT/USDT:1h"}
{"ts":"2026-07-24 18:18:11,722","level":"INFO","logger":"app.data_engine.redis_publisher","msg":"published 1 candles to bybit:SKHY/USDT:1h"}
{"ts":"2026-07-24 18:18:11,816","level":"INFO","logger":"app.data_engine.redis_publisher","msg":"published 1 candles to bybit:HYPE/USDT:1h"}
{"ts":"2026-07-24 18:18:11,922","level":"INFO","logger":"app.data_engine.redis_publisher","msg":"published 1 candles to bybit:SKHYNIX/USDT:1h"}
{"ts":"2026-07-24 18:18:12,015","level":"INFO","logger":"app.data_engine.redis_publisher","msg":"published 1 candles to bybit:KORU/USDT:1h"}
{"ts":"2026-07-24 18:18:12,117","level":"INFO","logger":"app.data_engine.redis_publisher","msg":"published 1 candles to bybit:BEAT/USDT:1h"}
{"ts":"2026-07-24 18:18:12,217","level":"INFO","logger":"app.data_engine.redis_publisher","msg":"published 1 candles to bybit:CL/USDT:1h"}
{"ts":"2026-07-24 18:18:12,420","level":"INFO","logger":"app.data_engine.redis_publisher","msg":"published 1 candles to bybit:DOGE/USDT:1h"}
{"ts":"2026-07-24 18:18:12,527","level":"INFO","logger":"app.data_engine.redis_publisher","msg":"published 1 candles to bybit:AERGO/USDT:1h"}
{"ts":"2026-07-24 18:18:12,530","level":"INFO","logger":"app.data_engine.redis_publisher","msg":"published 1 candles to bybit:ZEC/USDT:1h"}
{"ts":"2026-07-24 18:18:12,730","level":"INFO","logger":"app.data_engine.redis_publisher","msg":"published 1 candles to bybit:VELVET/USDT:1h"}
{"ts":"2026-07-24 18:18:12,850","level":"INFO","logger":"app.data_engine.redis_publisher","msg":"published 1 candles to bybit:XAU/USDT:1h"}
{"ts":"2026-07-24 18:18:12,879","level":"INFO","logger":"app.data_engine.redis_publisher","msg":"published 1 candles to bybit:LA/USDT:1h"}
{"ts":"2026-07-24 18:18:12,986","level":"INFO","logger":"app.data_engine.redis_publisher","msg":"published 1 candles to bybit:INTC/USDT:1h"}
{"ts":"2026-07-24 18:18:13,077","level":"INFO","logger":"app.data_engine.redis_publisher","msg":"published 1 candles to bybit:NEAR/USDT:1h"}
{"ts":"2026-07-24 18:18:13,462","level":"INFO","logger":"app.data_engine.redis_publisher","msg":"published 1 candles to bybit:KAITO/USDT:1h"}
{"ts":"2026-07-24 18:19:00,799","level":"INFO","logger":"app.data_engine.redis_publisher","msg":"published 1 candles to bybit:HEMI/USDT:1h"}
{"ts":"2026-07-24 18:19:00,802","level":"INFO","logger":"app.data_engine.redis_publisher","msg":"published 1 candles to bybit:ORDER/USDT:1h"}
{"ts":"2026-07-24 18:19:01,122","level":"INFO","logger":"app.data_engine.redis_publisher","msg":"published 1 candles to bybit:BLESS/USDT:1h"}
{"ts":"2026-07-24 18:19:01,418","level":"INFO","logger":"app.data_engine.redis_publisher","msg":"published 1 candles to bybit:SPCX/USDT:1h"}
{"ts":"2026-07-24 18:19:07,730","level":"INFO","logger":"app.data_engine.redis_publisher","msg":"published 1 candles to bybit:RE/USDT:1h"}
{"ts":"2026-07-24 18:19:08,192","level":"INFO","logger":"app.data_engine.redis_publisher","msg":"published 1 candles to bybit:AKE/USDT:1h"}
{"ts":"2026-07-24 18:19:08,478","level":"INFO","logger":"app.data_engine.redis_publisher","msg":"published 1 candles to bybit:B2/USDT:1h"}
{"ts":"2026-07-24 18:19:08,763","level":"INFO","logger":"app.data_engine.redis_publisher","msg":"published 1 candles to bybit:DEXE/USDT:1h"}
{"ts":"2026-07-24 18:19:08,853","level":"INFO","logger":"app.data_engine.redis_publisher","msg":"published 1 candles to bybit:TOWNS/USDT:1h"}
{"ts":"2026-07-24 18:19:09,267","level":"INFO","logger":"app.data_engine.redis_publisher","msg":"published 1 candles to bybit:ESPORTS/USDT:1h"}
{"ts":"2026-07-24 18:19:09,348","level":"INFO","logger":"app.data_engine.redis_publisher","msg":"published 1 candles to bybit:CAP/USDT:1h"}
{"ts":"2026-07-24 18:19:09,485","level":"INFO","logger":"app.data_engine.redis_publisher","msg":"published 1 candles to bybit:BANK/USDT:1h"}
{"ts":"2026-07-24 18:19:09,630","level":"INFO","logger":"app.data_engine.redis_publisher","msg":"published 1 candles to bybit:ACE/USDT:1h"}
{"ts":"2026-07-24 18:19:09,785","level":"INFO","logger":"app.data_engine.redis_publisher","msg":"published 1 candles to bybit:APR/USDT:1h"}
{"ts":"2026-07-24 18:19:10,151","level":"INFO","logger":"app.data_engine.redis_publisher","msg":"published 1 candles to bybit:BEAM/USDT:1h"}
{"ts":"2026-07-24 18:19:10,289","level":"INFO","logger":"app.data_engine.redis_publisher","msg":"published 1 candles to bybit:GWEI/USDT:1h"}
{"ts":"2026-07-24 18:19:10,499","level":"INFO","logger":"app.data_engine.redis_publisher","msg":"published 1 candles to bybit:SOL/USDT:1h"}
{"ts":"2026-07-24 18:19:10,614","level":"INFO","logger":"app.data_engine.redis_publisher","msg":"published 1 candles to bybit:BTC/USDT:1h"}
{"ts":"2026-07-24 18:19:10,790","level":"INFO","logger":"app.data_engine.redis_publisher","msg":"published 1 candles to bybit:ETH/USDT:1h"}
{"ts":"2026-07-24 18:19:10,891","level":"INFO","logger":"app.data_engine.redis_publisher","msg":"published 1 candles to bybit:SOXL/USDT:1h"}
{"ts":"2026-07-24 18:19:11,077","level":"INFO","logger":"app.data_engine.redis_publisher","msg":"published 1 candles to bybit:SNDK/USDT:1h"}
{"ts":"2026-07-24 18:19:11,486","level":"INFO","logger":"app.data_engine.redis_publisher","msg":"published 1 candles to bybit:SNXX/USDT:1h"}
{"ts":"2026-07-24 18:19:11,562","level":"INFO","logger":"app.data_engine.redis_publisher","msg":"published 1 candles to bybit:XRP/USDT:1h"}
{"ts":"2026-07-24 18:19:11,713","level":"INFO","logger":"app.data_engine.redis_publisher","msg":"published 1 candles to bybit:MU/USDT:1h"}
{"ts":"2026-07-24 18:19:11,818","level":"INFO","logger":"app.data_engine.redis_publisher","msg":"published 1 candles to bybit:PLAYSOUT/USDT:1h"}
{"ts":"2026-07-24 18:19:12,039","level":"INFO","logger":"app.data_engine.redis_publisher","msg":"published 1 candles to bybit:SKHY/USDT:1h"}
{"ts":"2026-07-24 18:19:12,141","level":"INFO","logger":"app.data_engine.redis_publisher","msg":"published 1 candles to bybit:HYPE/USDT:1h"}
{"ts":"2026-07-24 18:19:12,338","level":"INFO","logger":"app.data_engine.redis_publisher","msg":"published 1 candles to bybit:KORU/USDT:1h"}
{"ts":"2026-07-24 18:19:12,441","level":"INFO","logger":"app.data_engine.redis_publisher","msg":"published 1 candles to bybit:BEAT/USDT:1h"}
{"ts":"2026-07-24 18:19:12,473","level":"INFO","logger":"app.data_engine.redis_publisher","msg":"published 1 candles to bybit:SKHYNIX/USDT:1h"}
{"ts":"2026-07-24 18:19:12,739","level":"INFO","logger":"app.data_engine.redis_publisher","msg":"published 1 candles to bybit:DOGE/USDT:1h"}
{"ts":"2026-07-24 18:19:12,766","level":"INFO","logger":"app.data_engine.redis_publisher","msg":"published 1 candles to bybit:CL/USDT:1h"}
{"ts":"2026-07-24 18:19:12,842","level":"INFO","logger":"app.data_engine.redis_publisher","msg":"published 1 candles to bybit:AERGO/USDT:1h"}
{"ts":"2026-07-24 18:19:12,946","level":"INFO","logger":"app.data_engine.redis_publisher","msg":"published 1 candles to bybit:ZEC/USDT:1h"}
{"ts":"2026-07-24 18:19:13,057","level":"INFO","logger":"app.data_engine.redis_publisher","msg":"published 1 candles to bybit:VELVET/USDT:1h"}
{"ts":"2026-07-24 18:19:13,163","level":"INFO","logger":"app.data_engine.redis_publisher","msg":"published 1 candles to bybit:XAU/USDT:1h"}
{"ts":"2026-07-24 18:19:13,269","level":"INFO","logger":"app.data_engine.redis_publisher","msg":"published 1 candles to bybit:LA/USDT:1h"}
{"ts":"2026-07-24 18:19:13,361","level":"INFO","logger":"app.data_engine.redis_publisher","msg":"published 1 candles to bybit:INTC/USDT:1h"}
{"ts":"2026-07-24 18:19:13,463","level":"INFO","logger":"app.data_engine.redis_publisher","msg":"published 1 candles to bybit:NEAR/USDT:1h"}
{"ts":"2026-07-24 18:19:13,776","level":"INFO","logger":"app.data_engine.redis_publisher","msg":"published 1 candles to bybit:KAITO/USDT:1h"}
2026-07-24 18:19:17.192 | INFO     | app.data.ohlcv_fetcher:fetch:62 - OHLCV fetched: BTC/USDT 1h 200 candles
{"ts":"2026-07-24 18:20:01,692","level":"INFO","logger":"app.data_engine.redis_publisher","msg":"published 1 candles to bybit:ORDER/USDT:1h"}
{"ts":"2026-07-24 18:20:01,700","level":"INFO","logger":"app.data_engine.redis_publisher","msg":"published 1 candles to bybit:HEMI/USDT:1h"}
{"ts":"2026-07-24 18:20:01,701","level":"INFO","logger":"app.data_engine.redis_publisher","msg":"published 1 candles to bybit:BLESS/USDT:1h"}
{"ts":"2026-07-24 18:20:01,959","level":"INFO","logger":"app.data_engine.redis_publisher","msg":"published 1 candles to bybit:SPCX/USDT:1h"}
{"ts":"2026-07-24 18:20:08,038","level":"INFO","logger":"app.data_engine.redis_publisher","msg":"published 1 candles to bybit:RE/USDT:1h"}
{"ts":"2026-07-24 18:20:08,502","level":"INFO","logger":"app.data_engine.redis_publisher","msg":"published 1 candles to bybit:AKE/USDT:1h"}
{"ts":"2026-07-24 18:20:08,792","level":"INFO","logger":"app.data_engine.redis_publisher","msg":"published 1 candles to bybit:B2/USDT:1h"}
{"ts":"2026-07-24 18:20:09,102","level":"INFO","logger":"app.data_engine.redis_publisher","msg":"published 1 candles to bybit:DEXE/USDT:1h"}
{"ts":"2026-07-24 18:20:09,205","level":"INFO","logger":"app.data_engine.redis_publisher","msg":"published 1 candles to bybit:TOWNS/USDT:1h"}
{"ts":"2026-07-24 18:20:09,588","level":"INFO","logger":"app.data_engine.redis_publisher","msg":"published 1 candles to bybit:ESPORTS/USDT:1h"}
{"ts":"2026-07-24 18:20:09,687","level":"INFO","logger":"app.data_engine.redis_publisher","msg":"published 1 candles to bybit:CAP/USDT:1h"}
{"ts":"2026-07-24 18:20:09,795","level":"INFO","logger":"app.data_engine.redis_publisher","msg":"published 1 candles to bybit:BANK/USDT:1h"}
{"ts":"2026-07-24 18:20:09,941","level":"INFO","logger":"app.data_engine.redis_publisher","msg":"published 1 candles to bybit:ACE/USDT:1h"}
{"ts":"2026-07-24 18:20:10,094","level":"INFO","logger":"app.data_engine.redis_publisher","msg":"published 1 candles to bybit:APR/USDT:1h"}
{"ts":"2026-07-24 18:20:10,467","level":"INFO","logger":"app.data_engine.redis_publisher","msg":"published 1 candles to bybit:BEAM/USDT:1h"}
{"ts":"2026-07-24 18:20:10,603","level":"INFO","logger":"app.data_engine.redis_publisher","msg":"published 1 candles to bybit:GWEI/USDT:1h"}
{"ts":"2026-07-24 18:20:10,811","level":"INFO","logger":"app.data_engine.redis_publisher","msg":"published 1 candles to bybit:SOL/USDT:1h"}
{"ts":"2026-07-24 18:20:10,926","level":"INFO","logger":"app.data_engine.redis_publisher","msg":"published 1 candles to bybit:BTC/USDT:1h"}
{"ts":"2026-07-24 18:20:11,110","level":"INFO","logger":"app.data_engine.redis_publisher","msg":"published 1 candles to bybit:ETH/USDT:1h"}
{"ts":"2026-07-24 18:20:11,201","level":"INFO","logger":"app.data_engine.redis_publisher","msg":"published 1 candles to bybit:SOXL/USDT:1h"}
{"ts":"2026-07-24 18:20:11,384","level":"INFO","logger":"app.data_engine.redis_publisher","msg":"published 1 candles to bybit:SNDK/USDT:1h"}
{"ts":"2026-07-24 18:20:11,796","level":"INFO","logger":"app.data_engine.redis_publisher","msg":"published 1 candles to bybit:SNXX/USDT:1h"}
{"ts":"2026-07-24 18:20:11,894","level":"INFO","logger":"app.data_engine.redis_publisher","msg":"published 1 candles to bybit:XRP/USDT:1h"}
{"ts":"2026-07-24 18:20:12,025","level":"INFO","logger":"app.data_engine.redis_publisher","msg":"published 1 candles to bybit:MU/USDT:1h"}
{"ts":"2026-07-24 18:20:12,129","level":"INFO","logger":"app.data_engine.redis_publisher","msg":"published 1 candles to bybit:PLAYSOUT/USDT:1h"}
{"ts":"2026-07-24 18:20:12,349","level":"INFO","logger":"app.data_engine.redis_publisher","msg":"published 1 candles to bybit:SKHY/USDT:1h"}
{"ts":"2026-07-24 18:20:12,453","level":"INFO","logger":"app.data_engine.redis_publisher","msg":"published 1 candles to bybit:HYPE/USDT:1h"}
{"ts":"2026-07-24 18:20:12,648","level":"INFO","logger":"app.data_engine.redis_publisher","msg":"published 1 candles to bybit:KORU/USDT:1h"}
{"ts":"2026-07-24 18:20:12,757","level":"INFO","logger":"app.data_engine.redis_publisher","msg":"published 1 candles to bybit:BEAT/USDT:1h"}
{"ts":"2026-07-24 18:20:12,854","level":"INFO","logger":"app.data_engine.redis_publisher","msg":"published 1 candles to bybit:SKHYNIX/USDT:1h"}
{"ts":"2026-07-24 18:20:13,051","level":"INFO","logger":"app.data_engine.redis_publisher","msg":"published 1 candles to bybit:DOGE/USDT:1h"}
{"ts":"2026-07-24 18:20:13,153","level":"INFO","logger":"app.data_engine.redis_publisher","msg":"published 1 candles to bybit:CL/USDT:1h"}
{"ts":"2026-07-24 18:20:13,251","level":"INFO","logger":"app.data_engine.redis_publisher","msg":"published 1 candles to bybit:AERGO/USDT:1h"}
{"ts":"2026-07-24 18:20:13,351","level":"INFO","logger":"app.data_engine.redis_publisher","msg":"published 1 candles to bybit:ZEC/USDT:1h"}
{"ts":"2026-07-24 18:20:13,450","level":"INFO","logger":"app.data_engine.redis_publisher","msg":"published 1 candles to bybit:VELVET/USDT:1h"}
{"ts":"2026-07-24 18:20:13,550","level":"INFO","logger":"app.data_engine.redis_publisher","msg":"published 1 candles to bybit:XAU/USDT:1h"}
{"ts":"2026-07-24 18:20:13,652","level":"INFO","logger":"app.data_engine.redis_publisher","msg":"published 1 candles to bybit:LA/USDT:1h"}
{"ts":"2026-07-24 18:20:13,750","level":"INFO","logger":"app.data_engine.redis_publisher","msg":"published 1 candles to bybit:INTC/USDT:1h"}
{"ts":"2026-07-24 18:20:13,851","level":"INFO","logger":"app.data_engine.redis_publisher","msg":"published 1 candles to bybit:NEAR/USDT:1h"}
{"ts":"2026-07-24 18:20:14,087","level":"INFO","logger":"app.data_engine.redis_publisher","msg":"published 1 candles to bybit:KAITO/USDT:1h"}
2026-07-24 18:20:24.796 | INFO     | app.data.universe_scanner:refresh:176 - UniverseScanner: %d candidates above $%.0f volume
2026-07-24 18:20:25.726 | DEBUG    | app.data.universe_scanner:refresh:188 - UniverseScanner: ATR failed for SOXL/USDT
2026-07-24 18:20:26.034 | DEBUG    | app.data.universe_scanner:refresh:188 - UniverseScanner: ATR failed for AKE/USDT
2026-07-24 18:20:26.345 | DEBUG    | app.data.universe_scanner:refresh:188 - UniverseScanner: ATR failed for DEXE/USDT
2026-07-24 18:20:26.345 | DEBUG    | app.data.universe_scanner:refresh:188 - UniverseScanner: ATR failed for BANK/USDT
2026-07-24 18:20:26.345 | DEBUG    | app.data.universe_scanner:refresh:188 - UniverseScanner: ATR failed for SNDK/USDT
2026-07-24 18:20:26.653 | DEBUG    | app.data.universe_scanner:refresh:188 - UniverseScanner: ATR failed for XAU/USDT
2026-07-24 18:20:26.653 | DEBUG    | app.data.universe_scanner:refresh:188 - UniverseScanner: ATR failed for CL/USDT
2026-07-24 18:20:26.653 | DEBUG    | app.data.universe_scanner:refresh:188 - UniverseScanner: ATR failed for MU/USDT
2026-07-24 18:20:26.653 | DEBUG    | app.data.universe_scanner:refresh:188 - UniverseScanner: ATR failed for ZEC/USDT
2026-07-24 18:20:26.653 | DEBUG    | app.data.universe_scanner:refresh:188 - UniverseScanner: ATR failed for ESPORTS/USDT
2026-07-24 18:20:26.962 | DEBUG    | app.data.universe_scanner:refresh:188 - UniverseScanner: ATR failed for SKHYNIX/USDT
2026-07-24 18:20:26.962 | DEBUG    | app.data.universe_scanner:refresh:188 - UniverseScanner: ATR failed for SPCX/USDT
2026-07-24 18:20:27.273 | DEBUG    | app.data.universe_scanner:refresh:188 - UniverseScanner: ATR failed for SKHY/USDT
2026-07-24 18:20:27.273 | DEBUG    | app.data.universe_scanner:refresh:188 - UniverseScanner: ATR failed for INTC/USDT
2026-07-24 18:20:27.893 | DEBUG    | app.data.universe_scanner:refresh:188 - UniverseScanner: ATR failed for RE/USDT
2026-07-24 18:20:27.893 | DEBUG    | app.data.universe_scanner:refresh:188 - UniverseScanner: ATR failed for 1000PEPE/USDT
2026-07-24 18:20:28.201 | DEBUG    | app.data.universe_scanner:refresh:188 - UniverseScanner: ATR failed for BEAT/USDT
2026-07-24 18:20:28.509 | DEBUG    | app.data.universe_scanner:refresh:188 - UniverseScanner: ATR failed for KORU/USDT
2026-07-24 18:20:28.819 | DEBUG    | app.data.universe_scanner:refresh:188 - UniverseScanner: ATR failed for SNXX/USDT
2026-07-24 18:20:28.819 | DEBUG    | app.data.universe_scanner:refresh:188 - UniverseScanner: ATR failed for XAG/USDT
2026-07-24 18:20:29.501 | DEBUG    | app.data.universe_scanner:refresh:188 - UniverseScanner: ATR failed for CBRS/USDT
2026-07-24 18:20:29.501 | DEBUG    | app.data.universe_scanner:refresh:188 - UniverseScanner: ATR failed for KAITO/USDT
2026-07-24 18:20:30.461 | DEBUG    | app.data.universe_scanner:refresh:188 - UniverseScanner: ATR failed for PUMPFUN/USDT
2026-07-24 18:20:30.769 | DEBUG    | app.data.universe_scanner:refresh:188 - UniverseScanner: ATR failed for TAO/USDT
2026-07-24 18:20:31.389 | DEBUG    | app.data.universe_scanner:refresh:188 - UniverseScanner: ATR failed for FARTCOIN/USDT
2026-07-24 18:20:32.008 | DEBUG    | app.data.universe_scanner:refresh:188 - UniverseScanner: ATR failed for EWY/USDT
2026-07-24 18:20:32.008 | DEBUG    | app.data.universe_scanner:refresh:188 - UniverseScanner: ATR failed for INTW/USDT
2026-07-24 18:20:32.936 | DEBUG    | app.data.universe_scanner:refresh:188 - UniverseScanner: ATR failed for VELVET/USDT
2026-07-24 18:20:32.936 | DEBUG    | app.data.universe_scanner:refresh:188 - UniverseScanner: ATR failed for TSLA/USDT
2026-07-24 18:20:32.936 | DEBUG    | app.data.universe_scanner:refresh:188 - UniverseScanner: ATR failed for DRAM/USDT
2026-07-24 18:20:33.250 | DEBUG    | app.data.universe_scanner:refresh:188 - UniverseScanner: ATR failed for ALLO/USDT
2026-07-24 18:20:33.868 | DEBUG    | app.data.universe_scanner:refresh:188 - UniverseScanner: ATR failed for XMR/USDT
2026-07-24 18:20:33.868 | DEBUG    | app.data.universe_scanner:refresh:188 - UniverseScanner: ATR failed for AAL/USDT
2026-07-24 18:20:35.416 | DEBUG    | app.data.universe_scanner:refresh:188 - UniverseScanner: ATR failed for LAB/USDT
2026-07-24 18:20:35.727 | DEBUG    | app.data.universe_scanner:refresh:188 - UniverseScanner: ATR failed for US/USDT
2026-07-24 18:20:36.347 | DEBUG    | app.data.universe_scanner:refresh:188 - UniverseScanner: ATR failed for O/USDT
2026-07-24 18:20:36.347 | DEBUG    | app.data.universe_scanner:refresh:188 - UniverseScanner: ATR failed for GOOGL/USDT
2026-07-24 18:20:36.659 | DEBUG    | app.data.universe_scanner:refresh:188 - UniverseScanner: ATR failed for TSEM/USDT
2026-07-24 18:20:36.659 | DEBUG    | app.data.universe_scanner:refresh:188 - UniverseScanner: ATR failed for MRVL/USDT
2026-07-24 18:20:37.279 | DEBUG    | app.data.universe_scanner:refresh:188 - UniverseScanner: ATR failed for 1000BONK/USDT
2026-07-24 18:20:37.279 | DEBUG    | app.data.universe_scanner:refresh:188 - UniverseScanner: ATR failed for GWEI/USDT
2026-07-24 18:20:37.898 | DEBUG    | app.data.universe_scanner:refresh:188 - UniverseScanner: ATR failed for CRCL/USDT
2026-07-24 18:20:37.898 | DEBUG    | app.data.universe_scanner:refresh:188 - UniverseScanner: ATR failed for MUU/USDT
2026-07-24 18:20:37.898 | DEBUG    | app.data.universe_scanner:refresh:188 - UniverseScanner: ATR failed for NBIS/USDT
2026-07-24 18:20:37.898 | DEBUG    | app.data.universe_scanner:refresh:188 - UniverseScanner: ATR failed for PENGSTOCK/USDT
2026-07-24 18:20:38.210 | DEBUG    | app.data.universe_scanner:refresh:188 - UniverseScanner: ATR failed for SOXS/USDT
2026-07-24 18:20:38.210 | DEBUG    | app.data.universe_scanner:refresh:188 - UniverseScanner: ATR failed for ACE/USDT
2026-07-24 18:20:38.210 | DEBUG    | app.data.universe_scanner:refresh:188 - UniverseScanner: ATR failed for MARA/USDT
2026-07-24 18:20:39.940 | DEBUG    | app.data.universe_scanner:refresh:188 - UniverseScanner: ATR failed for AEHR/USDT
2026-07-24 18:20:40.248 | DEBUG    | app.data.universe_scanner:refresh:188 - UniverseScanner: ATR failed for GS/USDT
2026-07-24 18:20:40.556 | DEBUG    | app.data.universe_scanner:refresh:188 - UniverseScanner: ATR failed for B2/USDT
2026-07-24 18:20:40.556 | DEBUG    | app.data.universe_scanner:refresh:188 - UniverseScanner: ATR failed for SHIB1000/USDT
2026-07-24 18:20:40.556 | DEBUG    | app.data.universe_scanner:refresh:188 - UniverseScanner: ATR failed for MSTR/USDT
2026-07-24 18:20:40.867 | DEBUG    | app.data.universe_scanner:refresh:188 - UniverseScanner: ATR failed for RDW/USDT
2026-07-24 18:20:41.360 | DEBUG    | app.data.universe_scanner:refresh:188 - UniverseScanner: ATR failed for AERGO/USDT
2026-07-24 18:20:41.361 | DEBUG    | app.data.universe_scanner:refresh:188 - UniverseScanner: ATR failed for EVAA/USDT
2026-07-24 18:20:41.670 | DEBUG    | app.data.universe_scanner:refresh:188 - UniverseScanner: ATR failed for APR/USDT
2026-07-24 18:20:42.599 | DEBUG    | app.data.universe_scanner:refresh:188 - UniverseScanner: ATR failed for POET/USDT
2026-07-24 18:20:42.599 | DEBUG    | app.data.universe_scanner:refresh:188 - UniverseScanner: ATR failed for EPIC/USDT
2026-07-24 18:20:43.216 | DEBUG    | app.data.universe_scanner:refresh:188 - UniverseScanner: ATR failed for AXTI/USDT
2026-07-24 18:20:43.526 | DEBUG    | app.data.universe_scanner:refresh:188 - UniverseScanner: ATR failed for XLV/USDT
2026-07-24 18:20:43.526 | DEBUG    | app.data.universe_scanner:refresh:188 - UniverseScanner: ATR failed for IONQ/USDT
2026-07-24 18:20:44.770 | DEBUG    | app.data.universe_scanner:refresh:188 - UniverseScanner: ATR failed for AAOI/USDT
2026-07-24 18:20:45.125 | DEBUG    | app.data.universe_scanner:refresh:188 - UniverseScanner: ATR failed for BZ/USDT
2026-07-24 18:20:45.126 | DEBUG    | app.data.universe_scanner:refresh:188 - UniverseScanner: ATR failed for SAMSUNG/USDT
2026-07-24 18:20:45.126 | DEBUG    | app.data.universe_scanner:refresh:188 - UniverseScanner: ATR failed for AMDSTOCK/USDT
2026-07-24 18:20:45.126 | DEBUG    | app.data.universe_scanner:refresh:188 - UniverseScanner: ATR failed for UB/USDT
2026-07-24 18:20:45.618 | DEBUG    | app.data.universe_scanner:refresh:188 - UniverseScanner: ATR failed for APLD/USDT
2026-07-24 18:20:45.618 | DEBUG    | app.data.universe_scanner:refresh:188 - UniverseScanner: ATR failed for XLK/USDT
2026-07-24 18:20:47.716 | DEBUG    | app.data.universe_scanner:refresh:188 - UniverseScanner: ATR failed for APPSTOCK/USDT
2026-07-24 18:20:47.716 | DEBUG    | app.data.universe_scanner:refresh:188 - UniverseScanner: ATR failed for TLM/USDT
2026-07-24 18:20:48.023 | DEBUG    | app.data.universe_scanner:refresh:188 - UniverseScanner: ATR failed for ONDS/USDT
2026-07-24 18:20:48.023 | DEBUG    | app.data.universe_scanner:refresh:188 - UniverseScanner: ATR failed for WENSTOCK/USDT
2026-07-24 18:20:48.023 | DEBUG    | app.data.universe_scanner:refresh:188 - UniverseScanner: ATR failed for QQQ/USDT
2026-07-24 18:20:48.023 | DEBUG    | app.data.universe_scanner:refresh:188 - UniverseScanner: ATR failed for DASH/USDT
2026-07-24 18:20:48.641 | DEBUG    | app.data.universe_scanner:refresh:188 - UniverseScanner: ATR failed for PAXG/USDT
2026-07-24 18:20:48.641 | DEBUG    | app.data.universe_scanner:refresh:188 - UniverseScanner: ATR failed for FLY/USDT
2026-07-24 18:20:48.643 | INFO     | app.data.universe_scanner:refresh:232 - UniverseScanner: refreshed — %d symbols, top=%s (score=%.3f)
{"ts":"2026-07-24 18:21:02,846","level":"INFO","logger":"app.data_engine.redis_publisher","msg":"published 1 candles to bybit:HEMI/USDT:1h"}
{"ts":"2026-07-24 18:21:02,847","level":"INFO","logger":"app.data_engine.redis_publisher","msg":"published 1 candles to bybit:BLESS/USDT:1h"}
{"ts":"2026-07-24 18:21:02,847","level":"INFO","logger":"app.data_engine.redis_publisher","msg":"published 1 candles to bybit:ORDER/USDT:1h"}
{"ts":"2026-07-24 18:21:02,848","level":"INFO","logger":"app.data_engine.redis_publisher","msg":"published 1 candles to bybit:SPCX/USDT:1h"}
{"ts":"2026-07-24 18:21:08,349","level":"INFO","logger":"app.data_engine.redis_publisher","msg":"published 1 candles to bybit:RE/USDT:1h"}
{"ts":"2026-07-24 18:21:08,810","level":"INFO","logger":"app.data_engine.redis_publisher","msg":"published 1 candles to bybit:AKE/USDT:1h"}
{"ts":"2026-07-24 18:21:09,103","level":"INFO","logger":"app.data_engine.redis_publisher","msg":"published 1 candles to bybit:B2/USDT:1h"}
{"ts":"2026-07-24 18:21:09,414","level":"INFO","logger":"app.data_engine.redis_publisher","msg":"published 1 candles to bybit:DEXE/USDT:1h"}
{"ts":"2026-07-24 18:21:09,515","level":"INFO","logger":"app.data_engine.redis_publisher","msg":"published 1 candles to bybit:TOWNS/USDT:1h"}
{"ts":"2026-07-24 18:21:09,997","level":"INFO","logger":"app.data_engine.redis_publisher","msg":"published 1 candles to bybit:CAP/USDT:1h"}
{"ts":"2026-07-24 18:21:10,082","level":"INFO","logger":"app.data_engine.redis_publisher","msg":"published 1 candles to bybit:ESPORTS/USDT:1h"}
{"ts":"2026-07-24 18:21:10,106","level":"INFO","logger":"app.data_engine.redis_publisher","msg":"published 1 candles to bybit:BANK/USDT:1h"}
{"ts":"2026-07-24 18:21:10,252","level":"INFO","logger":"app.data_engine.redis_publisher","msg":"published 1 candles to bybit:ACE/USDT:1h"}
{"ts":"2026-07-24 18:21:10,404","level":"INFO","logger":"app.data_engine.redis_publisher","msg":"published 1 candles to bybit:APR/USDT:1h"}
{"ts":"2026-07-24 18:21:10,800","level":"INFO","logger":"app.data_engine.redis_publisher","msg":"published 1 candles to bybit:BEAM/USDT:1h"}
{"ts":"2026-07-24 18:21:10,915","level":"INFO","logger":"app.data_engine.redis_publisher","msg":"published 1 candles to bybit:GWEI/USDT:1h"}
{"ts":"2026-07-24 18:21:11,119","level":"INFO","logger":"app.data_engine.redis_publisher","msg":"published 1 candles to bybit:SOL/USDT:1h"}
{"ts":"2026-07-24 18:21:11,238","level":"INFO","logger":"app.data_engine.redis_publisher","msg":"published 1 candles to bybit:BTC/USDT:1h"}
{"ts":"2026-07-24 18:21:11,419","level":"INFO","logger":"app.data_engine.redis_publisher","msg":"published 1 candles to bybit:ETH/USDT:1h"}
{"ts":"2026-07-24 18:21:11,518","level":"INFO","logger":"app.data_engine.redis_publisher","msg":"published 1 candles to bybit:SOXL/USDT:1h"}
{"ts":"2026-07-24 18:21:11,696","level":"INFO","logger":"app.data_engine.redis_publisher","msg":"published 1 candles to bybit:SNDK/USDT:1h"}
{"ts":"2026-07-24 18:21:12,105","level":"INFO","logger":"app.data_engine.redis_publisher","msg":"published 1 candles to bybit:SNXX/USDT:1h"}
{"ts":"2026-07-24 18:21:12,207","level":"INFO","logger":"app.data_engine.redis_publisher","msg":"published 1 candles to bybit:XRP/USDT:1h"}
{"ts":"2026-07-24 18:21:12,335","level":"INFO","logger":"app.data_engine.redis_publisher","msg":"published 1 candles to bybit:MU/USDT:1h"}
{"ts":"2026-07-24 18:21:12,442","level":"INFO","logger":"app.data_engine.redis_publisher","msg":"published 1 candles to bybit:PLAYSOUT/USDT:1h"}
{"ts":"2026-07-24 18:21:12,659","level":"INFO","logger":"app.data_engine.redis_publisher","msg":"published 1 candles to bybit:SKHY/USDT:1h"}
{"ts":"2026-07-24 18:21:12,764","level":"INFO","logger":"app.data_engine.redis_publisher","msg":"published 1 candles to bybit:HYPE/USDT:1h"}
{"ts":"2026-07-24 18:21:12,960","level":"INFO","logger":"app.data_engine.redis_publisher","msg":"published 1 candles to bybit:KORU/USDT:1h"}
{"ts":"2026-07-24 18:21:13,072","level":"INFO","logger":"app.data_engine.redis_publisher","msg":"published 1 candles to bybit:BEAT/USDT:1h"}
{"ts":"2026-07-24 18:21:13,185","level":"INFO","logger":"app.data_engine.redis_publisher","msg":"published 1 candles to bybit:SKHYNIX/USDT:1h"}
{"ts":"2026-07-24 18:21:13,360","level":"INFO","logger":"app.data_engine.redis_publisher","msg":"published 1 candles to bybit:DOGE/USDT:1h"}
{"ts":"2026-07-24 18:21:13,463","level":"INFO","logger":"app.data_engine.redis_publisher","msg":"published 1 candles to bybit:CL/USDT:1h"}
{"ts":"2026-07-24 18:21:13,562","level":"INFO","logger":"app.data_engine.redis_publisher","msg":"published 1 candles to bybit:AERGO/USDT:1h"}
{"ts":"2026-07-24 18:21:13,665","level":"INFO","logger":"app.data_engine.redis_publisher","msg":"published 1 candles to bybit:ZEC/USDT:1h"}
{"ts":"2026-07-24 18:21:13,762","level":"INFO","logger":"app.data_engine.redis_publisher","msg":"published 1 candles to bybit:VELVET/USDT:1h"}
{"ts":"2026-07-24 18:21:13,864","level":"INFO","logger":"app.data_engine.redis_publisher","msg":"published 1 candles to bybit:XAU/USDT:1h"}
{"ts":"2026-07-24 18:21:13,972","level":"INFO","logger":"app.data_engine.redis_publisher","msg":"published 1 candles to bybit:LA/USDT:1h"}
{"ts":"2026-07-24 18:21:14,067","level":"INFO","logger":"app.data_engine.redis_publisher","msg":"published 1 candles to bybit:INTC/USDT:1h"}
{"ts":"2026-07-24 18:21:14,172","level":"INFO","logger":"app.data_engine.redis_publisher","msg":"published 1 candles to bybit:NEAR/USDT:1h"}
{"ts":"2026-07-24 18:21:14,397","level":"INFO","logger":"app.data_engine.redis_publisher","msg":"published 1 candles to bybit:KAITO/USDT:1h"}
{"ts":"2026-07-24 18:22:03,419","level":"INFO","logger":"app.data_engine.redis_publisher","msg":"published 1 candles to bybit:HEMI/USDT:1h"}
{"ts":"2026-07-24 18:22:03,501","level":"INFO","logger":"app.data_engine.redis_publisher","msg":"published 1 candles to bybit:BLESS/USDT:1h"}
{"ts":"2026-07-24 18:22:03,602","level":"INFO","logger":"app.data_engine.redis_publisher","msg":"published 1 candles to bybit:ORDER/USDT:1h"}
{"ts":"2026-07-24 18:22:03,701","level":"INFO","logger":"app.data_engine.redis_publisher","msg":"published 1 candles to bybit:SPCX/USDT:1h"}
{"ts":"2026-07-24 18:22:08,660","level":"INFO","logger":"app.data_engine.redis_publisher","msg":"published 1 candles to bybit:RE/USDT:1h"}
{"ts":"2026-07-24 18:22:09,123","level":"INFO","logger":"app.data_engine.redis_publisher","msg":"published 1 candles to bybit:AKE/USDT:1h"}
{"ts":"2026-07-24 18:22:09,417","level":"INFO","logger":"app.data_engine.redis_publisher","msg":"published 1 candles to bybit:B2/USDT:1h"}
{"ts":"2026-07-24 18:22:09,731","level":"INFO","logger":"app.data_engine.redis_publisher","msg":"published 1 candles to bybit:DEXE/USDT:1h"}
{"ts":"2026-07-24 18:22:09,828","level":"INFO","logger":"app.data_engine.redis_publisher","msg":"published 1 candles to bybit:TOWNS/USDT:1h"}
{"ts":"2026-07-24 18:22:10,313","level":"INFO","logger":"app.data_engine.redis_publisher","msg":"published 1 candles to bybit:CAP/USDT:1h"}
{"ts":"2026-07-24 18:22:10,425","level":"INFO","logger":"app.data_engine.redis_publisher","msg":"published 1 candles to bybit:ESPORTS/USDT:1h"}
{"ts":"2026-07-24 18:22:10,522","level":"INFO","logger":"app.data_engine.redis_publisher","msg":"published 1 candles to bybit:BANK/USDT:1h"}
{"ts":"2026-07-24 18:22:10,719","level":"INFO","logger":"app.data_engine.redis_publisher","msg":"published 1 candles to bybit:APR/USDT:1h"}
{"ts":"2026-07-24 18:22:10,798","level":"INFO","logger":"app.data_engine.redis_publisher","msg":"published 1 candles to bybit:ACE/USDT:1h"}
{"ts":"2026-07-24 18:22:11,113","level":"INFO","logger":"app.data_engine.redis_publisher","msg":"published 1 candles to bybit:BEAM/USDT:1h"}
{"ts":"2026-07-24 18:22:11,227","level":"INFO","logger":"app.data_engine.redis_publisher","msg":"published 1 candles to bybit:GWEI/USDT:1h"}
{"ts":"2026-07-24 18:22:11,439","level":"INFO","logger":"app.data_engine.redis_publisher","msg":"published 1 candles to bybit:SOL/USDT:1h"}
{"ts":"2026-07-24 18:22:11,634","level":"INFO","logger":"app.data_engine.redis_publisher","msg":"published 1 candles to bybit:BTC/USDT:1h"}
{"ts":"2026-07-24 18:22:11,723","level":"INFO","logger":"app.data_engine.redis_publisher","msg":"published 1 candles to bybit:ETH/USDT:1h"}
{"ts":"2026-07-24 18:22:11,835","level":"INFO","logger":"app.data_engine.redis_publisher","msg":"published 1 candles to bybit:SOXL/USDT:1h"}
{"ts":"2026-07-24 18:22:12,004","level":"INFO","logger":"app.data_engine.redis_publisher","msg":"published 1 candles to bybit:SNDK/USDT:1h"}
{"ts":"2026-07-24 18:22:12,416","level":"INFO","logger":"app.data_engine.redis_publisher","msg":"published 1 candles to bybit:SNXX/USDT:1h"}
{"ts":"2026-07-24 18:22:12,517","level":"INFO","logger":"app.data_engine.redis_publisher","msg":"published 1 candles to bybit:XRP/USDT:1h"}
{"ts":"2026-07-24 18:22:12,648","level":"INFO","logger":"app.data_engine.redis_publisher","msg":"published 1 candles to bybit:MU/USDT:1h"}
{"ts":"2026-07-24 18:22:12,750","level":"INFO","logger":"app.data_engine.redis_publisher","msg":"published 1 candles to bybit:PLAYSOUT/USDT:1h"}
{"ts":"2026-07-24 18:22:13,076","level":"INFO","logger":"app.data_engine.redis_publisher","msg":"published 1 candles to bybit:HYPE/USDT:1h"}
{"ts":"2026-07-24 18:22:13,166","level":"INFO","logger":"app.data_engine.redis_publisher","msg":"published 1 candles to bybit:SKHY/USDT:1h"}
{"ts":"2026-07-24 18:22:13,271","level":"INFO","logger":"app.data_engine.redis_publisher","msg":"published 1 candles to bybit:KORU/USDT:1h"}
{"ts":"2026-07-24 18:22:13,380","level":"INFO","logger":"app.data_engine.redis_publisher","msg":"published 1 candles to bybit:BEAT/USDT:1h"}
{"ts":"2026-07-24 18:22:13,495","level":"INFO","logger":"app.data_engine.redis_publisher","msg":"published 1 candles to bybit:SKHYNIX/USDT:1h"}
{"ts":"2026-07-24 18:22:13,670","level":"INFO","logger":"app.data_engine.redis_publisher","msg":"published 1 candles to bybit:DOGE/USDT:1h"}
{"ts":"2026-07-24 18:22:13,782","level":"INFO","logger":"app.data_engine.redis_publisher","msg":"published 1 candles to bybit:CL/USDT:1h"}
{"ts":"2026-07-24 18:22:13,883","level":"INFO","logger":"app.data_engine.redis_publisher","msg":"published 1 candles to bybit:AERGO/USDT:1h"}
{"ts":"2026-07-24 18:22:13,982","level":"INFO","logger":"app.data_engine.redis_publisher","msg":"published 1 candles to bybit:ZEC/USDT:1h"}
{"ts":"2026-07-24 18:22:14,081","level":"INFO","logger":"app.data_engine.redis_publisher","msg":"published 1 candles to bybit:VELVET/USDT:1h"}
{"ts":"2026-07-24 18:22:14,184","level":"INFO","logger":"app.data_engine.redis_publisher","msg":"published 1 candles to bybit:XAU/USDT:1h"}
{"ts":"2026-07-24 18:22:14,282","level":"INFO","logger":"app.data_engine.redis_publisher","msg":"published 1 candles to bybit:LA/USDT:1h"}
{"ts":"2026-07-24 18:22:14,382","level":"INFO","logger":"app.data_engine.redis_publisher","msg":"published 1 candles to bybit:INTC/USDT:1h"}
{"ts":"2026-07-24 18:22:14,481","level":"INFO","logger":"app.data_engine.redis_publisher","msg":"published 1 candles to bybit:NEAR/USDT:1h"}
{"ts":"2026-07-24 18:22:14,710","level":"INFO","logger":"app.data_engine.redis_publisher","msg":"published 1 candles to bybit:KAITO/USDT:1h"}
{"ts":"2026-07-24 18:23:03,985","level":"INFO","logger":"app.data_engine.redis_publisher","msg":"published 1 candles to bybit:HEMI/USDT:1h"}
{"ts":"2026-07-24 18:23:04,066","level":"INFO","logger":"app.data_engine.redis_publisher","msg":"published 1 candles to bybit:BLESS/USDT:1h"}
{"ts":"2026-07-24 18:23:04,160","level":"INFO","logger":"app.data_engine.redis_publisher","msg":"published 1 candles to bybit:ORDER/USDT:1h"}
{"ts":"2026-07-24 18:23:04,259","level":"INFO","logger":"app.data_engine.redis_publisher","msg":"published 1 candles to bybit:SPCX/USDT:1h"}
{"ts":"2026-07-24 18:23:08,972","level":"INFO","logger":"app.data_engine.redis_publisher","msg":"published 1 candles to bybit:RE/USDT:1h"}
{"ts":"2026-07-24 18:23:09,440","level":"INFO","logger":"app.data_engine.redis_publisher","msg":"published 1 candles to bybit:AKE/USDT:1h"}
{"ts":"2026-07-24 18:23:09,728","level":"INFO","logger":"app.data_engine.redis_publisher","msg":"published 1 candles to bybit:B2/USDT:1h"}
{"ts":"2026-07-24 18:23:10,045","level":"INFO","logger":"app.data_engine.redis_publisher","msg":"published 1 candles to bybit:DEXE/USDT:1h"}
{"ts":"2026-07-24 18:23:10,146","level":"INFO","logger":"app.data_engine.redis_publisher","msg":"published 1 candles to bybit:TOWNS/USDT:1h"}
{"ts":"2026-07-24 18:23:10,622","level":"INFO","logger":"app.data_engine.redis_publisher","msg":"published 1 candles to bybit:CAP/USDT:1h"}
{"ts":"2026-07-24 18:23:10,739","level":"INFO","logger":"app.data_engine.redis_publisher","msg":"published 1 candles to bybit:ESPORTS/USDT:1h"}
{"ts":"2026-07-24 18:23:10,848","level":"INFO","logger":"app.data_engine.redis_publisher","msg":"published 1 candles to bybit:BANK/USDT:1h"}
{"ts":"2026-07-24 18:23:11,029","level":"INFO","logger":"app.data_engine.redis_publisher","msg":"published 1 candles to bybit:APR/USDT:1h"}
{"ts":"2026-07-24 18:23:11,127","level":"INFO","logger":"app.data_engine.redis_publisher","msg":"published 1 candles to bybit:ACE/USDT:1h"}
{"ts":"2026-07-24 18:23:11,425","level":"INFO","logger":"app.data_engine.redis_publisher","msg":"published 1 candles to bybit:BEAM/USDT:1h"}
{"ts":"2026-07-24 18:23:11,542","level":"INFO","logger":"app.data_engine.redis_publisher","msg":"published 1 candles to bybit:GWEI/USDT:1h"}
{"ts":"2026-07-24 18:23:11,757","level":"INFO","logger":"app.data_engine.redis_publisher","msg":"published 1 candles to bybit:SOL/USDT:1h"}
{"ts":"2026-07-24 18:23:11,947","level":"INFO","logger":"app.data_engine.redis_publisher","msg":"published 1 candles to bybit:BTC/USDT:1h"}
{"ts":"2026-07-24 18:23:12,049","level":"INFO","logger":"app.data_engine.redis_publisher","msg":"published 1 candles to bybit:ETH/USDT:1h"}
{"ts":"2026-07-24 18:23:12,148","level":"INFO","logger":"app.data_engine.redis_publisher","msg":"published 1 candles to bybit:SOXL/USDT:1h"}
{"ts":"2026-07-24 18:23:12,313","level":"INFO","logger":"app.data_engine.redis_publisher","msg":"published 1 candles to bybit:SNDK/USDT:1h"}
{"ts":"2026-07-24 18:23:12,727","level":"INFO","logger":"app.data_engine.redis_publisher","msg":"published 1 candles to bybit:SNXX/USDT:1h"}
{"ts":"2026-07-24 18:23:12,829","level":"INFO","logger":"app.data_engine.redis_publisher","msg":"published 1 candles to bybit:XRP/USDT:1h"}
{"ts":"2026-07-24 18:23:12,958","level":"INFO","logger":"app.data_engine.redis_publisher","msg":"published 1 candles to bybit:MU/USDT:1h"}
{"ts":"2026-07-24 18:23:13,061","level":"INFO","logger":"app.data_engine.redis_publisher","msg":"published 1 candles to bybit:PLAYSOUT/USDT:1h"}
{"ts":"2026-07-24 18:23:13,387","level":"INFO","logger":"app.data_engine.redis_publisher","msg":"published 1 candles to bybit:HYPE/USDT:1h"}
{"ts":"2026-07-24 18:23:13,486","level":"INFO","logger":"app.data_engine.redis_publisher","msg":"published 1 candles to bybit:SKHY/USDT:1h"}
{"ts":"2026-07-24 18:23:13,586","level":"INFO","logger":"app.data_engine.redis_publisher","msg":"published 1 candles to bybit:KORU/USDT:1h"}
{"ts":"2026-07-24 18:23:13,689","level":"INFO","logger":"app.data_engine.redis_publisher","msg":"published 1 candles to bybit:BEAT/USDT:1h"}
{"ts":"2026-07-24 18:23:13,808","level":"INFO","logger":"app.data_engine.redis_publisher","msg":"published 1 candles to bybit:SKHYNIX/USDT:1h"}
{"ts":"2026-07-24 18:23:13,986","level":"INFO","logger":"app.data_engine.redis_publisher","msg":"published 1 candles to bybit:DOGE/USDT:1h"}
{"ts":"2026-07-24 18:23:14,093","level":"INFO","logger":"app.data_engine.redis_publisher","msg":"published 1 candles to bybit:CL/USDT:1h"}
{"ts":"2026-07-24 18:23:14,192","level":"INFO","logger":"app.data_engine.redis_publisher","msg":"published 1 candles to bybit:AERGO/USDT:1h"}
{"ts":"2026-07-24 18:23:14,297","level":"INFO","logger":"app.data_engine.redis_publisher","msg":"published 1 candles to bybit:ZEC/USDT:1h"}
{"ts":"2026-07-24 18:23:14,397","level":"INFO","logger":"app.data_engine.redis_publisher","msg":"published 1 candles to bybit:VELVET/USDT:1h"}
{"ts":"2026-07-24 18:23:14,498","level":"INFO","logger":"app.data_engine.redis_publisher","msg":"published 1 candles to bybit:XAU/USDT:1h"}
{"ts":"2026-07-24 18:23:14,598","level":"INFO","logger":"app.data_engine.redis_publisher","msg":"published 1 candles to bybit:LA/USDT:1h"}
{"ts":"2026-07-24 18:23:14,698","level":"INFO","logger":"app.data_engine.redis_publisher","msg":"published 1 candles to bybit:INTC/USDT:1h"}
{"ts":"2026-07-24 18:23:14,796","level":"INFO","logger":"app.data_engine.redis_publisher","msg":"published 1 candles to bybit:NEAR/USDT:1h"}
{"ts":"2026-07-24 18:23:15,020","level":"INFO","logger":"app.data_engine.redis_publisher","msg":"published 1 candles to bybit:KAITO/USDT:1h"}
{"ts":"2026-07-24 18:24:04,529","level":"INFO","logger":"app.data_engine.redis_publisher","msg":"published 1 candles to bybit:HEMI/USDT:1h"}
{"ts":"2026-07-24 18:24:04,626","level":"INFO","logger":"app.data_engine.redis_publisher","msg":"published 1 candles to bybit:BLESS/USDT:1h"}
{"ts":"2026-07-24 18:24:04,725","level":"INFO","logger":"app.data_engine.redis_publisher","msg":"published 1 candles to bybit:ORDER/USDT:1h"}
{"ts":"2026-07-24 18:24:04,824","level":"INFO","logger":"app.data_engine.redis_publisher","msg":"published 1 candles to bybit:SPCX/USDT:1h"}
{"ts":"2026-07-24 18:24:09,279","level":"INFO","logger":"app.data_engine.redis_publisher","msg":"published 1 candles to bybit:RE/USDT:1h"}
{"ts":"2026-07-24 18:24:09,749","level":"INFO","logger":"app.data_engine.redis_publisher","msg":"published 1 candles to bybit:AKE/USDT:1h"}
{"ts":"2026-07-24 18:24:10,039","level":"INFO","logger":"app.data_engine.redis_publisher","msg":"published 1 candles to bybit:B2/USDT:1h"}
{"ts":"2026-07-24 18:24:10,356","level":"INFO","logger":"app.data_engine.redis_publisher","msg":"published 1 candles to bybit:DEXE/USDT:1h"}
{"ts":"2026-07-24 18:24:10,458","level":"INFO","logger":"app.data_engine.redis_publisher","msg":"published 1 candles to bybit:TOWNS/USDT:1h"}
{"ts":"2026-07-24 18:24:10,935","level":"INFO","logger":"app.data_engine.redis_publisher","msg":"published 1 candles to bybit:CAP/USDT:1h"}
{"ts":"2026-07-24 18:24:11,049","level":"INFO","logger":"app.data_engine.redis_publisher","msg":"published 1 candles to bybit:ESPORTS/USDT:1h"}
{"ts":"2026-07-24 18:24:11,156","level":"INFO","logger":"app.data_engine.redis_publisher","msg":"published 1 candles to bybit:BANK/USDT:1h"}
{"ts":"2026-07-24 18:24:11,339","level":"INFO","logger":"app.data_engine.redis_publisher","msg":"published 1 candles to bybit:APR/USDT:1h"}
{"ts":"2026-07-24 18:24:11,442","level":"INFO","logger":"app.data_engine.redis_publisher","msg":"published 1 candles to bybit:ACE/USDT:1h"}
{"ts":"2026-07-24 18:24:11,750","level":"INFO","logger":"app.data_engine.redis_publisher","msg":"published 1 candles to bybit:BEAM/USDT:1h"}
{"ts":"2026-07-24 18:24:11,855","level":"INFO","logger":"app.data_engine.redis_publisher","msg":"published 1 candles to bybit:GWEI/USDT:1h"}
{"ts":"2026-07-24 18:24:12,069","level":"INFO","logger":"app.data_engine.redis_publisher","msg":"published 1 candles to bybit:SOL/USDT:1h"}
{"ts":"2026-07-24 18:24:12,263","level":"INFO","logger":"app.data_engine.redis_publisher","msg":"published 1 candles to bybit:BTC/USDT:1h"}
{"ts":"2026-07-24 18:24:12,360","level":"INFO","logger":"app.data_engine.redis_publisher","msg":"published 1 candles to bybit:ETH/USDT:1h"}
{"ts":"2026-07-24 18:24:12,459","level":"INFO","logger":"app.data_engine.redis_publisher","msg":"published 1 candles to bybit:SOXL/USDT:1h"}
{"ts":"2026-07-24 18:24:12,624","level":"INFO","logger":"app.data_engine.redis_publisher","msg":"published 1 candles to bybit:SNDK/USDT:1h"}
{"ts":"2026-07-24 18:24:13,040","level":"INFO","logger":"app.data_engine.redis_publisher","msg":"published 1 candles to bybit:SNXX/USDT:1h"}
{"ts":"2026-07-24 18:24:13,138","level":"INFO","logger":"app.data_engine.redis_publisher","msg":"published 1 candles to bybit:XRP/USDT:1h"}
{"ts":"2026-07-24 18:24:13,269","level":"INFO","logger":"app.data_engine.redis_publisher","msg":"published 1 candles to bybit:MU/USDT:1h"}
{"ts":"2026-07-24 18:24:13,368","level":"INFO","logger":"app.data_engine.redis_publisher","msg":"published 1 candles to bybit:PLAYSOUT/USDT:1h"}
{"ts":"2026-07-24 18:24:13,696","level":"INFO","logger":"app.data_engine.redis_publisher","msg":"published 1 candles to bybit:HYPE/USDT:1h"}
{"ts":"2026-07-24 18:24:13,796","level":"INFO","logger":"app.data_engine.redis_publisher","msg":"published 1 candles to bybit:SKHY/USDT:1h"}
{"ts":"2026-07-24 18:24:13,897","level":"INFO","logger":"app.data_engine.redis_publisher","msg":"published 1 candles to bybit:KORU/USDT:1h"}
{"ts":"2026-07-24 18:24:13,998","level":"INFO","logger":"app.data_engine.redis_publisher","msg":"published 1 candles to bybit:BEAT/USDT:1h"}
{"ts":"2026-07-24 18:24:14,125","level":"INFO","logger":"app.data_engine.redis_publisher","msg":"published 1 candles to bybit:SKHYNIX/USDT:1h"}
{"ts":"2026-07-24 18:24:14,296","level":"INFO","logger":"app.data_engine.redis_publisher","msg":"published 1 candles to bybit:DOGE/USDT:1h"}
{"ts":"2026-07-24 18:24:14,406","level":"INFO","logger":"app.data_engine.redis_publisher","msg":"published 1 candles to bybit:CL/USDT:1h"}
{"ts":"2026-07-24 18:24:14,503","level":"INFO","logger":"app.data_engine.redis_publisher","msg":"published 1 candles to bybit:AERGO/USDT:1h"}
{"ts":"2026-07-24 18:24:14,611","level":"INFO","logger":"app.data_engine.redis_publisher","msg":"published 1 candles to bybit:ZEC/USDT:1h"}
{"ts":"2026-07-24 18:24:14,709","level":"INFO","logger":"app.data_engine.redis_publisher","msg":"published 1 candles to bybit:VELVET/USDT:1h"}
{"ts":"2026-07-24 18:24:14,819","level":"INFO","logger":"app.data_engine.redis_publisher","msg":"published 1 candles to bybit:XAU/USDT:1h"}
{"ts":"2026-07-24 18:24:14,908","level":"INFO","logger":"app.data_engine.redis_publisher","msg":"published 1 candles to bybit:LA/USDT:1h"}
{"ts":"2026-07-24 18:24:15,111","level":"INFO","logger":"app.data_engine.redis_publisher","msg":"published 1 candles to bybit:NEAR/USDT:1h"}
{"ts":"2026-07-24 18:24:15,196","level":"INFO","logger":"app.data_engine.redis_publisher","msg":"published 1 candles to bybit:INTC/USDT:1h"}
{"ts":"2026-07-24 18:24:15,334","level":"INFO","logger":"app.data_engine.redis_publisher","msg":"published 1 candles to bybit:KAITO/USDT:1h"}
{"ts":"2026-07-24 18:25:00,156","level":"INFO","logger":"app.data_engine.exchange_connector","msg":"fetched 1594 candles for CBRS/USDT 1h (90 days)"}
{"ts":"2026-07-24 18:25:00,551","level":"INFO","logger":"app.data_engine.redis_publisher","msg":"published 10 candles to bybit:CBRS/USDT:1h"}
{"ts":"2026-07-24 18:25:04,839","level":"INFO","logger":"app.data_engine.redis_publisher","msg":"published 1 candles to bybit:HEMI/USDT:1h"}
{"ts":"2026-07-24 18:25:05,176","level":"INFO","logger":"app.data_engine.redis_publisher","msg":"published 1 candles to bybit:BLESS/USDT:1h"}
{"ts":"2026-07-24 18:25:05,276","level":"INFO","logger":"app.data_engine.redis_publisher","msg":"published 1 candles to bybit:ORDER/USDT:1h"}
{"ts":"2026-07-24 18:25:09,590","level":"INFO","logger":"app.data_engine.redis_publisher","msg":"published 1 candles to bybit:RE/USDT:1h"}
{"ts":"2026-07-24 18:25:10,058","level":"INFO","logger":"app.data_engine.redis_publisher","msg":"published 1 candles to bybit:AKE/USDT:1h"}
{"ts":"2026-07-24 18:25:10,352","level":"INFO","logger":"app.data_engine.redis_publisher","msg":"published 1 candles to bybit:B2/USDT:1h"}
{"ts":"2026-07-24 18:25:10,671","level":"INFO","logger":"app.data_engine.redis_publisher","msg":"published 1 candles to bybit:DEXE/USDT:1h"}
{"ts":"2026-07-24 18:25:10,778","level":"INFO","logger":"app.data_engine.redis_publisher","msg":"published 1 candles to bybit:TOWNS/USDT:1h"}
{"ts":"2026-07-24 18:25:11,238","level":"INFO","logger":"app.data_engine.redis_publisher","msg":"published 1 candles to bybit:CAP/USDT:1h"}
{"ts":"2026-07-24 18:25:11,362","level":"INFO","logger":"app.data_engine.redis_publisher","msg":"published 1 candles to bybit:ESPORTS/USDT:1h"}
{"ts":"2026-07-24 18:25:11,467","level":"INFO","logger":"app.data_engine.redis_publisher","msg":"published 1 candles to bybit:BANK/USDT:1h"}
{"ts":"2026-07-24 18:25:11,652","level":"INFO","logger":"app.data_engine.redis_publisher","msg":"published 1 candles to bybit:APR/USDT:1h"}
{"ts":"2026-07-24 18:25:11,753","level":"INFO","logger":"app.data_engine.redis_publisher","msg":"published 1 candles to bybit:ACE/USDT:1h"}
{"ts":"2026-07-24 18:25:12,059","level":"INFO","logger":"app.data_engine.redis_publisher","msg":"published 1 candles to bybit:BEAM/USDT:1h"}
{"ts":"2026-07-24 18:25:12,167","level":"INFO","logger":"app.data_engine.redis_publisher","msg":"published 1 candles to bybit:GWEI/USDT:1h"}
{"ts":"2026-07-24 18:25:12,380","level":"INFO","logger":"app.data_engine.redis_publisher","msg":"published 1 candles to bybit:SOL/USDT:1h"}
{"ts":"2026-07-24 18:25:12,575","level":"INFO","logger":"app.data_engine.redis_publisher","msg":"published 1 candles to bybit:BTC/USDT:1h"}
{"ts":"2026-07-24 18:25:12,678","level":"INFO","logger":"app.data_engine.redis_publisher","msg":"published 1 candles to bybit:ETH/USDT:1h"}
{"ts":"2026-07-24 18:25:12,788","level":"INFO","logger":"app.data_engine.redis_publisher","msg":"published 1 candles to bybit:SOXL/USDT:1h"}
{"ts":"2026-07-24 18:25:12,933","level":"INFO","logger":"app.data_engine.redis_publisher","msg":"published 1 candles to bybit:SNDK/USDT:1h"}
{"ts":"2026-07-24 18:25:13,353","level":"INFO","logger":"app.data_engine.redis_publisher","msg":"published 1 candles to bybit:SNXX/USDT:1h"}
{"ts":"2026-07-24 18:25:13,451","level":"INFO","logger":"app.data_engine.redis_publisher","msg":"published 1 candles to bybit:XRP/USDT:1h"}
{"ts":"2026-07-24 18:25:13,579","level":"INFO","logger":"app.data_engine.redis_publisher","msg":"published 1 candles to bybit:MU/USDT:1h"}
{"ts":"2026-07-24 18:25:13,680","level":"INFO","logger":"app.data_engine.redis_publisher","msg":"published 1 candles to bybit:PLAYSOUT/USDT:1h"}
{"ts":"2026-07-24 18:25:14,007","level":"INFO","logger":"app.data_engine.redis_publisher","msg":"published 1 candles to bybit:HYPE/USDT:1h"}
{"ts":"2026-07-24 18:25:14,105","level":"INFO","logger":"app.data_engine.redis_publisher","msg":"published 1 candles to bybit:SKHY/USDT:1h"}
{"ts":"2026-07-24 18:25:14,210","level":"INFO","logger":"app.data_engine.redis_publisher","msg":"published 1 candles to bybit:KORU/USDT:1h"}
{"ts":"2026-07-24 18:25:14,310","level":"INFO","logger":"app.data_engine.redis_publisher","msg":"published 1 candles to bybit:BEAT/USDT:1h"}
{"ts":"2026-07-24 18:25:14,436","level":"INFO","logger":"app.data_engine.redis_publisher","msg":"published 1 candles to bybit:SKHYNIX/USDT:1h"}
{"ts":"2026-07-24 18:25:14,610","level":"INFO","logger":"app.data_engine.redis_publisher","msg":"published 1 candles to bybit:DOGE/USDT:1h"}
{"ts":"2026-07-24 18:25:14,719","level":"INFO","logger":"app.data_engine.redis_publisher","msg":"published 1 candles to bybit:CL/USDT:1h"}
{"ts":"2026-07-24 18:25:14,815","level":"INFO","logger":"app.data_engine.redis_publisher","msg":"published 1 candles to bybit:AERGO/USDT:1h"}
{"ts":"2026-07-24 18:25:14,922","level":"INFO","logger":"app.data_engine.redis_publisher","msg":"published 1 candles to bybit:ZEC/USDT:1h"}
{"ts":"2026-07-24 18:25:15,033","level":"INFO","logger":"app.data_engine.redis_publisher","msg":"published 1 candles to bybit:VELVET/USDT:1h"}
{"ts":"2026-07-24 18:25:15,127","level":"INFO","logger":"app.data_engine.redis_publisher","msg":"published 1 candles to bybit:XAU/USDT:1h"}
{"ts":"2026-07-24 18:25:15,227","level":"INFO","logger":"app.data_engine.redis_publisher","msg":"published 1 candles to bybit:LA/USDT:1h"}
{"ts":"2026-07-24 18:25:15,423","level":"INFO","logger":"app.data_engine.redis_publisher","msg":"published 1 candles to bybit:NEAR/USDT:1h"}
{"ts":"2026-07-24 18:25:15,649","level":"INFO","logger":"app.data_engine.redis_publisher","msg":"published 1 candles to bybit:KAITO/USDT:1h"}
{"ts":"2026-07-24 18:25:15,705","level":"INFO","logger":"app.data_engine.redis_publisher","msg":"published 1 candles to bybit:INTC/USDT:1h"}
{"ts":"2026-07-24 18:26:01,445","level":"INFO","logger":"app.data_engine.redis_publisher","msg":"published 1 candles to bybit:CBRS/USDT:1h"}
{"ts":"2026-07-24 18:26:05,162","level":"INFO","logger":"app.data_engine.redis_publisher","msg":"published 1 candles to bybit:HEMI/USDT:1h"}
{"ts":"2026-07-24 18:26:05,491","level":"INFO","logger":"app.data_engine.redis_publisher","msg":"published 1 candles to bybit:BLESS/USDT:1h"}
{"ts":"2026-07-24 18:26:05,823","level":"INFO","logger":"app.data_engine.redis_publisher","msg":"published 1 candles to bybit:ORDER/USDT:1h"}
{"ts":"2026-07-24 18:26:09,901","level":"INFO","logger":"app.data_engine.redis_publisher","msg":"published 1 candles to bybit:RE/USDT:1h"}
{"ts":"2026-07-24 18:26:10,373","level":"INFO","logger":"app.data_engine.redis_publisher","msg":"published 1 candles to bybit:AKE/USDT:1h"}
{"ts":"2026-07-24 18:26:10,661","level":"INFO","logger":"app.data_engine.redis_publisher","msg":"published 1 candles to bybit:B2/USDT:1h"}
{"ts":"2026-07-24 18:26:10,981","level":"INFO","logger":"app.data_engine.redis_publisher","msg":"published 1 candles to bybit:DEXE/USDT:1h"}
{"ts":"2026-07-24 18:26:11,088","level":"INFO","logger":"app.data_engine.redis_publisher","msg":"published 1 candles to bybit:TOWNS/USDT:1h"}
{"ts":"2026-07-24 18:26:11,559","level":"INFO","logger":"app.data_engine.redis_publisher","msg":"published 1 candles to bybit:CAP/USDT:1h"}
{"ts":"2026-07-24 18:26:11,680","level":"INFO","logger":"app.data_engine.redis_publisher","msg":"published 1 candles to bybit:ESPORTS/USDT:1h"}
{"ts":"2026-07-24 18:26:11,777","level":"INFO","logger":"app.data_engine.redis_publisher","msg":"published 1 candles to bybit:BANK/USDT:1h"}
{"ts":"2026-07-24 18:26:11,962","level":"INFO","logger":"app.data_engine.redis_publisher","msg":"published 1 candles to bybit:APR/USDT:1h"}
{"ts":"2026-07-24 18:26:12,069","level":"INFO","logger":"app.data_engine.redis_publisher","msg":"published 1 candles to bybit:ACE/USDT:1h"}
{"ts":"2026-07-24 18:26:12,387","level":"INFO","logger":"app.data_engine.redis_publisher","msg":"published 1 candles to bybit:BEAM/USDT:1h"}
{"ts":"2026-07-24 18:26:12,478","level":"INFO","logger":"app.data_engine.redis_publisher","msg":"published 1 candles to bybit:GWEI/USDT:1h"}
{"ts":"2026-07-24 18:26:12,697","level":"INFO","logger":"app.data_engine.redis_publisher","msg":"published 1 candles to bybit:SOL/USDT:1h"}
{"ts":"2026-07-24 18:26:12,887","level":"INFO","logger":"app.data_engine.redis_publisher","msg":"published 1 candles to bybit:BTC/USDT:1h"}
{"ts":"2026-07-24 18:26:12,989","level":"INFO","logger":"app.data_engine.redis_publisher","msg":"published 1 candles to bybit:ETH/USDT:1h"}
{"ts":"2026-07-24 18:26:13,097","level":"INFO","logger":"app.data_engine.redis_publisher","msg":"published 1 candles to bybit:SOXL/USDT:1h"}
{"ts":"2026-07-24 18:26:13,241","level":"INFO","logger":"app.data_engine.redis_publisher","msg":"published 1 candles to bybit:SNDK/USDT:1h"}
{"ts":"2026-07-24 18:26:13,669","level":"INFO","logger":"app.data_engine.redis_publisher","msg":"published 1 candles to bybit:SNXX/USDT:1h"}
{"ts":"2026-07-24 18:26:13,812","level":"INFO","logger":"app.data_engine.redis_publisher","msg":"published 1 candles to bybit:XRP/USDT:1h"}
{"ts":"2026-07-24 18:26:13,889","level":"INFO","logger":"app.data_engine.redis_publisher","msg":"published 1 candles to bybit:MU/USDT:1h"}
{"ts":"2026-07-24 18:26:14,218","level":"INFO","logger":"app.data_engine.redis_publisher","msg":"published 1 candles to bybit:PLAYSOUT/USDT:1h"}
{"ts":"2026-07-24 18:26:14,319","level":"INFO","logger":"app.data_engine.redis_publisher","msg":"published 1 candles to bybit:HYPE/USDT:1h"}
{"ts":"2026-07-24 18:26:14,418","level":"INFO","logger":"app.data_engine.redis_publisher","msg":"published 1 candles to bybit:SKHY/USDT:1h"}
{"ts":"2026-07-24 18:26:14,519","level":"INFO","logger":"app.data_engine.redis_publisher","msg":"published 1 candles to bybit:KORU/USDT:1h"}
{"ts":"2026-07-24 18:26:14,619","level":"INFO","logger":"app.data_engine.redis_publisher","msg":"published 1 candles to bybit:BEAT/USDT:1h"}
{"ts":"2026-07-24 18:26:14,748","level":"INFO","logger":"app.data_engine.redis_publisher","msg":"published 1 candles to bybit:SKHYNIX/USDT:1h"}
{"ts":"2026-07-24 18:26:14,919","level":"INFO","logger":"app.data_engine.redis_publisher","msg":"published 1 candles to bybit:DOGE/USDT:1h"}
{"ts":"2026-07-24 18:26:15,029","level":"INFO","logger":"app.data_engine.redis_publisher","msg":"published 1 candles to bybit:CL/USDT:1h"}
{"ts":"2026-07-24 18:26:15,131","level":"INFO","logger":"app.data_engine.redis_publisher","msg":"published 1 candles to bybit:AERGO/USDT:1h"}
{"ts":"2026-07-24 18:26:15,232","level":"INFO","logger":"app.data_engine.redis_publisher","msg":"published 1 candles to bybit:ZEC/USDT:1h"}
{"ts":"2026-07-24 18:26:15,344","level":"INFO","logger":"app.data_engine.redis_publisher","msg":"published 1 candles to bybit:VELVET/USDT:1h"}
{"ts":"2026-07-24 18:26:15,441","level":"INFO","logger":"app.data_engine.redis_publisher","msg":"published 1 candles to bybit:XAU/USDT:1h"}
{"ts":"2026-07-24 18:26:15,541","level":"INFO","logger":"app.data_engine.redis_publisher","msg":"published 1 candles to bybit:LA/USDT:1h"}
{"ts":"2026-07-24 18:26:15,913","level":"INFO","logger":"app.data_engine.redis_publisher","msg":"published 1 candles to bybit:NEAR/USDT:1h"}
{"ts":"2026-07-24 18:26:16,036","level":"INFO","logger":"app.data_engine.redis_publisher","msg":"published 1 candles to bybit:KAITO/USDT:1h"}
{"ts":"2026-07-24 18:26:16,059","level":"INFO","logger":"app.data_engine.redis_publisher","msg":"published 1 candles to bybit:INTC/USDT:1h"}
{"ts":"2026-07-24 18:27:02,414","level":"INFO","logger":"app.data_engine.redis_publisher","msg":"published 1 candles to bybit:CBRS/USDT:1h"}
{"ts":"2026-07-24 18:27:05,477","level":"INFO","logger":"app.data_engine.redis_publisher","msg":"published 1 candles to bybit:HEMI/USDT:1h"}
{"ts":"2026-07-24 18:27:05,807","level":"INFO","logger":"app.data_engine.redis_publisher","msg":"published 1 candles to bybit:BLESS/USDT:1h"}
{"ts":"2026-07-24 18:27:06,143","level":"INFO","logger":"app.data_engine.redis_publisher","msg":"published 1 candles to bybit:ORDER/USDT:1h"}
{"ts":"2026-07-24 18:27:10,214","level":"INFO","logger":"app.data_engine.redis_publisher","msg":"published 1 candles to bybit:RE/USDT:1h"}
{"ts":"2026-07-24 18:27:10,684","level":"INFO","logger":"app.data_engine.redis_publisher","msg":"published 1 candles to bybit:AKE/USDT:1h"}
{"ts":"2026-07-24 18:27:10,971","level":"INFO","logger":"app.data_engine.redis_publisher","msg":"published 1 candles to bybit:B2/USDT:1h"}
{"ts":"2026-07-24 18:27:11,294","level":"INFO","logger":"app.data_engine.redis_publisher","msg":"published 1 candles to bybit:DEXE/USDT:1h"}
{"ts":"2026-07-24 18:27:11,625","level":"INFO","logger":"app.data_engine.redis_publisher","msg":"published 1 candles to bybit:TOWNS/USDT:1h"}
{"ts":"2026-07-24 18:27:11,873","level":"INFO","logger":"app.data_engine.redis_publisher","msg":"published 1 candles to bybit:CAP/USDT:1h"}
{"ts":"2026-07-24 18:27:12,005","level":"INFO","logger":"app.data_engine.redis_publisher","msg":"published 1 candles to bybit:ESPORTS/USDT:1h"}
{"ts":"2026-07-24 18:27:12,099","level":"INFO","logger":"app.data_engine.redis_publisher","msg":"published 1 candles to bybit:BANK/USDT:1h"}
{"ts":"2026-07-24 18:27:12,272","level":"INFO","logger":"app.data_engine.redis_publisher","msg":"published 1 candles to bybit:APR/USDT:1h"}
{"ts":"2026-07-24 18:27:12,378","level":"INFO","logger":"app.data_engine.redis_publisher","msg":"published 1 candles to bybit:ACE/USDT:1h"}
{"ts":"2026-07-24 18:27:12,727","level":"INFO","logger":"app.data_engine.redis_publisher","msg":"published 1 candles to bybit:BEAM/USDT:1h"}
{"ts":"2026-07-24 18:27:12,807","level":"INFO","logger":"app.data_engine.redis_publisher","msg":"published 1 candles to bybit:GWEI/USDT:1h"}
{"ts":"2026-07-24 18:27:13,009","level":"INFO","logger":"app.data_engine.redis_publisher","msg":"published 1 candles to bybit:SOL/USDT:1h"}
{"ts":"2026-07-24 18:27:13,200","level":"INFO","logger":"app.data_engine.redis_publisher","msg":"published 1 candles to bybit:BTC/USDT:1h"}
{"ts":"2026-07-24 18:27:13,299","level":"INFO","logger":"app.data_engine.redis_publisher","msg":"published 1 candles to bybit:ETH/USDT:1h"}
{"ts":"2026-07-24 18:27:13,553","level":"INFO","logger":"app.data_engine.redis_publisher","msg":"published 1 candles to bybit:SNDK/USDT:1h"}
{"ts":"2026-07-24 18:27:13,633","level":"INFO","logger":"app.data_engine.redis_publisher","msg":"published 1 candles to bybit:SOXL/USDT:1h"}
{"ts":"2026-07-24 18:27:14,123","level":"INFO","logger":"app.data_engine.redis_publisher","msg":"published 1 candles to bybit:XRP/USDT:1h"}
{"ts":"2026-07-24 18:27:14,165","level":"INFO","logger":"app.data_engine.redis_publisher","msg":"published 1 candles to bybit:SNXX/USDT:1h"}
{"ts":"2026-07-24 18:27:14,232","level":"INFO","logger":"app.data_engine.redis_publisher","msg":"published 1 candles to bybit:MU/USDT:1h"}
{"ts":"2026-07-24 18:27:14,723","level":"INFO","logger":"app.data_engine.redis_publisher","msg":"published 1 candles to bybit:PLAYSOUT/USDT:1h"}
{"ts":"2026-07-24 18:27:14,734","level":"INFO","logger":"app.data_engine.redis_publisher","msg":"published 1 candles to bybit:SKHY/USDT:1h"}
{"ts":"2026-07-24 18:27:14,820","level":"INFO","logger":"app.data_engine.redis_publisher","msg":"published 1 candles to bybit:HYPE/USDT:1h"}
{"ts":"2026-07-24 18:27:14,938","level":"INFO","logger":"app.data_engine.redis_publisher","msg":"published 1 candles to bybit:BEAT/USDT:1h"}
{"ts":"2026-07-24 18:27:15,055","level":"INFO","logger":"app.data_engine.redis_publisher","msg":"published 1 candles to bybit:SKHYNIX/USDT:1h"}
{"ts":"2026-07-24 18:27:15,059","level":"INFO","logger":"app.data_engine.redis_publisher","msg":"published 1 candles to bybit:KORU/USDT:1h"}
{"ts":"2026-07-24 18:27:15,232","level":"INFO","logger":"app.data_engine.redis_publisher","msg":"published 1 candles to bybit:DOGE/USDT:1h"}
{"ts":"2026-07-24 18:27:15,443","level":"INFO","logger":"app.data_engine.redis_publisher","msg":"published 1 candles to bybit:AERGO/USDT:1h"}
{"ts":"2026-07-24 18:27:15,525","level":"INFO","logger":"app.data_engine.redis_publisher","msg":"published 1 candles to bybit:CL/USDT:1h"}
{"ts":"2026-07-24 18:27:15,542","level":"INFO","logger":"app.data_engine.redis_publisher","msg":"published 1 candles to bybit:ZEC/USDT:1h"}
{"ts":"2026-07-24 18:27:15,656","level":"INFO","logger":"app.data_engine.redis_publisher","msg":"published 1 candles to bybit:VELVET/USDT:1h"}
{"ts":"2026-07-24 18:27:15,754","level":"INFO","logger":"app.data_engine.redis_publisher","msg":"published 1 candles to bybit:XAU/USDT:1h"}
{"ts":"2026-07-24 18:27:16,041","level":"INFO","logger":"app.data_engine.redis_publisher","msg":"published 1 candles to bybit:LA/USDT:1h"}
{"ts":"2026-07-24 18:27:16,224","level":"INFO","logger":"app.data_engine.redis_publisher","msg":"published 1 candles to bybit:NEAR/USDT:1h"}
{"ts":"2026-07-24 18:27:16,346","level":"INFO","logger":"app.data_engine.redis_publisher","msg":"published 1 candles to bybit:KAITO/USDT:1h"}
{"ts":"2026-07-24 18:27:16,444","level":"INFO","logger":"app.data_engine.redis_publisher","msg":"published 1 candles to bybit:INTC/USDT:1h"}
{"ts":"2026-07-24 18:28:03,352","level":"INFO","logger":"app.data_engine.redis_publisher","msg":"published 1 candles to bybit:CBRS/USDT:1h"}
{"ts":"2026-07-24 18:28:05,772","level":"INFO","logger":"app.data_engine.redis_publisher","msg":"published 1 candles to bybit:HEMI/USDT:1h"}
{"ts":"2026-07-24 18:28:06,120","level":"INFO","logger":"app.data_engine.redis_publisher","msg":"published 1 candles to bybit:BLESS/USDT:1h"}
{"ts":"2026-07-24 18:28:06,458","level":"INFO","logger":"app.data_engine.redis_publisher","msg":"published 1 candles to bybit:ORDER/USDT:1h"}
{"ts":"2026-07-24 18:28:10,526","level":"INFO","logger":"app.data_engine.redis_publisher","msg":"published 1 candles to bybit:RE/USDT:1h"}
{"ts":"2026-07-24 18:28:10,996","level":"INFO","logger":"app.data_engine.redis_publisher","msg":"published 1 candles to bybit:AKE/USDT:1h"}
{"ts":"2026-07-24 18:28:11,296","level":"INFO","logger":"app.data_engine.redis_publisher","msg":"published 1 candles to bybit:B2/USDT:1h"}
{"ts":"2026-07-24 18:28:11,609","level":"INFO","logger":"app.data_engine.redis_publisher","msg":"published 1 candles to bybit:DEXE/USDT:1h"}
{"ts":"2026-07-24 18:28:11,934","level":"INFO","logger":"app.data_engine.redis_publisher","msg":"published 1 candles to bybit:TOWNS/USDT:1h"}
{"ts":"2026-07-24 18:28:12,183","level":"INFO","logger":"app.data_engine.redis_publisher","msg":"published 1 candles to bybit:CAP/USDT:1h"}
{"ts":"2026-07-24 18:28:12,415","level":"INFO","logger":"app.data_engine.redis_publisher","msg":"published 1 candles to bybit:BANK/USDT:1h"}
{"ts":"2026-07-24 18:28:12,552","level":"INFO","logger":"app.data_engine.redis_publisher","msg":"published 1 candles to bybit:ESPORTS/USDT:1h"}
{"ts":"2026-07-24 18:28:12,700","level":"INFO","logger":"app.data_engine.redis_publisher","msg":"published 1 candles to bybit:ACE/USDT:1h"}
{"ts":"2026-07-24 18:28:12,816","level":"INFO","logger":"app.data_engine.redis_publisher","msg":"published 1 candles to bybit:APR/USDT:1h"}
{"ts":"2026-07-24 18:28:13,035","level":"INFO","logger":"app.data_engine.redis_publisher","msg":"published 1 candles to bybit:BEAM/USDT:1h"}
{"ts":"2026-07-24 18:28:13,144","level":"INFO","logger":"app.data_engine.redis_publisher","msg":"published 1 candles to bybit:GWEI/USDT:1h"}
{"ts":"2026-07-24 18:28:13,319","level":"INFO","logger":"app.data_engine.redis_publisher","msg":"published 1 candles to bybit:SOL/USDT:1h"}
{"ts":"2026-07-24 18:28:13,512","level":"INFO","logger":"app.data_engine.redis_publisher","msg":"published 1 candles to bybit:BTC/USDT:1h"}
{"ts":"2026-07-24 18:28:13,611","level":"INFO","logger":"app.data_engine.redis_publisher","msg":"published 1 candles to bybit:ETH/USDT:1h"}
{"ts":"2026-07-24 18:28:13,863","level":"INFO","logger":"app.data_engine.redis_publisher","msg":"published 1 candles to bybit:SNDK/USDT:1h"}
{"ts":"2026-07-24 18:28:13,961","level":"INFO","logger":"app.data_engine.redis_publisher","msg":"published 1 candles to bybit:SOXL/USDT:1h"}
{"ts":"2026-07-24 18:28:14,435","level":"INFO","logger":"app.data_engine.redis_publisher","msg":"published 1 candles to bybit:XRP/USDT:1h"}
{"ts":"2026-07-24 18:28:14,535","level":"INFO","logger":"app.data_engine.redis_publisher","msg":"published 1 candles to bybit:SNXX/USDT:1h"}
{"ts":"2026-07-24 18:28:14,838","level":"INFO","logger":"app.data_engine.redis_publisher","msg":"published 1 candles to bybit:MU/USDT:1h"}
{"ts":"2026-07-24 18:28:15,038","level":"INFO","logger":"app.data_engine.redis_publisher","msg":"published 1 candles to bybit:PLAYSOUT/USDT:1h"}
{"ts":"2026-07-24 18:28:15,136","level":"INFO","logger":"app.data_engine.redis_publisher","msg":"published 1 candles to bybit:SKHY/USDT:1h"}
{"ts":"2026-07-24 18:28:15,239","level":"INFO","logger":"app.data_engine.redis_publisher","msg":"published 1 candles to bybit:HYPE/USDT:1h"}
{"ts":"2026-07-24 18:28:15,337","level":"INFO","logger":"app.data_engine.redis_publisher","msg":"published 1 candles to bybit:BEAT/USDT:1h"}
{"ts":"2026-07-24 18:28:15,440","level":"INFO","logger":"app.data_engine.redis_publisher","msg":"published 1 candles to bybit:SKHYNIX/USDT:1h"}
{"ts":"2026-07-24 18:28:15,535","level":"INFO","logger":"app.data_engine.redis_publisher","msg":"published 1 candles to bybit:KORU/USDT:1h"}
{"ts":"2026-07-24 18:28:15,636","level":"INFO","logger":"app.data_engine.redis_publisher","msg":"published 1 candles to bybit:DOGE/USDT:1h"}
{"ts":"2026-07-24 18:28:15,759","level":"INFO","logger":"app.data_engine.redis_publisher","msg":"published 1 candles to bybit:AERGO/USDT:1h"}
{"ts":"2026-07-24 18:28:15,858","level":"INFO","logger":"app.data_engine.redis_publisher","msg":"published 1 candles to bybit:CL/USDT:1h"}
{"ts":"2026-07-24 18:28:15,961","level":"INFO","logger":"app.data_engine.redis_publisher","msg":"published 1 candles to bybit:ZEC/USDT:1h"}
{"ts":"2026-07-24 18:28:16,058","level":"INFO","logger":"app.data_engine.redis_publisher","msg":"published 1 candles to bybit:VELVET/USDT:1h"}
{"ts":"2026-07-24 18:28:16,157","level":"INFO","logger":"app.data_engine.redis_publisher","msg":"published 1 candles to bybit:XAU/USDT:1h"}
{"ts":"2026-07-24 18:28:16,350","level":"INFO","logger":"app.data_engine.redis_publisher","msg":"published 1 candles to bybit:LA/USDT:1h"}
{"ts":"2026-07-24 18:28:16,534","level":"INFO","logger":"app.data_engine.redis_publisher","msg":"published 1 candles to bybit:NEAR/USDT:1h"}
{"ts":"2026-07-24 18:28:16,655","level":"INFO","logger":"app.data_engine.redis_publisher","msg":"published 1 candles to bybit:KAITO/USDT:1h"}
{"ts":"2026-07-24 18:28:16,756","level":"INFO","logger":"app.data_engine.redis_publisher","msg":"published 1 candles to bybit:INTC/USDT:1h"}
{"ts":"2026-07-24 18:29:03,898","level":"INFO","logger":"app.data_engine.redis_publisher","msg":"published 1 candles to bybit:CBRS/USDT:1h"}
{"ts":"2026-07-24 18:29:06,084","level":"INFO","logger":"app.data_engine.redis_publisher","msg":"published 1 candles to bybit:HEMI/USDT:1h"}
{"ts":"2026-07-24 18:29:06,429","level":"INFO","logger":"app.data_engine.redis_publisher","msg":"published 1 candles to bybit:BLESS/USDT:1h"}
{"ts":"2026-07-24 18:29:06,778","level":"INFO","logger":"app.data_engine.redis_publisher","msg":"published 1 candles to bybit:ORDER/USDT:1h"}
{"ts":"2026-07-24 18:29:10,835","level":"INFO","logger":"app.data_engine.redis_publisher","msg":"published 1 candles to bybit:RE/USDT:1h"}
{"ts":"2026-07-24 18:29:11,319","level":"INFO","logger":"app.data_engine.redis_publisher","msg":"published 1 candles to bybit:AKE/USDT:1h"}
{"ts":"2026-07-24 18:29:11,632","level":"INFO","logger":"app.data_engine.redis_publisher","msg":"published 1 candles to bybit:B2/USDT:1h"}
{"ts":"2026-07-24 18:29:11,917","level":"INFO","logger":"app.data_engine.redis_publisher","msg":"published 1 candles to bybit:DEXE/USDT:1h"}
{"ts":"2026-07-24 18:29:12,360","level":"INFO","logger":"app.data_engine.redis_publisher","msg":"published 1 candles to bybit:TOWNS/USDT:1h"}
{"ts":"2026-07-24 18:29:12,618","level":"INFO","logger":"app.data_engine.redis_publisher","msg":"published 1 candles to bybit:CAP/USDT:1h"}
{"ts":"2026-07-24 18:29:12,878","level":"INFO","logger":"app.data_engine.redis_publisher","msg":"published 1 candles to bybit:ESPORTS/USDT:1h"}
{"ts":"2026-07-24 18:29:12,973","level":"INFO","logger":"app.data_engine.redis_publisher","msg":"published 1 candles to bybit:BANK/USDT:1h"}
{"ts":"2026-07-24 18:29:13,149","level":"INFO","logger":"app.data_engine.redis_publisher","msg":"published 1 candles to bybit:APR/USDT:1h"}
{"ts":"2026-07-24 18:29:13,274","level":"INFO","logger":"app.data_engine.redis_publisher","msg":"published 1 candles to bybit:ACE/USDT:1h"}
{"ts":"2026-07-24 18:29:13,348","level":"INFO","logger":"app.data_engine.redis_publisher","msg":"published 1 candles to bybit:BEAM/USDT:1h"}
{"ts":"2026-07-24 18:29:13,511","level":"INFO","logger":"app.data_engine.redis_publisher","msg":"published 1 candles to bybit:GWEI/USDT:1h"}
{"ts":"2026-07-24 18:29:13,636","level":"INFO","logger":"app.data_engine.redis_publisher","msg":"published 1 candles to bybit:SOL/USDT:1h"}
{"ts":"2026-07-24 18:29:13,831","level":"INFO","logger":"app.data_engine.redis_publisher","msg":"published 1 candles to bybit:BTC/USDT:1h"}
{"ts":"2026-07-24 18:29:13,922","level":"INFO","logger":"app.data_engine.redis_publisher","msg":"published 1 candles to bybit:ETH/USDT:1h"}
{"ts":"2026-07-24 18:29:14,175","level":"INFO","logger":"app.data_engine.redis_publisher","msg":"published 1 candles to bybit:SNDK/USDT:1h"}
{"ts":"2026-07-24 18:29:14,275","level":"INFO","logger":"app.data_engine.redis_publisher","msg":"published 1 candles to bybit:SOXL/USDT:1h"}
{"ts":"2026-07-24 18:29:14,743","level":"INFO","logger":"app.data_engine.redis_publisher","msg":"published 1 candles to bybit:XRP/USDT:1h"}
{"ts":"2026-07-24 18:29:14,850","level":"INFO","logger":"app.data_engine.redis_publisher","msg":"published 1 candles to bybit:SNXX/USDT:1h"}
{"ts":"2026-07-24 18:29:15,195","level":"INFO","logger":"app.data_engine.redis_publisher","msg":"published 1 candles to bybit:MU/USDT:1h"}
{"ts":"2026-07-24 18:29:15,390","level":"INFO","logger":"app.data_engine.redis_publisher","msg":"published 1 candles to bybit:PLAYSOUT/USDT:1h"}
{"ts":"2026-07-24 18:29:15,488","level":"INFO","logger":"app.data_engine.redis_publisher","msg":"published 1 candles to bybit:SKHY/USDT:1h"}
{"ts":"2026-07-24 18:29:15,579","level":"INFO","logger":"app.data_engine.redis_publisher","msg":"published 1 candles to bybit:HYPE/USDT:1h"}
{"ts":"2026-07-24 18:29:15,711","level":"INFO","logger":"app.data_engine.redis_publisher","msg":"published 1 candles to bybit:BEAT/USDT:1h"}
{"ts":"2026-07-24 18:29:15,825","level":"INFO","logger":"app.data_engine.redis_publisher","msg":"published 1 candles to bybit:SKHYNIX/USDT:1h"}
{"ts":"2026-07-24 18:29:15,898","level":"INFO","logger":"app.data_engine.redis_publisher","msg":"published 1 candles to bybit:KORU/USDT:1h"}
{"ts":"2026-07-24 18:29:16,020","level":"INFO","logger":"app.data_engine.redis_publisher","msg":"published 1 candles to bybit:DOGE/USDT:1h"}
{"ts":"2026-07-24 18:29:16,094","level":"INFO","logger":"app.data_engine.redis_publisher","msg":"published 1 candles to bybit:AERGO/USDT:1h"}
{"ts":"2026-07-24 18:29:16,194","level":"INFO","logger":"app.data_engine.redis_publisher","msg":"published 1 candles to bybit:CL/USDT:1h"}
{"ts":"2026-07-24 18:29:16,289","level":"INFO","logger":"app.data_engine.redis_publisher","msg":"published 1 candles to bybit:ZEC/USDT:1h"}
{"ts":"2026-07-24 18:29:16,386","level":"INFO","logger":"app.data_engine.redis_publisher","msg":"published 1 candles to bybit:VELVET/USDT:1h"}
{"ts":"2026-07-24 18:29:16,486","level":"INFO","logger":"app.data_engine.redis_publisher","msg":"published 1 candles to bybit:XAU/USDT:1h"}
{"ts":"2026-07-24 18:29:16,660","level":"INFO","logger":"app.data_engine.redis_publisher","msg":"published 1 candles to bybit:LA/USDT:1h"}
{"ts":"2026-07-24 18:29:16,845","level":"INFO","logger":"app.data_engine.redis_publisher","msg":"published 1 candles to bybit:NEAR/USDT:1h"}
{"ts":"2026-07-24 18:29:16,964","level":"INFO","logger":"app.data_engine.redis_publisher","msg":"published 1 candles to bybit:KAITO/USDT:1h"}
{"ts":"2026-07-24 18:29:17,069","level":"INFO","logger":"app.data_engine.redis_publisher","msg":"published 1 candles to bybit:INTC/USDT:1h"}
{"ts":"2026-07-24 18:30:04,451","level":"INFO","logger":"app.data_engine.redis_publisher","msg":"published 1 candles to bybit:CBRS/USDT:1h"}
{"ts":"2026-07-24 18:30:06,392","level":"INFO","logger":"app.data_engine.redis_publisher","msg":"published 1 candles to bybit:HEMI/USDT:1h"}
{"ts":"2026-07-24 18:30:06,740","level":"INFO","logger":"app.data_engine.redis_publisher","msg":"published 1 candles to bybit:BLESS/USDT:1h"}
{"ts":"2026-07-24 18:30:07,274","level":"INFO","logger":"app.data_engine.redis_publisher","msg":"published 1 candles to bybit:ORDER/USDT:1h"}
{"ts":"2026-07-24 18:30:11,154","level":"INFO","logger":"app.data_engine.redis_publisher","msg":"published 1 candles to bybit:RE/USDT:1h"}
{"ts":"2026-07-24 18:30:11,651","level":"INFO","logger":"app.data_engine.redis_publisher","msg":"published 1 candles to bybit:AKE/USDT:1h"}
{"ts":"2026-07-24 18:30:11,953","level":"INFO","logger":"app.data_engine.redis_publisher","msg":"published 1 candles to bybit:B2/USDT:1h"}
{"ts":"2026-07-24 18:30:12,226","level":"INFO","logger":"app.data_engine.redis_publisher","msg":"published 1 candles to bybit:DEXE/USDT:1h"}
{"ts":"2026-07-24 18:30:12,713","level":"INFO","logger":"app.data_engine.redis_publisher","msg":"published 1 candles to bybit:TOWNS/USDT:1h"}
{"ts":"2026-07-24 18:30:12,940","level":"INFO","logger":"app.data_engine.redis_publisher","msg":"published 1 candles to bybit:CAP/USDT:1h"}
{"ts":"2026-07-24 18:30:13,195","level":"INFO","logger":"app.data_engine.redis_publisher","msg":"published 1 candles to bybit:ESPORTS/USDT:1h"}
{"ts":"2026-07-24 18:30:13,463","level":"INFO","logger":"app.data_engine.redis_publisher","msg":"published 1 candles to bybit:APR/USDT:1h"}
{"ts":"2026-07-24 18:30:13,686","level":"INFO","logger":"app.data_engine.redis_publisher","msg":"published 1 candles to bybit:BEAM/USDT:1h"}
{"ts":"2026-07-24 18:30:13,792","level":"INFO","logger":"app.data_engine.redis_publisher","msg":"published 1 candles to bybit:BANK/USDT:1h"}
{"ts":"2026-07-24 18:30:13,814","level":"INFO","logger":"app.data_engine.redis_publisher","msg":"published 1 candles to bybit:ACE/USDT:1h"}
{"ts":"2026-07-24 18:30:13,950","level":"INFO","logger":"app.data_engine.redis_publisher","msg":"published 1 candles to bybit:SOL/USDT:1h"}
{"ts":"2026-07-24 18:30:14,047","level":"INFO","logger":"app.data_engine.redis_publisher","msg":"published 1 candles to bybit:GWEI/USDT:1h"}
{"ts":"2026-07-24 18:30:14,141","level":"INFO","logger":"app.data_engine.redis_publisher","msg":"published 1 candles to bybit:BTC/USDT:1h"}
{"ts":"2026-07-24 18:30:14,248","level":"INFO","logger":"app.data_engine.redis_publisher","msg":"published 1 candles to bybit:ETH/USDT:1h"}
{"ts":"2026-07-24 18:30:14,487","level":"INFO","logger":"app.data_engine.redis_publisher","msg":"published 1 candles to bybit:SNDK/USDT:1h"}
{"ts":"2026-07-24 18:30:14,587","level":"INFO","logger":"app.data_engine.redis_publisher","msg":"published 1 candles to bybit:SOXL/USDT:1h"}
{"ts":"2026-07-24 18:30:15,054","level":"INFO","logger":"app.data_engine.redis_publisher","msg":"published 1 candles to bybit:XRP/USDT:1h"}
{"ts":"2026-07-24 18:30:15,242","level":"INFO","logger":"app.data_engine.redis_publisher","msg":"published 1 candles to bybit:SNXX/USDT:1h"}
{"ts":"2026-07-24 18:30:15,542","level":"INFO","logger":"app.data_engine.redis_publisher","msg":"published 1 candles to bybit:MU/USDT:1h"}
{"ts":"2026-07-24 18:30:15,711","level":"INFO","logger":"app.data_engine.redis_publisher","msg":"published 1 candles to bybit:PLAYSOUT/USDT:1h"}
{"ts":"2026-07-24 18:30:15,912","level":"INFO","logger":"app.data_engine.redis_publisher","msg":"published 1 candles to bybit:HYPE/USDT:1h"}
{"ts":"2026-07-24 18:30:16,087","level":"INFO","logger":"app.data_engine.redis_publisher","msg":"published 1 candles to bybit:SKHY/USDT:1h"}
{"ts":"2026-07-24 18:30:16,097","level":"INFO","logger":"app.data_engine.redis_publisher","msg":"published 1 candles to bybit:BEAT/USDT:1h"}
{"ts":"2026-07-24 18:30:16,191","level":"INFO","logger":"app.data_engine.redis_publisher","msg":"published 1 candles to bybit:SKHYNIX/USDT:1h"}
{"ts":"2026-07-24 18:30:16,293","level":"INFO","logger":"app.data_engine.redis_publisher","msg":"published 1 candles to bybit:KORU/USDT:1h"}
{"ts":"2026-07-24 18:30:16,391","level":"INFO","logger":"app.data_engine.redis_publisher","msg":"published 1 candles to bybit:DOGE/USDT:1h"}
{"ts":"2026-07-24 18:30:16,493","level":"INFO","logger":"app.data_engine.redis_publisher","msg":"published 1 candles to bybit:AERGO/USDT:1h"}
{"ts":"2026-07-24 18:30:16,592","level":"INFO","logger":"app.data_engine.redis_publisher","msg":"published 1 candles to bybit:CL/USDT:1h"}
{"ts":"2026-07-24 18:30:16,692","level":"INFO","logger":"app.data_engine.redis_publisher","msg":"published 1 candles to bybit:ZEC/USDT:1h"}
{"ts":"2026-07-24 18:30:16,791","level":"INFO","logger":"app.data_engine.redis_publisher","msg":"published 1 candles to bybit:VELVET/USDT:1h"}
{"ts":"2026-07-24 18:30:16,892","level":"INFO","logger":"app.data_engine.redis_publisher","msg":"published 1 candles to bybit:XAU/USDT:1h"}
{"ts":"2026-07-24 18:30:16,991","level":"INFO","logger":"app.data_engine.redis_publisher","msg":"published 1 candles to bybit:LA/USDT:1h"}
{"ts":"2026-07-24 18:30:17,153","level":"INFO","logger":"app.data_engine.redis_publisher","msg":"published 1 candles to bybit:NEAR/USDT:1h"}
{"ts":"2026-07-24 18:30:17,273","level":"INFO","logger":"app.data_engine.redis_publisher","msg":"published 1 candles to bybit:KAITO/USDT:1h"}
{"ts":"2026-07-24 18:30:17,380","level":"INFO","logger":"app.data_engine.redis_publisher","msg":"published 1 candles to bybit:INTC/USDT:1h"}
2026-07-24 18:30:49.489 | INFO     | app.data.universe_scanner:refresh:176 - UniverseScanner: %d candidates above $%.0f volume
2026-07-24 18:30:50.416 | DEBUG    | app.data.universe_scanner:refresh:188 - UniverseScanner: ATR failed for SOXL/USDT
2026-07-24 18:30:50.725 | DEBUG    | app.data.universe_scanner:refresh:188 - UniverseScanner: ATR failed for AKE/USDT
2026-07-24 18:30:51.034 | DEBUG    | app.data.universe_scanner:refresh:188 - UniverseScanner: ATR failed for DEXE/USDT
2026-07-24 18:30:51.034 | DEBUG    | app.data.universe_scanner:refresh:188 - UniverseScanner: ATR failed for BANK/USDT
2026-07-24 18:30:51.034 | DEBUG    | app.data.universe_scanner:refresh:188 - UniverseScanner: ATR failed for SNDK/USDT
2026-07-24 18:30:51.343 | DEBUG    | app.data.universe_scanner:refresh:188 - UniverseScanner: ATR failed for XAU/USDT
2026-07-24 18:30:51.343 | DEBUG    | app.data.universe_scanner:refresh:188 - UniverseScanner: ATR failed for CL/USDT
2026-07-24 18:30:51.343 | DEBUG    | app.data.universe_scanner:refresh:188 - UniverseScanner: ATR failed for MU/USDT
2026-07-24 18:30:51.343 | DEBUG    | app.data.universe_scanner:refresh:188 - UniverseScanner: ATR failed for ZEC/USDT
2026-07-24 18:30:51.344 | DEBUG    | app.data.universe_scanner:refresh:188 - UniverseScanner: ATR failed for ESPORTS/USDT
2026-07-24 18:30:51.654 | DEBUG    | app.data.universe_scanner:refresh:188 - UniverseScanner: ATR failed for SKHYNIX/USDT
2026-07-24 18:30:51.654 | DEBUG    | app.data.universe_scanner:refresh:188 - UniverseScanner: ATR failed for SPCX/USDT
2026-07-24 18:30:51.963 | DEBUG    | app.data.universe_scanner:refresh:188 - UniverseScanner: ATR failed for SKHY/USDT
2026-07-24 18:30:51.963 | DEBUG    | app.data.universe_scanner:refresh:188 - UniverseScanner: ATR failed for INTC/USDT
2026-07-24 18:30:52.581 | DEBUG    | app.data.universe_scanner:refresh:188 - UniverseScanner: ATR failed for RE/USDT
2026-07-24 18:30:52.581 | DEBUG    | app.data.universe_scanner:refresh:188 - UniverseScanner: ATR failed for 1000PEPE/USDT
2026-07-24 18:30:52.888 | DEBUG    | app.data.universe_scanner:refresh:188 - UniverseScanner: ATR failed for BEAT/USDT
2026-07-24 18:30:53.198 | DEBUG    | app.data.universe_scanner:refresh:188 - UniverseScanner: ATR failed for KORU/USDT
2026-07-24 18:30:53.198 | DEBUG    | app.data.universe_scanner:refresh:188 - UniverseScanner: ATR failed for SNXX/USDT
2026-07-24 18:30:53.506 | DEBUG    | app.data.universe_scanner:refresh:188 - UniverseScanner: ATR failed for XAG/USDT
2026-07-24 18:30:54.127 | DEBUG    | app.data.universe_scanner:refresh:188 - UniverseScanner: ATR failed for KAITO/USDT
2026-07-24 18:30:54.127 | DEBUG    | app.data.universe_scanner:refresh:188 - UniverseScanner: ATR failed for CBRS/USDT
2026-07-24 18:30:55.059 | DEBUG    | app.data.universe_scanner:refresh:188 - UniverseScanner: ATR failed for PUMPFUN/USDT
2026-07-24 18:30:55.368 | DEBUG    | app.data.universe_scanner:refresh:188 - UniverseScanner: ATR failed for TAO/USDT
2026-07-24 18:30:55.991 | DEBUG    | app.data.universe_scanner:refresh:188 - UniverseScanner: ATR failed for FARTCOIN/USDT
2026-07-24 18:30:56.614 | DEBUG    | app.data.universe_scanner:refresh:188 - UniverseScanner: ATR failed for EWY/USDT
2026-07-24 18:30:56.614 | DEBUG    | app.data.universe_scanner:refresh:188 - UniverseScanner: ATR failed for INTW/USDT
2026-07-24 18:30:57.546 | DEBUG    | app.data.universe_scanner:refresh:188 - UniverseScanner: ATR failed for VELVET/USDT
2026-07-24 18:30:57.546 | DEBUG    | app.data.universe_scanner:refresh:188 - UniverseScanner: ATR failed for TSLA/USDT
2026-07-24 18:30:57.547 | DEBUG    | app.data.universe_scanner:refresh:188 - UniverseScanner: ATR failed for DRAM/USDT
2026-07-24 18:30:57.547 | DEBUG    | app.data.universe_scanner:refresh:188 - UniverseScanner: ATR failed for ALLO/USDT
2026-07-24 18:30:58.477 | DEBUG    | app.data.universe_scanner:refresh:188 - UniverseScanner: ATR failed for XMR/USDT
2026-07-24 18:30:58.789 | DEBUG    | app.data.universe_scanner:refresh:188 - UniverseScanner: ATR failed for AAL/USDT
2026-07-24 18:31:00.344 | DEBUG    | app.data.universe_scanner:refresh:188 - UniverseScanner: ATR failed for LAB/USDT
2026-07-24 18:31:00.344 | DEBUG    | app.data.universe_scanner:refresh:188 - UniverseScanner: ATR failed for US/USDT
2026-07-24 18:31:00.961 | DEBUG    | app.data.universe_scanner:refresh:188 - UniverseScanner: ATR failed for O/USDT
2026-07-24 18:31:00.961 | DEBUG    | app.data.universe_scanner:refresh:188 - UniverseScanner: ATR failed for GOOGL/USDT
2026-07-24 18:31:00.961 | DEBUG    | app.data.universe_scanner:refresh:188 - UniverseScanner: ATR failed for TSEM/USDT
2026-07-24 18:31:01.272 | DEBUG    | app.data.universe_scanner:refresh:188 - UniverseScanner: ATR failed for MRVL/USDT
2026-07-24 18:31:01.673 | DEBUG    | app.data.universe_scanner:refresh:188 - UniverseScanner: ATR failed for 1000BONK/USDT
2026-07-24 18:31:01.673 | DEBUG    | app.data.universe_scanner:refresh:188 - UniverseScanner: ATR failed for GWEI/USDT
2026-07-24 18:31:02.451 | DEBUG    | app.data.universe_scanner:refresh:188 - UniverseScanner: ATR failed for CRCL/USDT
2026-07-24 18:31:02.956 | DEBUG    | app.data.universe_scanner:refresh:188 - UniverseScanner: ATR failed for NBIS/USDT
2026-07-24 18:31:02.956 | DEBUG    | app.data.universe_scanner:refresh:188 - UniverseScanner: ATR failed for MUU/USDT
2026-07-24 18:31:02.956 | DEBUG    | app.data.universe_scanner:refresh:188 - UniverseScanner: ATR failed for PENGSTOCK/USDT
2026-07-24 18:31:02.956 | DEBUG    | app.data.universe_scanner:refresh:188 - UniverseScanner: ATR failed for ACE/USDT
2026-07-24 18:31:03.264 | DEBUG    | app.data.universe_scanner:refresh:188 - UniverseScanner: ATR failed for SOXS/USDT
2026-07-24 18:31:03.264 | DEBUG    | app.data.universe_scanner:refresh:188 - UniverseScanner: ATR failed for MARA/USDT
2026-07-24 18:31:04.830 | DEBUG    | app.data.universe_scanner:refresh:188 - UniverseScanner: ATR failed for AEHR/USDT
{"ts":"2026-07-24 18:31:04,996","level":"INFO","logger":"app.data_engine.redis_publisher","msg":"published 1 candles to bybit:CBRS/USDT:1h"}
2026-07-24 18:31:05.142 | DEBUG    | app.data.universe_scanner:refresh:188 - UniverseScanner: ATR failed for GS/USDT
2026-07-24 18:31:05.454 | DEBUG    | app.data.universe_scanner:refresh:188 - UniverseScanner: ATR failed for B2/USDT
2026-07-24 18:31:05.454 | DEBUG    | app.data.universe_scanner:refresh:188 - UniverseScanner: ATR failed for MSTR/USDT
2026-07-24 18:31:05.454 | DEBUG    | app.data.universe_scanner:refresh:188 - UniverseScanner: ATR failed for SHIB1000/USDT
2026-07-24 18:31:05.765 | DEBUG    | app.data.universe_scanner:refresh:188 - UniverseScanner: ATR failed for RDW/USDT
2026-07-24 18:31:06.116 | DEBUG    | app.data.universe_scanner:refresh:188 - UniverseScanner: ATR failed for AERGO/USDT
2026-07-24 18:31:06.116 | DEBUG    | app.data.universe_scanner:refresh:188 - UniverseScanner: ATR failed for EVAA/USDT
2026-07-24 18:31:06.426 | DEBUG    | app.data.universe_scanner:refresh:188 - UniverseScanner: ATR failed for APR/USDT
{"ts":"2026-07-24 18:31:06,725","level":"INFO","logger":"app.data_engine.redis_publisher","msg":"published 1 candles to bybit:HEMI/USDT:1h"}
{"ts":"2026-07-24 18:31:07,041","level":"INFO","logger":"app.data_engine.redis_publisher","msg":"published 1 candles to bybit:BLESS/USDT:1h"}
2026-07-24 18:31:07.367 | DEBUG    | app.data.universe_scanner:refresh:188 - UniverseScanner: ATR failed for POET/USDT
2026-07-24 18:31:07.367 | DEBUG    | app.data.universe_scanner:refresh:188 - UniverseScanner: ATR failed for EPIC/USDT
{"ts":"2026-07-24 18:31:07,587","level":"INFO","logger":"app.data_engine.redis_publisher","msg":"published 1 candles to bybit:ORDER/USDT:1h"}
2026-07-24 18:31:07.678 | DEBUG    | app.data.universe_scanner:refresh:188 - UniverseScanner: ATR failed for AXTI/USDT
2026-07-24 18:31:08.607 | DEBUG    | app.data.universe_scanner:refresh:188 - UniverseScanner: ATR failed for XLV/USDT
2026-07-24 18:31:08.607 | DEBUG    | app.data.universe_scanner:refresh:188 - UniverseScanner: ATR failed for IONQ/USDT
2026-07-24 18:31:09.557 | DEBUG    | app.data.universe_scanner:refresh:188 - UniverseScanner: ATR failed for AAOI/USDT
2026-07-24 18:31:09.866 | DEBUG    | app.data.universe_scanner:refresh:188 - UniverseScanner: ATR failed for AMDSTOCK/USDT
2026-07-24 18:31:09.867 | DEBUG    | app.data.universe_scanner:refresh:188 - UniverseScanner: ATR failed for SAMSUNG/USDT
2026-07-24 18:31:09.867 | DEBUG    | app.data.universe_scanner:refresh:188 - UniverseScanner: ATR failed for APLD/USDT
2026-07-24 18:31:09.867 | DEBUG    | app.data.universe_scanner:refresh:188 - UniverseScanner: ATR failed for UB/USDT
2026-07-24 18:31:10.175 | DEBUG    | app.data.universe_scanner:refresh:188 - UniverseScanner: ATR failed for XLK/USDT
2026-07-24 18:31:10.483 | DEBUG    | app.data.universe_scanner:refresh:188 - UniverseScanner: ATR failed for BZ/USDT
2026-07-24 18:31:11.107 | DEBUG    | app.data.universe_scanner:refresh:188 - UniverseScanner: ATR failed for APPSTOCK/USDT
{"ts":"2026-07-24 18:31:11,468","level":"INFO","logger":"app.data_engine.redis_publisher","msg":"published 1 candles to bybit:RE/USDT:1h"}
2026-07-24 18:31:11.729 | DEBUG    | app.data.universe_scanner:refresh:188 - UniverseScanner: ATR failed for TLM/USDT
{"ts":"2026-07-24 18:31:11,964","level":"INFO","logger":"app.data_engine.redis_publisher","msg":"published 1 candles to bybit:AKE/USDT:1h"}
2026-07-24 18:31:12.038 | DEBUG    | app.data.universe_scanner:refresh:188 - UniverseScanner: ATR failed for ONDS/USDT
2026-07-24 18:31:12.038 | DEBUG    | app.data.universe_scanner:refresh:188 - UniverseScanner: ATR failed for WENSTOCK/USDT
2026-07-24 18:31:12.038 | DEBUG    | app.data.universe_scanner:refresh:188 - UniverseScanner: ATR failed for DASH/USDT
{"ts":"2026-07-24 18:31:12,265","level":"INFO","logger":"app.data_engine.redis_publisher","msg":"published 1 candles to bybit:B2/USDT:1h"}
2026-07-24 18:31:12.346 | DEBUG    | app.data.universe_scanner:refresh:188 - UniverseScanner: ATR failed for QQQ/USDT
2026-07-24 18:31:12.346 | DEBUG    | app.data.universe_scanner:refresh:188 - UniverseScanner: ATR failed for PAXG/USDT
{"ts":"2026-07-24 18:31:12,538","level":"INFO","logger":"app.data_engine.redis_publisher","msg":"published 1 candles to bybit:DEXE/USDT:1h"}
2026-07-24 18:31:12.658 | DEBUG    | app.data.universe_scanner:refresh:188 - UniverseScanner: ATR failed for BIO/USDT
2026-07-24 18:31:12.665 | INFO     | app.data.universe_scanner:refresh:232 - UniverseScanner: refreshed — %d symbols, top=%s (score=%.3f)
{"ts":"2026-07-24 18:31:13,041","level":"INFO","logger":"app.data_engine.redis_publisher","msg":"published 1 candles to bybit:TOWNS/USDT:1h"}
{"ts":"2026-07-24 18:31:13,253","level":"INFO","logger":"app.data_engine.redis_publisher","msg":"published 1 candles to bybit:CAP/USDT:1h"}
{"ts":"2026-07-24 18:31:13,507","level":"INFO","logger":"app.data_engine.redis_publisher","msg":"published 1 candles to bybit:ESPORTS/USDT:1h"}
{"ts":"2026-07-24 18:31:13,777","level":"INFO","logger":"app.data_engine.redis_publisher","msg":"published 1 candles to bybit:APR/USDT:1h"}
{"ts":"2026-07-24 18:31:13,997","level":"INFO","logger":"app.data_engine.redis_publisher","msg":"published 1 candles to bybit:BEAM/USDT:1h"}
{"ts":"2026-07-24 18:31:14,308","level":"INFO","logger":"app.data_engine.redis_publisher","msg":"published 1 candles to bybit:SOL/USDT:1h"}
{"ts":"2026-07-24 18:31:14,329","level":"INFO","logger":"app.data_engine.redis_publisher","msg":"published 1 candles to bybit:BANK/USDT:1h"}
{"ts":"2026-07-24 18:31:14,432","level":"INFO","logger":"app.data_engine.redis_publisher","msg":"published 1 candles to bybit:ACE/USDT:1h"}
{"ts":"2026-07-24 18:31:14,601","level":"INFO","logger":"app.data_engine.redis_publisher","msg":"published 1 candles to bybit:ETH/USDT:1h"}
{"ts":"2026-07-24 18:31:14,631","level":"INFO","logger":"app.data_engine.redis_publisher","msg":"published 1 candles to bybit:GWEI/USDT:1h"}
{"ts":"2026-07-24 18:31:14,803","level":"INFO","logger":"app.data_engine.redis_publisher","msg":"published 1 candles to bybit:SNDK/USDT:1h"}
{"ts":"2026-07-24 18:31:14,901","level":"INFO","logger":"app.data_engine.redis_publisher","msg":"published 1 candles to bybit:SOXL/USDT:1h"}
{"ts":"2026-07-24 18:31:14,911","level":"INFO","logger":"app.data_engine.redis_publisher","msg":"published 1 candles to bybit:BTC/USDT:1h"}
{"ts":"2026-07-24 18:31:15,365","level":"INFO","logger":"app.data_engine.redis_publisher","msg":"published 1 candles to bybit:XRP/USDT:1h"}
{"ts":"2026-07-24 18:31:15,558","level":"INFO","logger":"app.data_engine.redis_publisher","msg":"published 1 candles to bybit:SNXX/USDT:1h"}
{"ts":"2026-07-24 18:31:15,866","level":"INFO","logger":"app.data_engine.redis_publisher","msg":"published 1 candles to bybit:MU/USDT:1h"}
{"ts":"2026-07-24 18:31:16,024","level":"INFO","logger":"app.data_engine.redis_publisher","msg":"published 1 candles to bybit:PLAYSOUT/USDT:1h"}
{"ts":"2026-07-24 18:31:16,396","level":"INFO","logger":"app.data_engine.redis_publisher","msg":"published 1 candles to bybit:SKHY/USDT:1h"}
{"ts":"2026-07-24 18:31:16,408","level":"INFO","logger":"app.data_engine.redis_publisher","msg":"published 1 candles to bybit:HYPE/USDT:1h"}
{"ts":"2026-07-24 18:31:16,510","level":"INFO","logger":"app.data_engine.redis_publisher","msg":"published 1 candles to bybit:BEAT/USDT:1h"}
{"ts":"2026-07-24 18:31:16,599","level":"INFO","logger":"app.data_engine.redis_publisher","msg":"published 1 candles to bybit:SKHYNIX/USDT:1h"}
{"ts":"2026-07-24 18:31:16,695","level":"INFO","logger":"app.data_engine.redis_publisher","msg":"published 1 candles to bybit:KORU/USDT:1h"}
{"ts":"2026-07-24 18:31:16,801","level":"INFO","logger":"app.data_engine.redis_publisher","msg":"published 1 candles to bybit:DOGE/USDT:1h"}
{"ts":"2026-07-24 18:31:16,898","level":"INFO","logger":"app.data_engine.redis_publisher","msg":"published 1 candles to bybit:AERGO/USDT:1h"}
{"ts":"2026-07-24 18:31:16,996","level":"INFO","logger":"app.data_engine.redis_publisher","msg":"published 1 candles to bybit:CL/USDT:1h"}
{"ts":"2026-07-24 18:31:17,096","level":"INFO","logger":"app.data_engine.redis_publisher","msg":"published 1 candles to bybit:ZEC/USDT:1h"}
{"ts":"2026-07-24 18:31:17,196","level":"INFO","logger":"app.data_engine.redis_publisher","msg":"published 1 candles to bybit:VELVET/USDT:1h"}
{"ts":"2026-07-24 18:31:17,298","level":"INFO","logger":"app.data_engine.redis_publisher","msg":"published 1 candles to bybit:XAU/USDT:1h"}
{"ts":"2026-07-24 18:31:17,396","level":"INFO","logger":"app.data_engine.redis_publisher","msg":"published 1 candles to bybit:LA/USDT:1h"}
{"ts":"2026-07-24 18:31:17,496","level":"INFO","logger":"app.data_engine.redis_publisher","msg":"published 1 candles to bybit:NEAR/USDT:1h"}
{"ts":"2026-07-24 18:31:17,596","level":"INFO","logger":"app.data_engine.redis_publisher","msg":"published 1 candles to bybit:KAITO/USDT:1h"}
{"ts":"2026-07-24 18:31:17,700","level":"INFO","logger":"app.data_engine.redis_publisher","msg":"published 1 candles to bybit:INTC/USDT:1h"}
{"ts":"2026-07-24 18:32:05,542","level":"INFO","logger":"app.data_engine.redis_publisher","msg":"published 1 candles to bybit:CBRS/USDT:1h"}
{"ts":"2026-07-24 18:32:07,048","level":"INFO","logger":"app.data_engine.redis_publisher","msg":"published 1 candles to bybit:HEMI/USDT:1h"}
{"ts":"2026-07-24 18:32:07,351","level":"INFO","logger":"app.data_engine.redis_publisher","msg":"published 1 candles to bybit:BLESS/USDT:1h"}
{"ts":"2026-07-24 18:32:07,907","level":"INFO","logger":"app.data_engine.redis_publisher","msg":"published 1 candles to bybit:ORDER/USDT:1h"}
{"ts":"2026-07-24 18:32:11,785","level":"INFO","logger":"app.data_engine.redis_publisher","msg":"published 1 candles to bybit:RE/USDT:1h"}
{"ts":"2026-07-24 18:32:12,274","level":"INFO","logger":"app.data_engine.redis_publisher","msg":"published 1 candles to bybit:AKE/USDT:1h"}
{"ts":"2026-07-24 18:32:12,590","level":"INFO","logger":"app.data_engine.redis_publisher","msg":"published 1 candles to bybit:B2/USDT:1h"}
{"ts":"2026-07-24 18:32:12,885","level":"INFO","logger":"app.data_engine.redis_publisher","msg":"published 1 candles to bybit:DEXE/USDT:1h"}
{"ts":"2026-07-24 18:32:13,355","level":"INFO","logger":"app.data_engine.redis_publisher","msg":"published 1 candles to bybit:TOWNS/USDT:1h"}
{"ts":"2026-07-24 18:32:13,810","level":"INFO","logger":"app.data_engine.redis_publisher","msg":"published 1 candles to bybit:CAP/USDT:1h"}
{"ts":"2026-07-24 18:32:13,818","level":"INFO","logger":"app.data_engine.redis_publisher","msg":"published 1 candles to bybit:ESPORTS/USDT:1h"}
{"ts":"2026-07-24 18:32:14,089","level":"INFO","logger":"app.data_engine.redis_publisher","msg":"published 1 candles to bybit:APR/USDT:1h"}
{"ts":"2026-07-24 18:32:14,312","level":"INFO","logger":"app.data_engine.redis_publisher","msg":"published 1 candles to bybit:BEAM/USDT:1h"}
{"ts":"2026-07-24 18:32:14,628","level":"INFO","logger":"app.data_engine.redis_publisher","msg":"published 1 candles to bybit:SOL/USDT:1h"}
{"ts":"2026-07-24 18:32:14,721","level":"INFO","logger":"app.data_engine.redis_publisher","msg":"published 1 candles to bybit:BANK/USDT:1h"}
{"ts":"2026-07-24 18:32:14,932","level":"INFO","logger":"app.data_engine.redis_publisher","msg":"published 1 candles to bybit:ETH/USDT:1h"}
{"ts":"2026-07-24 18:32:15,023","level":"INFO","logger":"app.data_engine.redis_publisher","msg":"published 1 candles to bybit:GWEI/USDT:1h"}
{"ts":"2026-07-24 18:32:15,046","level":"INFO","logger":"app.data_engine.redis_publisher","msg":"published 1 candles to bybit:ACE/USDT:1h"}
{"ts":"2026-07-24 18:32:15,222","level":"INFO","logger":"app.data_engine.redis_publisher","msg":"published 1 candles to bybit:SOXL/USDT:1h"}
{"ts":"2026-07-24 18:32:15,352","level":"INFO","logger":"app.data_engine.redis_publisher","msg":"published 1 candles to bybit:BTC/USDT:1h"}
{"ts":"2026-07-24 18:32:15,371","level":"INFO","logger":"app.data_engine.redis_publisher","msg":"published 1 candles to bybit:SNDK/USDT:1h"}
{"ts":"2026-07-24 18:32:15,658","level":"INFO","logger":"app.data_engine.redis_publisher","msg":"published 1 candles to bybit:XRP/USDT:1h"}
{"ts":"2026-07-24 18:32:15,876","level":"INFO","logger":"app.data_engine.redis_publisher","msg":"published 1 candles to bybit:SNXX/USDT:1h"}
{"ts":"2026-07-24 18:32:16,184","level":"INFO","logger":"app.data_engine.redis_publisher","msg":"published 1 candles to bybit:MU/USDT:1h"}
{"ts":"2026-07-24 18:32:16,341","level":"INFO","logger":"app.data_engine.redis_publisher","msg":"published 1 candles to bybit:PLAYSOUT/USDT:1h"}
{"ts":"2026-07-24 18:32:16,710","level":"INFO","logger":"app.data_engine.redis_publisher","msg":"published 1 candles to bybit:SKHY/USDT:1h"}
{"ts":"2026-07-24 18:32:16,822","level":"INFO","logger":"app.data_engine.redis_publisher","msg":"published 1 candles to bybit:HYPE/USDT:1h"}
{"ts":"2026-07-24 18:32:16,993","level":"INFO","logger":"app.data_engine.redis_publisher","msg":"published 1 candles to bybit:BEAT/USDT:1h"}
{"ts":"2026-07-24 18:32:17,006","level":"INFO","logger":"app.data_engine.redis_publisher","msg":"published 1 candles to bybit:SKHYNIX/USDT:1h"}
{"ts":"2026-07-24 18:32:17,122","level":"INFO","logger":"app.data_engine.redis_publisher","msg":"published 1 candles to bybit:KORU/USDT:1h"}
{"ts":"2026-07-24 18:32:17,207","level":"INFO","logger":"app.data_engine.redis_publisher","msg":"published 1 candles to bybit:DOGE/USDT:1h"}
{"ts":"2026-07-24 18:32:17,309","level":"INFO","logger":"app.data_engine.redis_publisher","msg":"published 1 candles to bybit:AERGO/USDT:1h"}
{"ts":"2026-07-24 18:32:17,406","level":"INFO","logger":"app.data_engine.redis_publisher","msg":"published 1 candles to bybit:CL/USDT:1h"}
{"ts":"2026-07-24 18:32:17,507","level":"INFO","logger":"app.data_engine.redis_publisher","msg":"published 1 candles to bybit:ZEC/USDT:1h"}
{"ts":"2026-07-24 18:32:17,605","level":"INFO","logger":"app.data_engine.redis_publisher","msg":"published 1 candles to bybit:VELVET/USDT:1h"}
{"ts":"2026-07-24 18:32:17,705","level":"INFO","logger":"app.data_engine.redis_publisher","msg":"published 1 candles to bybit:XAU/USDT:1h"}
{"ts":"2026-07-24 18:32:17,809","level":"INFO","logger":"app.data_engine.redis_publisher","msg":"published 1 candles to bybit:LA/USDT:1h"}
{"ts":"2026-07-24 18:32:17,908","level":"INFO","logger":"app.data_engine.redis_publisher","msg":"published 1 candles to bybit:NEAR/USDT:1h"}
{"ts":"2026-07-24 18:32:18,007","level":"INFO","logger":"app.data_engine.redis_publisher","msg":"published 1 candles to bybit:KAITO/USDT:1h"}
{"ts":"2026-07-24 18:32:18,107","level":"INFO","logger":"app.data_engine.redis_publisher","msg":"published 1 candles to bybit:INTC/USDT:1h"}
{"ts":"2026-07-24 18:33:06,101","level":"INFO","logger":"app.data_engine.redis_publisher","msg":"published 1 candles to bybit:CBRS/USDT:1h"}
{"ts":"2026-07-24 18:33:07,358","level":"INFO","logger":"app.data_engine.redis_publisher","msg":"published 1 candles to bybit:HEMI/USDT:1h"}
{"ts":"2026-07-24 18:33:07,662","level":"INFO","logger":"app.data_engine.redis_publisher","msg":"published 1 candles to bybit:BLESS/USDT:1h"}
{"ts":"2026-07-24 18:33:08,217","level":"INFO","logger":"app.data_engine.redis_publisher","msg":"published 1 candles to bybit:ORDER/USDT:1h"}
{"ts":"2026-07-24 18:33:12,097","level":"INFO","logger":"app.data_engine.redis_publisher","msg":"published 1 candles to bybit:RE/USDT:1h"}
{"ts":"2026-07-24 18:33:12,584","level":"INFO","logger":"app.data_engine.redis_publisher","msg":"published 1 candles to bybit:AKE/USDT:1h"}
{"ts":"2026-07-24 18:33:12,917","level":"INFO","logger":"app.data_engine.redis_publisher","msg":"published 1 candles to bybit:B2/USDT:1h"}
{"ts":"2026-07-24 18:33:13,208","level":"INFO","logger":"app.data_engine.redis_publisher","msg":"published 1 candles to bybit:DEXE/USDT:1h"}
{"ts":"2026-07-24 18:33:13,849","level":"INFO","logger":"app.data_engine.redis_publisher","msg":"published 1 candles to bybit:TOWNS/USDT:1h"}
{"ts":"2026-07-24 18:33:14,307","level":"INFO","logger":"app.data_engine.redis_publisher","msg":"published 1 candles to bybit:CAP/USDT:1h"}
{"ts":"2026-07-24 18:33:14,458","level":"INFO","logger":"app.data_engine.redis_publisher","msg":"published 1 candles to bybit:ESPORTS/USDT:1h"}
{"ts":"2026-07-24 18:33:14,623","level":"INFO","logger":"app.data_engine.redis_publisher","msg":"published 1 candles to bybit:BEAM/USDT:1h"}
{"ts":"2026-07-24 18:33:14,625","level":"INFO","logger":"app.data_engine.redis_publisher","msg":"published 1 candles to bybit:APR/USDT:1h"}
{"ts":"2026-07-24 18:33:14,946","level":"INFO","logger":"app.data_engine.redis_publisher","msg":"published 1 candles to bybit:SOL/USDT:1h"}
{"ts":"2026-07-24 18:33:15,046","level":"INFO","logger":"app.data_engine.redis_publisher","msg":"published 1 candles to bybit:BANK/USDT:1h"}
{"ts":"2026-07-24 18:33:15,245","level":"INFO","logger":"app.data_engine.redis_publisher","msg":"published 1 candles to bybit:ETH/USDT:1h"}
{"ts":"2026-07-24 18:33:15,342","level":"INFO","logger":"app.data_engine.redis_publisher","msg":"published 1 candles to bybit:GWEI/USDT:1h"}
{"ts":"2026-07-24 18:33:15,440","level":"INFO","logger":"app.data_engine.redis_publisher","msg":"published 1 candles to bybit:ACE/USDT:1h"}
{"ts":"2026-07-24 18:33:15,542","level":"INFO","logger":"app.data_engine.redis_publisher","msg":"published 1 candles to bybit:SOXL/USDT:1h"}
{"ts":"2026-07-24 18:33:15,663","level":"INFO","logger":"app.data_engine.redis_publisher","msg":"published 1 candles to bybit:BTC/USDT:1h"}
{"ts":"2026-07-24 18:33:15,765","level":"INFO","logger":"app.data_engine.redis_publisher","msg":"published 1 candles to bybit:SNDK/USDT:1h"}
{"ts":"2026-07-24 18:33:15,989","level":"INFO","logger":"app.data_engine.redis_publisher","msg":"published 1 candles to bybit:XRP/USDT:1h"}
{"ts":"2026-07-24 18:33:16,194","level":"INFO","logger":"app.data_engine.redis_publisher","msg":"published 1 candles to bybit:SNXX/USDT:1h"}
{"ts":"2026-07-24 18:33:16,497","level":"INFO","logger":"app.data_engine.redis_publisher","msg":"published 1 candles to bybit:MU/USDT:1h"}
{"ts":"2026-07-24 18:33:16,661","level":"INFO","logger":"app.data_engine.redis_publisher","msg":"published 1 candles to bybit:PLAYSOUT/USDT:1h"}
{"ts":"2026-07-24 18:33:17,022","level":"INFO","logger":"app.data_engine.redis_publisher","msg":"published 1 candles to bybit:SKHY/USDT:1h"}
{"ts":"2026-07-24 18:33:17,132","level":"INFO","logger":"app.data_engine.redis_publisher","msg":"published 1 candles to bybit:HYPE/USDT:1h"}
{"ts":"2026-07-24 18:33:17,305","level":"INFO","logger":"app.data_engine.redis_publisher","msg":"published 1 candles to bybit:BEAT/USDT:1h"}
{"ts":"2026-07-24 18:33:17,403","level":"INFO","logger":"app.data_engine.redis_publisher","msg":"published 1 candles to bybit:SKHYNIX/USDT:1h"}
{"ts":"2026-07-24 18:33:17,504","level":"INFO","logger":"app.data_engine.redis_publisher","msg":"published 1 candles to bybit:KORU/USDT:1h"}
{"ts":"2026-07-24 18:33:17,615","level":"INFO","logger":"app.data_engine.redis_publisher","msg":"published 1 candles to bybit:DOGE/USDT:1h"}
{"ts":"2026-07-24 18:33:17,704","level":"INFO","logger":"app.data_engine.redis_publisher","msg":"published 1 candles to bybit:AERGO/USDT:1h"}
{"ts":"2026-07-24 18:33:17,807","level":"INFO","logger":"app.data_engine.redis_publisher","msg":"published 1 candles to bybit:CL/USDT:1h"}
{"ts":"2026-07-24 18:33:17,906","level":"INFO","logger":"app.data_engine.redis_publisher","msg":"published 1 candles to bybit:ZEC/USDT:1h"}
{"ts":"2026-07-24 18:33:18,007","level":"INFO","logger":"app.data_engine.redis_publisher","msg":"published 1 candles to bybit:VELVET/USDT:1h"}
{"ts":"2026-07-24 18:33:18,104","level":"INFO","logger":"app.data_engine.redis_publisher","msg":"published 1 candles to bybit:XAU/USDT:1h"}
{"ts":"2026-07-24 18:33:18,205","level":"INFO","logger":"app.data_engine.redis_publisher","msg":"published 1 candles to bybit:LA/USDT:1h"}
{"ts":"2026-07-24 18:33:18,305","level":"INFO","logger":"app.data_engine.redis_publisher","msg":"published 1 candles to bybit:NEAR/USDT:1h"}
{"ts":"2026-07-24 18:33:18,401","level":"INFO","logger":"app.data_engine.redis_publisher","msg":"published 1 candles to bybit:KAITO/USDT:1h"}
{"ts":"2026-07-24 18:33:18,502","level":"INFO","logger":"app.data_engine.redis_publisher","msg":"published 1 candles to bybit:INTC/USDT:1h"}
{"ts":"2026-07-24 18:34:06,653","level":"INFO","logger":"app.data_engine.redis_publisher","msg":"published 1 candles to bybit:CBRS/USDT:1h"}
{"ts":"2026-07-24 18:34:07,669","level":"INFO","logger":"app.data_engine.redis_publisher","msg":"published 1 candles to bybit:HEMI/USDT:1h"}
{"ts":"2026-07-24 18:34:07,972","level":"INFO","logger":"app.data_engine.redis_publisher","msg":"published 1 candles to bybit:BLESS/USDT:1h"}
{"ts":"2026-07-24 18:34:08,528","level":"INFO","logger":"app.data_engine.redis_publisher","msg":"published 1 candles to bybit:ORDER/USDT:1h"}
{"ts":"2026-07-24 18:34:12,407","level":"INFO","logger":"app.data_engine.redis_publisher","msg":"published 1 candles to bybit:RE/USDT:1h"}
{"ts":"2026-07-24 18:34:12,895","level":"INFO","logger":"app.data_engine.redis_publisher","msg":"published 1 candles to bybit:AKE/USDT:1h"}
{"ts":"2026-07-24 18:34:13,238","level":"INFO","logger":"app.data_engine.redis_publisher","msg":"published 1 candles to bybit:B2/USDT:1h"}
{"ts":"2026-07-24 18:34:13,546","level":"INFO","logger":"app.data_engine.redis_publisher","msg":"published 1 candles to bybit:DEXE/USDT:1h"}
{"ts":"2026-07-24 18:34:14,161","level":"INFO","logger":"app.data_engine.redis_publisher","msg":"published 1 candles to bybit:TOWNS/USDT:1h"}
{"ts":"2026-07-24 18:34:14,616","level":"INFO","logger":"app.data_engine.redis_publisher","msg":"published 1 candles to bybit:CAP/USDT:1h"}
{"ts":"2026-07-24 18:34:14,934","level":"INFO","logger":"app.data_engine.redis_publisher","msg":"published 1 candles to bybit:BEAM/USDT:1h"}
{"ts":"2026-07-24 18:34:14,997","level":"INFO","logger":"app.data_engine.redis_publisher","msg":"published 1 candles to bybit:ESPORTS/USDT:1h"}
{"ts":"2026-07-24 18:34:15,256","level":"INFO","logger":"app.data_engine.redis_publisher","msg":"published 1 candles to bybit:SOL/USDT:1h"}
{"ts":"2026-07-24 18:34:15,263","level":"INFO","logger":"app.data_engine.redis_publisher","msg":"published 1 candles to bybit:APR/USDT:1h"}
{"ts":"2026-07-24 18:34:15,359","level":"INFO","logger":"app.data_engine.redis_publisher","msg":"published 1 candles to bybit:BANK/USDT:1h"}
{"ts":"2026-07-24 18:34:15,558","level":"INFO","logger":"app.data_engine.redis_publisher","msg":"published 1 candles to bybit:ETH/USDT:1h"}
{"ts":"2026-07-24 18:34:15,659","level":"INFO","logger":"app.data_engine.redis_publisher","msg":"published 1 candles to bybit:GWEI/USDT:1h"}
{"ts":"2026-07-24 18:34:15,762","level":"INFO","logger":"app.data_engine.redis_publisher","msg":"published 1 candles to bybit:ACE/USDT:1h"}
{"ts":"2026-07-24 18:34:15,858","level":"INFO","logger":"app.data_engine.redis_publisher","msg":"published 1 candles to bybit:SOXL/USDT:1h"}
{"ts":"2026-07-24 18:34:16,044","level":"INFO","logger":"app.data_engine.redis_publisher","msg":"published 1 candles to bybit:BTC/USDT:1h"}
{"ts":"2026-07-24 18:34:16,077","level":"INFO","logger":"app.data_engine.redis_publisher","msg":"published 1 candles to bybit:SNDK/USDT:1h"}
{"ts":"2026-07-24 18:34:16,307","level":"INFO","logger":"app.data_engine.redis_publisher","msg":"published 1 candles to bybit:XRP/USDT:1h"}
{"ts":"2026-07-24 18:34:16,507","level":"INFO","logger":"app.data_engine.redis_publisher","msg":"published 1 candles to bybit:SNXX/USDT:1h"}
{"ts":"2026-07-24 18:34:16,806","level":"INFO","logger":"app.data_engine.redis_publisher","msg":"published 1 candles to bybit:MU/USDT:1h"}
{"ts":"2026-07-24 18:34:16,978","level":"INFO","logger":"app.data_engine.redis_publisher","msg":"published 1 candles to bybit:PLAYSOUT/USDT:1h"}
{"ts":"2026-07-24 18:34:17,333","level":"INFO","logger":"app.data_engine.redis_publisher","msg":"published 1 candles to bybit:SKHY/USDT:1h"}
{"ts":"2026-07-24 18:34:17,441","level":"INFO","logger":"app.data_engine.redis_publisher","msg":"published 1 candles to bybit:HYPE/USDT:1h"}
2026-07-24 18:34:17.554 | INFO     | app.data.ohlcv_fetcher:fetch:62 - OHLCV fetched: BTC/USDT 1h 200 candles
{"ts":"2026-07-24 18:34:17,643","level":"INFO","logger":"app.data_engine.redis_publisher","msg":"published 1 candles to bybit:BEAT/USDT:1h"}
{"ts":"2026-07-24 18:34:17,745","level":"INFO","logger":"app.data_engine.redis_publisher","msg":"published 1 candles to bybit:SKHYNIX/USDT:1h"}
{"ts":"2026-07-24 18:34:17,861","level":"INFO","logger":"app.data_engine.redis_publisher","msg":"published 1 candles to bybit:KORU/USDT:1h"}
{"ts":"2026-07-24 18:34:17,943","level":"INFO","logger":"app.data_engine.redis_publisher","msg":"published 1 candles to bybit:DOGE/USDT:1h"}
{"ts":"2026-07-24 18:34:18,044","level":"INFO","logger":"app.data_engine.redis_publisher","msg":"published 1 candles to bybit:AERGO/USDT:1h"}
{"ts":"2026-07-24 18:34:18,173","level":"INFO","logger":"app.data_engine.redis_publisher","msg":"published 1 candles to bybit:CL/USDT:1h"}
{"ts":"2026-07-24 18:34:18,264","level":"INFO","logger":"app.data_engine.redis_publisher","msg":"published 1 candles to bybit:ZEC/USDT:1h"}
{"ts":"2026-07-24 18:34:18,343","level":"INFO","logger":"app.data_engine.redis_publisher","msg":"published 1 candles to bybit:VELVET/USDT:1h"}
{"ts":"2026-07-24 18:34:18,452","level":"INFO","logger":"app.data_engine.redis_publisher","msg":"published 1 candles to bybit:XAU/USDT:1h"}
{"ts":"2026-07-24 18:34:18,544","level":"INFO","logger":"app.data_engine.redis_publisher","msg":"published 1 candles to bybit:LA/USDT:1h"}
{"ts":"2026-07-24 18:34:18,646","level":"INFO","logger":"app.data_engine.redis_publisher","msg":"published 1 candles to bybit:NEAR/USDT:1h"}
{"ts":"2026-07-24 18:34:18,742","level":"INFO","logger":"app.data_engine.redis_publisher","msg":"published 1 candles to bybit:KAITO/USDT:1h"}
{"ts":"2026-07-24 18:34:18,843","level":"INFO","logger":"app.data_engine.redis_publisher","msg":"published 1 candles to bybit:INTC/USDT:1h"}
{"ts":"2026-07-24 18:35:07,210","level":"INFO","logger":"app.data_engine.redis_publisher","msg":"published 1 candles to bybit:CBRS/USDT:1h"}
{"ts":"2026-07-24 18:35:07,978","level":"INFO","logger":"app.data_engine.redis_publisher","msg":"published 1 candles to bybit:HEMI/USDT:1h"}
{"ts":"2026-07-24 18:35:08,284","level":"INFO","logger":"app.data_engine.redis_publisher","msg":"published 1 candles to bybit:BLESS/USDT:1h"}
{"ts":"2026-07-24 18:35:08,836","level":"INFO","logger":"app.data_engine.redis_publisher","msg":"published 1 candles to bybit:ORDER/USDT:1h"}
{"ts":"2026-07-24 18:35:12,718","level":"INFO","logger":"app.data_engine.redis_publisher","msg":"published 1 candles to bybit:RE/USDT:1h"}
{"ts":"2026-07-24 18:35:13,207","level":"INFO","logger":"app.data_engine.redis_publisher","msg":"published 1 candles to bybit:AKE/USDT:1h"}
{"ts":"2026-07-24 18:35:13,734","level":"INFO","logger":"app.data_engine.redis_publisher","msg":"published 1 candles to bybit:B2/USDT:1h"}
{"ts":"2026-07-24 18:35:14,080","level":"INFO","logger":"app.data_engine.redis_publisher","msg":"published 1 candles to bybit:DEXE/USDT:1h"}
{"ts":"2026-07-24 18:35:14,475","level":"INFO","logger":"app.data_engine.redis_publisher","msg":"published 1 candles to bybit:TOWNS/USDT:1h"}
{"ts":"2026-07-24 18:35:14,926","level":"INFO","logger":"app.data_engine.redis_publisher","msg":"published 1 candles to bybit:CAP/USDT:1h"}
{"ts":"2026-07-24 18:35:15,247","level":"INFO","logger":"app.data_engine.redis_publisher","msg":"published 1 candles to bybit:BEAM/USDT:1h"}
{"ts":"2026-07-24 18:35:15,348","level":"INFO","logger":"app.data_engine.redis_publisher","msg":"published 1 candles to bybit:ESPORTS/USDT:1h"}
{"ts":"2026-07-24 18:35:15,670","level":"INFO","logger":"app.data_engine.redis_publisher","msg":"published 1 candles to bybit:APR/USDT:1h"}
{"ts":"2026-07-24 18:35:15,751","level":"INFO","logger":"app.data_engine.redis_publisher","msg":"published 1 candles to bybit:SOL/USDT:1h"}
{"ts":"2026-07-24 18:35:15,968","level":"INFO","logger":"app.data_engine.redis_publisher","msg":"published 1 candles to bybit:GWEI/USDT:1h"}
{"ts":"2026-07-24 18:35:15,994","level":"INFO","logger":"app.data_engine.redis_publisher","msg":"published 1 candles to bybit:BANK/USDT:1h"}
{"ts":"2026-07-24 18:35:16,072","level":"INFO","logger":"app.data_engine.redis_publisher","msg":"published 1 candles to bybit:ACE/USDT:1h"}
{"ts":"2026-07-24 18:35:16,094","level":"INFO","logger":"app.data_engine.redis_publisher","msg":"published 1 candles to bybit:ETH/USDT:1h"}
{"ts":"2026-07-24 18:35:16,368","level":"INFO","logger":"app.data_engine.redis_publisher","msg":"published 1 candles to bybit:BTC/USDT:1h"}
{"ts":"2026-07-24 18:35:16,398","level":"INFO","logger":"app.data_engine.redis_publisher","msg":"published 1 candles to bybit:SOXL/USDT:1h"}
{"ts":"2026-07-24 18:35:16,455","level":"INFO","logger":"app.data_engine.redis_publisher","msg":"published 1 candles to bybit:SNDK/USDT:1h"}
{"ts":"2026-07-24 18:35:16,617","level":"INFO","logger":"app.data_engine.redis_publisher","msg":"published 1 candles to bybit:XRP/USDT:1h"}
{"ts":"2026-07-24 18:35:16,820","level":"INFO","logger":"app.data_engine.redis_publisher","msg":"published 1 candles to bybit:SNXX/USDT:1h"}
{"ts":"2026-07-24 18:35:17,120","level":"INFO","logger":"app.data_engine.redis_publisher","msg":"published 1 candles to bybit:MU/USDT:1h"}
{"ts":"2026-07-24 18:35:17,289","level":"INFO","logger":"app.data_engine.redis_publisher","msg":"published 1 candles to bybit:PLAYSOUT/USDT:1h"}
{"ts":"2026-07-24 18:35:17,645","level":"INFO","logger":"app.data_engine.redis_publisher","msg":"published 1 candles to bybit:SKHY/USDT:1h"}
{"ts":"2026-07-24 18:35:17,750","level":"INFO","logger":"app.data_engine.redis_publisher","msg":"published 1 candles to bybit:HYPE/USDT:1h"}
{"ts":"2026-07-24 18:35:17,952","level":"INFO","logger":"app.data_engine.redis_publisher","msg":"published 1 candles to bybit:BEAT/USDT:1h"}
{"ts":"2026-07-24 18:35:18,055","level":"INFO","logger":"app.data_engine.redis_publisher","msg":"published 1 candles to bybit:SKHYNIX/USDT:1h"}
{"ts":"2026-07-24 18:35:18,173","level":"INFO","logger":"app.data_engine.redis_publisher","msg":"published 1 candles to bybit:KORU/USDT:1h"}
{"ts":"2026-07-24 18:35:18,272","level":"INFO","logger":"app.data_engine.redis_publisher","msg":"published 1 candles to bybit:DOGE/USDT:1h"}
{"ts":"2026-07-24 18:35:18,371","level":"INFO","logger":"app.data_engine.redis_publisher","msg":"published 1 candles to bybit:AERGO/USDT:1h"}
{"ts":"2026-07-24 18:35:18,496","level":"INFO","logger":"app.data_engine.redis_publisher","msg":"published 1 candles to bybit:CL/USDT:1h"}
{"ts":"2026-07-24 18:35:18,598","level":"INFO","logger":"app.data_engine.redis_publisher","msg":"published 1 candles to bybit:ZEC/USDT:1h"}
{"ts":"2026-07-24 18:35:18,699","level":"INFO","logger":"app.data_engine.redis_publisher","msg":"published 1 candles to bybit:VELVET/USDT:1h"}
{"ts":"2026-07-24 18:35:18,798","level":"INFO","logger":"app.data_engine.redis_publisher","msg":"published 1 candles to bybit:XAU/USDT:1h"}
{"ts":"2026-07-24 18:35:18,903","level":"INFO","logger":"app.data_engine.redis_publisher","msg":"published 1 candles to bybit:LA/USDT:1h"}
{"ts":"2026-07-24 18:35:18,997","level":"INFO","logger":"app.data_engine.redis_publisher","msg":"published 1 candles to bybit:NEAR/USDT:1h"}
{"ts":"2026-07-24 18:35:19,097","level":"INFO","logger":"app.data_engine.redis_publisher","msg":"published 1 candles to bybit:KAITO/USDT:1h"}
{"ts":"2026-07-24 18:35:19,197","level":"INFO","logger":"app.data_engine.redis_publisher","msg":"published 1 candles to bybit:INTC/USDT:1h"}
{"ts":"2026-07-24 18:36:07,752","level":"INFO","logger":"app.data_engine.redis_publisher","msg":"published 1 candles to bybit:CBRS/USDT:1h"}
{"ts":"2026-07-24 18:36:08,317","level":"INFO","logger":"app.data_engine.redis_publisher","msg":"published 1 candles to bybit:HEMI/USDT:1h"}
{"ts":"2026-07-24 18:36:08,595","level":"INFO","logger":"app.data_engine.redis_publisher","msg":"published 1 candles to bybit:BLESS/USDT:1h"}
{"ts":"2026-07-24 18:36:09,150","level":"INFO","logger":"app.data_engine.redis_publisher","msg":"published 1 candles to bybit:ORDER/USDT:1h"}
{"ts":"2026-07-24 18:36:13,027","level":"INFO","logger":"app.data_engine.redis_publisher","msg":"published 1 candles to bybit:RE/USDT:1h"}
{"ts":"2026-07-24 18:36:13,522","level":"INFO","logger":"app.data_engine.redis_publisher","msg":"published 1 candles to bybit:AKE/USDT:1h"}
{"ts":"2026-07-24 18:36:14,047","level":"INFO","logger":"app.data_engine.redis_publisher","msg":"published 1 candles to bybit:B2/USDT:1h"}
{"ts":"2026-07-24 18:36:14,395","level":"INFO","logger":"app.data_engine.redis_publisher","msg":"published 1 candles to bybit:DEXE/USDT:1h"}
{"ts":"2026-07-24 18:36:14,785","level":"INFO","logger":"app.data_engine.redis_publisher","msg":"published 1 candles to bybit:TOWNS/USDT:1h"}
{"ts":"2026-07-24 18:36:15,234","level":"INFO","logger":"app.data_engine.redis_publisher","msg":"published 1 candles to bybit:CAP/USDT:1h"}
{"ts":"2026-07-24 18:36:15,558","level":"INFO","logger":"app.data_engine.redis_publisher","msg":"published 1 candles to bybit:BEAM/USDT:1h"}
{"ts":"2026-07-24 18:36:15,905","level":"INFO","logger":"app.data_engine.redis_publisher","msg":"published 1 candles to bybit:ESPORTS/USDT:1h"}
{"ts":"2026-07-24 18:36:15,977","level":"INFO","logger":"app.data_engine.redis_publisher","msg":"published 1 candles to bybit:APR/USDT:1h"}
{"ts":"2026-07-24 18:36:16,277","level":"INFO","logger":"app.data_engine.redis_publisher","msg":"published 1 candles to bybit:GWEI/USDT:1h"}
{"ts":"2026-07-24 18:36:16,304","level":"INFO","logger":"app.data_engine.redis_publisher","msg":"published 1 candles to bybit:SOL/USDT:1h"}
{"ts":"2026-07-24 18:36:16,378","level":"INFO","logger":"app.data_engine.redis_publisher","msg":"published 1 candles to bybit:BANK/USDT:1h"}
{"ts":"2026-07-24 18:36:16,576","level":"INFO","logger":"app.data_engine.redis_publisher","msg":"published 1 candles to bybit:ETH/USDT:1h"}
{"ts":"2026-07-24 18:36:16,694","level":"INFO","logger":"app.data_engine.redis_publisher","msg":"published 1 candles to bybit:BTC/USDT:1h"}
{"ts":"2026-07-24 18:36:16,702","level":"INFO","logger":"app.data_engine.redis_publisher","msg":"published 1 candles to bybit:ACE/USDT:1h"}
{"ts":"2026-07-24 18:36:16,792","level":"INFO","logger":"app.data_engine.redis_publisher","msg":"published 1 candles to bybit:SOXL/USDT:1h"}
{"ts":"2026-07-24 18:36:16,892","level":"INFO","logger":"app.data_engine.redis_publisher","msg":"published 1 candles to bybit:SNDK/USDT:1h"}
{"ts":"2026-07-24 18:36:16,990","level":"INFO","logger":"app.data_engine.redis_publisher","msg":"published 1 candles to bybit:XRP/USDT:1h"}
{"ts":"2026-07-24 18:36:17,133","level":"INFO","logger":"app.data_engine.redis_publisher","msg":"published 1 candles to bybit:SNXX/USDT:1h"}
{"ts":"2026-07-24 18:36:17,435","level":"INFO","logger":"app.data_engine.redis_publisher","msg":"published 1 candles to bybit:MU/USDT:1h"}
{"ts":"2026-07-24 18:36:17,595","level":"INFO","logger":"app.data_engine.redis_publisher","msg":"published 1 candles to bybit:PLAYSOUT/USDT:1h"}
{"ts":"2026-07-24 18:36:17,955","level":"INFO","logger":"app.data_engine.redis_publisher","msg":"published 1 candles to bybit:SKHY/USDT:1h"}
{"ts":"2026-07-24 18:36:18,058","level":"INFO","logger":"app.data_engine.redis_publisher","msg":"published 1 candles to bybit:HYPE/USDT:1h"}
{"ts":"2026-07-24 18:36:18,261","level":"INFO","logger":"app.data_engine.redis_publisher","msg":"published 1 candles to bybit:BEAT/USDT:1h"}
{"ts":"2026-07-24 18:36:18,365","level":"INFO","logger":"app.data_engine.redis_publisher","msg":"published 1 candles to bybit:SKHYNIX/USDT:1h"}
{"ts":"2026-07-24 18:36:18,494","level":"INFO","logger":"app.data_engine.redis_publisher","msg":"published 1 candles to bybit:KORU/USDT:1h"}
{"ts":"2026-07-24 18:36:18,585","level":"INFO","logger":"app.data_engine.redis_publisher","msg":"published 1 candles to bybit:DOGE/USDT:1h"}
{"ts":"2026-07-24 18:36:18,685","level":"INFO","logger":"app.data_engine.redis_publisher","msg":"published 1 candles to bybit:AERGO/USDT:1h"}
{"ts":"2026-07-24 18:36:18,810","level":"INFO","logger":"app.data_engine.redis_publisher","msg":"published 1 candles to bybit:CL/USDT:1h"}
{"ts":"2026-07-24 18:36:18,921","level":"INFO","logger":"app.data_engine.redis_publisher","msg":"published 1 candles to bybit:ZEC/USDT:1h"}
{"ts":"2026-07-24 18:36:19,012","level":"INFO","logger":"app.data_engine.redis_publisher","msg":"published 1 candles to bybit:VELVET/USDT:1h"}
{"ts":"2026-07-24 18:36:19,122","level":"INFO","logger":"app.data_engine.redis_publisher","msg":"published 1 candles to bybit:XAU/USDT:1h"}
{"ts":"2026-07-24 18:36:19,213","level":"INFO","logger":"app.data_engine.redis_publisher","msg":"published 1 candles to bybit:LA/USDT:1h"}
{"ts":"2026-07-24 18:36:19,315","level":"INFO","logger":"app.data_engine.redis_publisher","msg":"published 1 candles to bybit:NEAR/USDT:1h"}
{"ts":"2026-07-24 18:36:19,418","level":"INFO","logger":"app.data_engine.redis_publisher","msg":"published 1 candles to bybit:KAITO/USDT:1h"}
{"ts":"2026-07-24 18:36:19,515","level":"INFO","logger":"app.data_engine.redis_publisher","msg":"published 1 candles to bybit:INTC/USDT:1h"}
{"ts":"2026-07-24 18:37:08,329","level":"INFO","logger":"app.data_engine.redis_publisher","msg":"published 1 candles to bybit:CBRS/USDT:1h"}
{"ts":"2026-07-24 18:37:08,661","level":"INFO","logger":"app.data_engine.redis_publisher","msg":"published 1 candles to bybit:HEMI/USDT:1h"}
{"ts":"2026-07-24 18:37:09,195","level":"INFO","logger":"app.data_engine.redis_publisher","msg":"published 1 candles to bybit:BLESS/USDT:1h"}
{"ts":"2026-07-24 18:37:09,537","level":"INFO","logger":"app.data_engine.redis_publisher","msg":"published 1 candles to bybit:ORDER/USDT:1h"}
{"ts":"2026-07-24 18:37:13,380","level":"INFO","logger":"app.data_engine.redis_publisher","msg":"published 1 candles to bybit:RE/USDT:1h"}
{"ts":"2026-07-24 18:37:13,841","level":"INFO","logger":"app.data_engine.redis_publisher","msg":"published 1 candles to bybit:AKE/USDT:1h"}
{"ts":"2026-07-24 18:37:14,356","level":"INFO","logger":"app.data_engine.redis_publisher","msg":"published 1 candles to bybit:B2/USDT:1h"}
{"ts":"2026-07-24 18:37:14,712","level":"INFO","logger":"app.data_engine.redis_publisher","msg":"published 1 candles to bybit:DEXE/USDT:1h"}
{"ts":"2026-07-24 18:37:15,096","level":"INFO","logger":"app.data_engine.redis_publisher","msg":"published 1 candles to bybit:TOWNS/USDT:1h"}
{"ts":"2026-07-24 18:37:15,546","level":"INFO","logger":"app.data_engine.redis_publisher","msg":"published 1 candles to bybit:CAP/USDT:1h"}
{"ts":"2026-07-24 18:37:15,875","level":"INFO","logger":"app.data_engine.redis_publisher","msg":"published 1 candles to bybit:BEAM/USDT:1h"}
{"ts":"2026-07-24 18:37:16,228","level":"INFO","logger":"app.data_engine.redis_publisher","msg":"published 1 candles to bybit:ESPORTS/USDT:1h"}
{"ts":"2026-07-24 18:37:16,553","level":"INFO","logger":"app.data_engine.redis_publisher","msg":"published 1 candles to bybit:APR/USDT:1h"}
{"ts":"2026-07-24 18:37:16,586","level":"INFO","logger":"app.data_engine.redis_publisher","msg":"published 1 candles to bybit:GWEI/USDT:1h"}
{"ts":"2026-07-24 18:37:16,787","level":"INFO","logger":"app.data_engine.redis_publisher","msg":"published 1 candles to bybit:BANK/USDT:1h"}
{"ts":"2026-07-24 18:37:16,885","level":"INFO","logger":"app.data_engine.redis_publisher","msg":"published 1 candles to bybit:ETH/USDT:1h"}
{"ts":"2026-07-24 18:37:16,911","level":"INFO","logger":"app.data_engine.redis_publisher","msg":"published 1 candles to bybit:SOL/USDT:1h"}
{"ts":"2026-07-24 18:37:17,007","level":"INFO","logger":"app.data_engine.redis_publisher","msg":"published 1 candles to bybit:BTC/USDT:1h"}
{"ts":"2026-07-24 18:37:17,109","level":"INFO","logger":"app.data_engine.redis_publisher","msg":"published 1 candles to bybit:ACE/USDT:1h"}
{"ts":"2026-07-24 18:37:17,206","level":"INFO","logger":"app.data_engine.redis_publisher","msg":"published 1 candles to bybit:SOXL/USDT:1h"}
{"ts":"2026-07-24 18:37:17,307","level":"INFO","logger":"app.data_engine.redis_publisher","msg":"published 1 candles to bybit:SNDK/USDT:1h"}
{"ts":"2026-07-24 18:37:17,406","level":"INFO","logger":"app.data_engine.redis_publisher","msg":"published 1 candles to bybit:XRP/USDT:1h"}
{"ts":"2026-07-24 18:37:17,506","level":"INFO","logger":"app.data_engine.redis_publisher","msg":"published 1 candles to bybit:SNXX/USDT:1h"}
{"ts":"2026-07-24 18:37:17,747","level":"INFO","logger":"app.data_engine.redis_publisher","msg":"published 1 candles to bybit:MU/USDT:1h"}
{"ts":"2026-07-24 18:37:17,906","level":"INFO","logger":"app.data_engine.redis_publisher","msg":"published 1 candles to bybit:PLAYSOUT/USDT:1h"}
{"ts":"2026-07-24 18:37:18,415","level":"INFO","logger":"app.data_engine.redis_publisher","msg":"published 1 candles to bybit:SKHY/USDT:1h"}
{"ts":"2026-07-24 18:37:18,473","level":"INFO","logger":"app.data_engine.redis_publisher","msg":"published 1 candles to bybit:HYPE/USDT:1h"}
{"ts":"2026-07-24 18:37:18,722","level":"INFO","logger":"app.data_engine.redis_publisher","msg":"published 1 candles to bybit:BEAT/USDT:1h"}
{"ts":"2026-07-24 18:37:18,788","level":"INFO","logger":"app.data_engine.redis_publisher","msg":"published 1 candles to bybit:SKHYNIX/USDT:1h"}
{"ts":"2026-07-24 18:37:18,886","level":"INFO","logger":"app.data_engine.redis_publisher","msg":"published 1 candles to bybit:KORU/USDT:1h"}
{"ts":"2026-07-24 18:37:18,985","level":"INFO","logger":"app.data_engine.redis_publisher","msg":"published 1 candles to bybit:DOGE/USDT:1h"}
{"ts":"2026-07-24 18:37:19,103","level":"INFO","logger":"app.data_engine.redis_publisher","msg":"published 1 candles to bybit:AERGO/USDT:1h"}
{"ts":"2026-07-24 18:37:19,191","level":"INFO","logger":"app.data_engine.redis_publisher","msg":"published 1 candles to bybit:CL/USDT:1h"}
{"ts":"2026-07-24 18:37:19,288","level":"INFO","logger":"app.data_engine.redis_publisher","msg":"published 1 candles to bybit:ZEC/USDT:1h"}
{"ts":"2026-07-24 18:37:19,386","level":"INFO","logger":"app.data_engine.redis_publisher","msg":"published 1 candles to bybit:VELVET/USDT:1h"}
{"ts":"2026-07-24 18:37:19,485","level":"INFO","logger":"app.data_engine.redis_publisher","msg":"published 1 candles to bybit:XAU/USDT:1h"}
{"ts":"2026-07-24 18:37:19,604","level":"INFO","logger":"app.data_engine.redis_publisher","msg":"published 1 candles to bybit:LA/USDT:1h"}
{"ts":"2026-07-24 18:37:19,686","level":"INFO","logger":"app.data_engine.redis_publisher","msg":"published 1 candles to bybit:NEAR/USDT:1h"}
{"ts":"2026-07-24 18:37:19,787","level":"INFO","logger":"app.data_engine.redis_publisher","msg":"published 1 candles to bybit:KAITO/USDT:1h"}
{"ts":"2026-07-24 18:37:19,886","level":"INFO","logger":"app.data_engine.redis_publisher","msg":"published 1 candles to bybit:INTC/USDT:1h"}
{"ts":"2026-07-24 18:38:08,882","level":"INFO","logger":"app.data_engine.redis_publisher","msg":"published 1 candles to bybit:CBRS/USDT:1h"}
{"ts":"2026-07-24 18:38:09,199","level":"INFO","logger":"app.data_engine.redis_publisher","msg":"published 1 candles to bybit:HEMI/USDT:1h"}
{"ts":"2026-07-24 18:38:09,547","level":"INFO","logger":"app.data_engine.redis_publisher","msg":"published 1 candles to bybit:BLESS/USDT:1h"}
{"ts":"2026-07-24 18:38:09,863","level":"INFO","logger":"app.data_engine.redis_publisher","msg":"published 1 candles to bybit:ORDER/USDT:1h"}
{"ts":"2026-07-24 18:38:13,697","level":"INFO","logger":"app.data_engine.redis_publisher","msg":"published 1 candles to bybit:RE/USDT:1h"}
{"ts":"2026-07-24 18:38:14,158","level":"INFO","logger":"app.data_engine.redis_publisher","msg":"published 1 candles to bybit:AKE/USDT:1h"}
{"ts":"2026-07-24 18:38:14,668","level":"INFO","logger":"app.data_engine.redis_publisher","msg":"published 1 candles to bybit:B2/USDT:1h"}
{"ts":"2026-07-24 18:38:15,022","level":"INFO","logger":"app.data_engine.redis_publisher","msg":"published 1 candles to bybit:DEXE/USDT:1h"}
{"ts":"2026-07-24 18:38:15,412","level":"INFO","logger":"app.data_engine.redis_publisher","msg":"published 1 candles to bybit:TOWNS/USDT:1h"}
{"ts":"2026-07-24 18:38:15,857","level":"INFO","logger":"app.data_engine.redis_publisher","msg":"published 1 candles to bybit:CAP/USDT:1h"}
{"ts":"2026-07-24 18:38:16,191","level":"INFO","logger":"app.data_engine.redis_publisher","msg":"published 1 candles to bybit:BEAM/USDT:1h"}
{"ts":"2026-07-24 18:38:16,543","level":"INFO","logger":"app.data_engine.redis_publisher","msg":"published 1 candles to bybit:ESPORTS/USDT:1h"}
{"ts":"2026-07-24 18:38:16,867","level":"INFO","logger":"app.data_engine.redis_publisher","msg":"published 1 candles to bybit:APR/USDT:1h"}
{"ts":"2026-07-24 18:38:16,968","level":"INFO","logger":"app.data_engine.redis_publisher","msg":"published 1 candles to bybit:GWEI/USDT:1h"}
{"ts":"2026-07-24 18:38:17,093","level":"INFO","logger":"app.data_engine.redis_publisher","msg":"published 1 candles to bybit:BANK/USDT:1h"}
{"ts":"2026-07-24 18:38:17,196","level":"INFO","logger":"app.data_engine.redis_publisher","msg":"published 1 candles to bybit:ETH/USDT:1h"}
{"ts":"2026-07-24 18:38:17,395","level":"INFO","logger":"app.data_engine.redis_publisher","msg":"published 1 candles to bybit:BTC/USDT:1h"}
{"ts":"2026-07-24 18:38:17,496","level":"INFO","logger":"app.data_engine.redis_publisher","msg":"published 1 candles to bybit:ACE/USDT:1h"}
{"ts":"2026-07-24 18:38:17,519","level":"INFO","logger":"app.data_engine.redis_publisher","msg":"published 1 candles to bybit:SOL/USDT:1h"}
{"ts":"2026-07-24 18:38:17,696","level":"INFO","logger":"app.data_engine.redis_publisher","msg":"published 1 candles to bybit:SNDK/USDT:1h"}
{"ts":"2026-07-24 18:38:17,795","level":"INFO","logger":"app.data_engine.redis_publisher","msg":"published 1 candles to bybit:XRP/USDT:1h"}
{"ts":"2026-07-24 18:38:17,820","level":"INFO","logger":"app.data_engine.redis_publisher","msg":"published 1 candles to bybit:SOXL/USDT:1h"}
{"ts":"2026-07-24 18:38:17,905","level":"INFO","logger":"app.data_engine.redis_publisher","msg":"published 1 candles to bybit:SNXX/USDT:1h"}
{"ts":"2026-07-24 18:38:18,055","level":"INFO","logger":"app.data_engine.redis_publisher","msg":"published 1 candles to bybit:MU/USDT:1h"}
{"ts":"2026-07-24 18:38:18,215","level":"INFO","logger":"app.data_engine.redis_publisher","msg":"published 1 candles to bybit:PLAYSOUT/USDT:1h"}
{"ts":"2026-07-24 18:38:18,820","level":"INFO","logger":"app.data_engine.redis_publisher","msg":"published 1 candles to bybit:SKHY/USDT:1h"}
{"ts":"2026-07-24 18:38:18,918","level":"INFO","logger":"app.data_engine.redis_publisher","msg":"published 1 candles to bybit:HYPE/USDT:1h"}
{"ts":"2026-07-24 18:38:19,032","level":"INFO","logger":"app.data_engine.redis_publisher","msg":"published 1 candles to bybit:BEAT/USDT:1h"}
{"ts":"2026-07-24 18:38:19,131","level":"INFO","logger":"app.data_engine.redis_publisher","msg":"published 1 candles to bybit:SKHYNIX/USDT:1h"}
{"ts":"2026-07-24 18:38:19,232","level":"INFO","logger":"app.data_engine.redis_publisher","msg":"published 1 candles to bybit:KORU/USDT:1h"}
{"ts":"2026-07-24 18:38:19,333","level":"INFO","logger":"app.data_engine.redis_publisher","msg":"published 1 candles to bybit:DOGE/USDT:1h"}
{"ts":"2026-07-24 18:38:19,433","level":"INFO","logger":"app.data_engine.redis_publisher","msg":"published 1 candles to bybit:AERGO/USDT:1h"}
{"ts":"2026-07-24 18:38:19,543","level":"INFO","logger":"app.data_engine.redis_publisher","msg":"published 1 candles to bybit:CL/USDT:1h"}
{"ts":"2026-07-24 18:38:19,633","level":"INFO","logger":"app.data_engine.redis_publisher","msg":"published 1 candles to bybit:ZEC/USDT:1h"}
{"ts":"2026-07-24 18:38:19,732","level":"INFO","logger":"app.data_engine.redis_publisher","msg":"published 1 candles to bybit:VELVET/USDT:1h"}
{"ts":"2026-07-24 18:38:19,841","level":"INFO","logger":"app.data_engine.redis_publisher","msg":"published 1 candles to bybit:XAU/USDT:1h"}
{"ts":"2026-07-24 18:38:19,931","level":"INFO","logger":"app.data_engine.redis_publisher","msg":"published 1 candles to bybit:LA/USDT:1h"}
{"ts":"2026-07-24 18:38:20,032","level":"INFO","logger":"app.data_engine.redis_publisher","msg":"published 1 candles to bybit:NEAR/USDT:1h"}
{"ts":"2026-07-24 18:38:20,138","level":"INFO","logger":"app.data_engine.redis_publisher","msg":"published 1 candles to bybit:KAITO/USDT:1h"}
{"ts":"2026-07-24 18:38:20,232","level":"INFO","logger":"app.data_engine.redis_publisher","msg":"published 1 candles to bybit:INTC/USDT:1h"}
{"ts":"2026-07-24 18:39:09,437","level":"INFO","logger":"app.data_engine.redis_publisher","msg":"published 1 candles to bybit:CBRS/USDT:1h"}
{"ts":"2026-07-24 18:39:09,737","level":"INFO","logger":"app.data_engine.redis_publisher","msg":"published 1 candles to bybit:HEMI/USDT:1h"}
{"ts":"2026-07-24 18:39:10,038","level":"INFO","logger":"app.data_engine.redis_publisher","msg":"published 1 candles to bybit:BLESS/USDT:1h"}
{"ts":"2026-07-24 18:39:10,174","level":"INFO","logger":"app.data_engine.redis_publisher","msg":"published 1 candles to bybit:ORDER/USDT:1h"}
{"ts":"2026-07-24 18:39:14,009","level":"INFO","logger":"app.data_engine.redis_publisher","msg":"published 1 candles to bybit:RE/USDT:1h"}
{"ts":"2026-07-24 18:39:14,469","level":"INFO","logger":"app.data_engine.redis_publisher","msg":"published 1 candles to bybit:AKE/USDT:1h"}
{"ts":"2026-07-24 18:39:14,978","level":"INFO","logger":"app.data_engine.redis_publisher","msg":"published 1 candles to bybit:B2/USDT:1h"}
{"ts":"2026-07-24 18:39:15,331","level":"INFO","logger":"app.data_engine.redis_publisher","msg":"published 1 candles to bybit:DEXE/USDT:1h"}
{"ts":"2026-07-24 18:39:15,748","level":"INFO","logger":"app.data_engine.redis_publisher","msg":"published 1 candles to bybit:TOWNS/USDT:1h"}
{"ts":"2026-07-24 18:39:16,169","level":"INFO","logger":"app.data_engine.redis_publisher","msg":"published 1 candles to bybit:CAP/USDT:1h"}
{"ts":"2026-07-24 18:39:16,503","level":"INFO","logger":"app.data_engine.redis_publisher","msg":"published 1 candles to bybit:BEAM/USDT:1h"}
{"ts":"2026-07-24 18:39:16,858","level":"INFO","logger":"app.data_engine.redis_publisher","msg":"published 1 candles to bybit:ESPORTS/USDT:1h"}
{"ts":"2026-07-24 18:39:17,175","level":"INFO","logger":"app.data_engine.redis_publisher","msg":"published 1 candles to bybit:APR/USDT:1h"}
{"ts":"2026-07-24 18:39:17,278","level":"INFO","logger":"app.data_engine.redis_publisher","msg":"published 1 candles to bybit:GWEI/USDT:1h"}
{"ts":"2026-07-24 18:39:17,401","level":"INFO","logger":"app.data_engine.redis_publisher","msg":"published 1 candles to bybit:BANK/USDT:1h"}
{"ts":"2026-07-24 18:39:17,505","level":"INFO","logger":"app.data_engine.redis_publisher","msg":"published 1 candles to bybit:ETH/USDT:1h"}
{"ts":"2026-07-24 18:39:17,704","level":"INFO","logger":"app.data_engine.redis_publisher","msg":"published 1 candles to bybit:BTC/USDT:1h"}
{"ts":"2026-07-24 18:39:17,804","level":"INFO","logger":"app.data_engine.redis_publisher","msg":"published 1 candles to bybit:ACE/USDT:1h"}
{"ts":"2026-07-24 18:39:18,012","level":"INFO","logger":"app.data_engine.redis_publisher","msg":"published 1 candles to bybit:SNDK/USDT:1h"}
{"ts":"2026-07-24 18:39:18,107","level":"INFO","logger":"app.data_engine.redis_publisher","msg":"published 1 candles to bybit:XRP/USDT:1h"}
{"ts":"2026-07-24 18:39:18,129","level":"INFO","logger":"app.data_engine.redis_publisher","msg":"published 1 candles to bybit:SOL/USDT:1h"}
{"ts":"2026-07-24 18:39:18,308","level":"INFO","logger":"app.data_engine.redis_publisher","msg":"published 1 candles to bybit:SNXX/USDT:1h"}
{"ts":"2026-07-24 18:39:18,408","level":"INFO","logger":"app.data_engine.redis_publisher","msg":"published 1 candles to bybit:MU/USDT:1h"}
{"ts":"2026-07-24 18:39:18,433","level":"INFO","logger":"app.data_engine.redis_publisher","msg":"published 1 candles to bybit:SOXL/USDT:1h"}
{"ts":"2026-07-24 18:39:18,525","level":"INFO","logger":"app.data_engine.redis_publisher","msg":"published 1 candles to bybit:PLAYSOUT/USDT:1h"}
{"ts":"2026-07-24 18:39:19,131","level":"INFO","logger":"app.data_engine.redis_publisher","msg":"published 1 candles to bybit:SKHY/USDT:1h"}
{"ts":"2026-07-24 18:39:19,234","level":"INFO","logger":"app.data_engine.redis_publisher","msg":"published 1 candles to bybit:HYPE/USDT:1h"}
{"ts":"2026-07-24 18:39:19,341","level":"INFO","logger":"app.data_engine.redis_publisher","msg":"published 1 candles to bybit:BEAT/USDT:1h"}
{"ts":"2026-07-24 18:39:19,540","level":"INFO","logger":"app.data_engine.redis_publisher","msg":"published 1 candles to bybit:KORU/USDT:1h"}
{"ts":"2026-07-24 18:39:19,634","level":"INFO","logger":"app.data_engine.redis_publisher","msg":"published 1 candles to bybit:SKHYNIX/USDT:1h"}
{"ts":"2026-07-24 18:39:19,679","level":"INFO","logger":"app.data_engine.redis_publisher","msg":"published 1 candles to bybit:DOGE/USDT:1h"}
{"ts":"2026-07-24 18:39:19,754","level":"INFO","logger":"app.data_engine.redis_publisher","msg":"published 1 candles to bybit:AERGO/USDT:1h"}
{"ts":"2026-07-24 18:39:19,853","level":"INFO","logger":"app.data_engine.redis_publisher","msg":"published 1 candles to bybit:CL/USDT:1h"}
{"ts":"2026-07-24 18:39:19,954","level":"INFO","logger":"app.data_engine.redis_publisher","msg":"published 1 candles to bybit:ZEC/USDT:1h"}
{"ts":"2026-07-24 18:39:20,056","level":"INFO","logger":"app.data_engine.redis_publisher","msg":"published 1 candles to bybit:VELVET/USDT:1h"}
{"ts":"2026-07-24 18:39:20,156","level":"INFO","logger":"app.data_engine.redis_publisher","msg":"published 1 candles to bybit:XAU/USDT:1h"}
{"ts":"2026-07-24 18:39:20,254","level":"INFO","logger":"app.data_engine.redis_publisher","msg":"published 1 candles to bybit:LA/USDT:1h"}
{"ts":"2026-07-24 18:39:20,456","level":"INFO","logger":"app.data_engine.redis_publisher","msg":"published 1 candles to bybit:KAITO/USDT:1h"}
{"ts":"2026-07-24 18:39:20,540","level":"INFO","logger":"app.data_engine.redis_publisher","msg":"published 1 candles to bybit:NEAR/USDT:1h"}
{"ts":"2026-07-24 18:39:20,565","level":"INFO","logger":"app.data_engine.redis_publisher","msg":"published 1 candles to bybit:INTC/USDT:1h"}
{"ts":"2026-07-24 18:40:10,259","level":"INFO","logger":"app.data_engine.redis_publisher","msg":"published 1 candles to bybit:CBRS/USDT:1h"}
{"ts":"2026-07-24 18:40:10,487","level":"INFO","logger":"app.data_engine.redis_publisher","msg":"published 1 candles to bybit:ORDER/USDT:1h"}
{"ts":"2026-07-24 18:40:10,506","level":"INFO","logger":"app.data_engine.redis_publisher","msg":"published 1 candles to bybit:HEMI/USDT:1h"}
{"ts":"2026-07-24 18:40:10,596","level":"INFO","logger":"app.data_engine.redis_publisher","msg":"published 1 candles to bybit:BLESS/USDT:1h"}
{"ts":"2026-07-24 18:40:14,320","level":"INFO","logger":"app.data_engine.redis_publisher","msg":"published 1 candles to bybit:RE/USDT:1h"}
{"ts":"2026-07-24 18:40:14,782","level":"INFO","logger":"app.data_engine.redis_publisher","msg":"published 1 candles to bybit:AKE/USDT:1h"}
{"ts":"2026-07-24 18:40:15,304","level":"INFO","logger":"app.data_engine.redis_publisher","msg":"published 1 candles to bybit:B2/USDT:1h"}
{"ts":"2026-07-24 18:40:15,642","level":"INFO","logger":"app.data_engine.redis_publisher","msg":"published 1 candles to bybit:DEXE/USDT:1h"}
{"ts":"2026-07-24 18:40:16,069","level":"INFO","logger":"app.data_engine.redis_publisher","msg":"published 1 candles to bybit:TOWNS/USDT:1h"}
{"ts":"2026-07-24 18:40:16,484","level":"INFO","logger":"app.data_engine.redis_publisher","msg":"published 1 candles to bybit:CAP/USDT:1h"}
{"ts":"2026-07-24 18:40:16,815","level":"INFO","logger":"app.data_engine.redis_publisher","msg":"published 1 candles to bybit:BEAM/USDT:1h"}
{"ts":"2026-07-24 18:40:17,180","level":"INFO","logger":"app.data_engine.redis_publisher","msg":"published 1 candles to bybit:ESPORTS/USDT:1h"}
{"ts":"2026-07-24 18:40:17,491","level":"INFO","logger":"app.data_engine.redis_publisher","msg":"published 1 candles to bybit:APR/USDT:1h"}
{"ts":"2026-07-24 18:40:17,586","level":"INFO","logger":"app.data_engine.redis_publisher","msg":"published 1 candles to bybit:GWEI/USDT:1h"}
{"ts":"2026-07-24 18:40:17,713","level":"INFO","logger":"app.data_engine.redis_publisher","msg":"published 1 candles to bybit:BANK/USDT:1h"}
{"ts":"2026-07-24 18:40:17,815","level":"INFO","logger":"app.data_engine.redis_publisher","msg":"published 1 candles to bybit:ETH/USDT:1h"}
{"ts":"2026-07-24 18:40:18,013","level":"INFO","logger":"app.data_engine.redis_publisher","msg":"published 1 candles to bybit:BTC/USDT:1h"}
{"ts":"2026-07-24 18:40:18,117","level":"INFO","logger":"app.data_engine.redis_publisher","msg":"published 1 candles to bybit:ACE/USDT:1h"}
{"ts":"2026-07-24 18:40:18,321","level":"INFO","logger":"app.data_engine.redis_publisher","msg":"published 1 candles to bybit:SNDK/USDT:1h"}
{"ts":"2026-07-24 18:40:18,420","level":"INFO","logger":"app.data_engine.redis_publisher","msg":"published 1 candles to bybit:XRP/USDT:1h"}
{"ts":"2026-07-24 18:40:18,519","level":"INFO","logger":"app.data_engine.redis_publisher","msg":"published 1 candles to bybit:SOL/USDT:1h"}
{"ts":"2026-07-24 18:40:18,622","level":"INFO","logger":"app.data_engine.redis_publisher","msg":"published 1 candles to bybit:SNXX/USDT:1h"}
{"ts":"2026-07-24 18:40:18,720","level":"INFO","logger":"app.data_engine.redis_publisher","msg":"published 1 candles to bybit:MU/USDT:1h"}
{"ts":"2026-07-24 18:40:18,819","level":"INFO","logger":"app.data_engine.redis_publisher","msg":"published 1 candles to bybit:SOXL/USDT:1h"}
{"ts":"2026-07-24 18:40:18,924","level":"INFO","logger":"app.data_engine.redis_publisher","msg":"published 1 candles to bybit:PLAYSOUT/USDT:1h"}
{"ts":"2026-07-24 18:40:19,463","level":"INFO","logger":"app.data_engine.redis_publisher","msg":"published 1 candles to bybit:SKHY/USDT:1h"}
{"ts":"2026-07-24 18:40:19,546","level":"INFO","logger":"app.data_engine.redis_publisher","msg":"published 1 candles to bybit:HYPE/USDT:1h"}
{"ts":"2026-07-24 18:40:19,652","level":"INFO","logger":"app.data_engine.redis_publisher","msg":"published 1 candles to bybit:BEAT/USDT:1h"}
{"ts":"2026-07-24 18:40:19,855","level":"INFO","logger":"app.data_engine.redis_publisher","msg":"published 1 candles to bybit:KORU/USDT:1h"}
{"ts":"2026-07-24 18:40:19,957","level":"INFO","logger":"app.data_engine.redis_publisher","msg":"published 1 candles to bybit:SKHYNIX/USDT:1h"}
{"ts":"2026-07-24 18:40:20,055","level":"INFO","logger":"app.data_engine.redis_publisher","msg":"published 1 candles to bybit:DOGE/USDT:1h"}
{"ts":"2026-07-24 18:40:20,159","level":"INFO","logger":"app.data_engine.redis_publisher","msg":"published 1 candles to bybit:AERGO/USDT:1h"}
{"ts":"2026-07-24 18:40:20,256","level":"INFO","logger":"app.data_engine.redis_publisher","msg":"published 1 candles to bybit:CL/USDT:1h"}
{"ts":"2026-07-24 18:40:20,369","level":"INFO","logger":"app.data_engine.redis_publisher","msg":"published 1 candles to bybit:ZEC/USDT:1h"}
{"ts":"2026-07-24 18:40:20,458","level":"INFO","logger":"app.data_engine.redis_publisher","msg":"published 1 candles to bybit:VELVET/USDT:1h"}
{"ts":"2026-07-24 18:40:20,565","level":"INFO","logger":"app.data_engine.redis_publisher","msg":"published 1 candles to bybit:XAU/USDT:1h"}
{"ts":"2026-07-24 18:40:20,655","level":"INFO","logger":"app.data_engine.redis_publisher","msg":"published 1 candles to bybit:LA/USDT:1h"}
{"ts":"2026-07-24 18:40:20,768","level":"INFO","logger":"app.data_engine.redis_publisher","msg":"published 1 candles to bybit:KAITO/USDT:1h"}
{"ts":"2026-07-24 18:40:20,868","level":"INFO","logger":"app.data_engine.redis_publisher","msg":"published 1 candles to bybit:NEAR/USDT:1h"}
{"ts":"2026-07-24 18:40:20,970","level":"INFO","logger":"app.data_engine.redis_publisher","msg":"published 1 candles to bybit:INTC/USDT:1h"}
{"ts":"2026-07-24 18:41:10,808","level":"INFO","logger":"app.data_engine.redis_publisher","msg":"published 1 candles to bybit:CBRS/USDT:1h"}
{"ts":"2026-07-24 18:41:11,024","level":"INFO","logger":"app.data_engine.redis_publisher","msg":"published 1 candles to bybit:ORDER/USDT:1h"}
{"ts":"2026-07-24 18:41:11,119","level":"INFO","logger":"app.data_engine.redis_publisher","msg":"published 1 candles to bybit:HEMI/USDT:1h"}
{"ts":"2026-07-24 18:41:11,220","level":"INFO","logger":"app.data_engine.redis_publisher","msg":"published 1 candles to bybit:BLESS/USDT:1h"}
2026-07-24 18:41:13.634 | INFO     | app.data.universe_scanner:refresh:176 - UniverseScanner: %d candidates above $%.0f volume
2026-07-24 18:41:14.574 | DEBUG    | app.data.universe_scanner:refresh:188 - UniverseScanner: ATR failed for SOXL/USDT
{"ts":"2026-07-24 18:41:14,675","level":"INFO","logger":"app.data_engine.redis_publisher","msg":"published 1 candles to bybit:RE/USDT:1h"}
2026-07-24 18:41:14.895 | DEBUG    | app.data.universe_scanner:refresh:188 - UniverseScanner: ATR failed for AKE/USDT
{"ts":"2026-07-24 18:41:15,094","level":"INFO","logger":"app.data_engine.redis_publisher","msg":"published 1 candles to bybit:AKE/USDT:1h"}
2026-07-24 18:41:15.205 | DEBUG    | app.data.universe_scanner:refresh:188 - UniverseScanner: ATR failed for DEXE/USDT
2026-07-24 18:41:15.205 | DEBUG    | app.data.universe_scanner:refresh:188 - UniverseScanner: ATR failed for BANK/USDT
2026-07-24 18:41:15.205 | DEBUG    | app.data.universe_scanner:refresh:188 - UniverseScanner: ATR failed for SNDK/USDT
2026-07-24 18:41:15.515 | DEBUG    | app.data.universe_scanner:refresh:188 - UniverseScanner: ATR failed for XAU/USDT
2026-07-24 18:41:15.515 | DEBUG    | app.data.universe_scanner:refresh:188 - UniverseScanner: ATR failed for CL/USDT
2026-07-24 18:41:15.516 | DEBUG    | app.data.universe_scanner:refresh:188 - UniverseScanner: ATR failed for MU/USDT
2026-07-24 18:41:15.516 | DEBUG    | app.data.universe_scanner:refresh:188 - UniverseScanner: ATR failed for ZEC/USDT
2026-07-24 18:41:15.516 | DEBUG    | app.data.universe_scanner:refresh:188 - UniverseScanner: ATR failed for ESPORTS/USDT
{"ts":"2026-07-24 18:41:15,615","level":"INFO","logger":"app.data_engine.redis_publisher","msg":"published 1 candles to bybit:B2/USDT:1h"}
2026-07-24 18:41:15.830 | DEBUG    | app.data.universe_scanner:refresh:188 - UniverseScanner: ATR failed for SKHYNIX/USDT
2026-07-24 18:41:15.830 | DEBUG    | app.data.universe_scanner:refresh:188 - UniverseScanner: ATR failed for SPCX/USDT
{"ts":"2026-07-24 18:41:15,958","level":"INFO","logger":"app.data_engine.redis_publisher","msg":"published 1 candles to bybit:DEXE/USDT:1h"}
2026-07-24 18:41:16.138 | DEBUG    | app.data.universe_scanner:refresh:188 - UniverseScanner: ATR failed for SKHY/USDT
2026-07-24 18:41:16.139 | DEBUG    | app.data.universe_scanner:refresh:188 - UniverseScanner: ATR failed for INTC/USDT
{"ts":"2026-07-24 18:41:16,383","level":"INFO","logger":"app.data_engine.redis_publisher","msg":"published 1 candles to bybit:TOWNS/USDT:1h"}
2026-07-24 18:41:16.756 | DEBUG    | app.data.universe_scanner:refresh:188 - UniverseScanner: ATR failed for RE/USDT
2026-07-24 18:41:16.756 | DEBUG    | app.data.universe_scanner:refresh:188 - UniverseScanner: ATR failed for 1000PEPE/USDT
{"ts":"2026-07-24 18:41:16,800","level":"INFO","logger":"app.data_engine.redis_publisher","msg":"published 1 candles to bybit:CAP/USDT:1h"}
2026-07-24 18:41:17.065 | DEBUG    | app.data.universe_scanner:refresh:188 - UniverseScanner: ATR failed for BEAT/USDT
2026-07-24 18:41:17.065 | DEBUG    | app.data.universe_scanner:refresh:188 - UniverseScanner: ATR failed for KORU/USDT
{"ts":"2026-07-24 18:41:17,124","level":"INFO","logger":"app.data_engine.redis_publisher","msg":"published 1 candles to bybit:BEAM/USDT:1h"}
2026-07-24 18:41:17.371 | DEBUG    | app.data.universe_scanner:refresh:188 - UniverseScanner: ATR failed for XAG/USDT
2026-07-24 18:41:17.371 | DEBUG    | app.data.universe_scanner:refresh:188 - UniverseScanner: ATR failed for SNXX/USDT
{"ts":"2026-07-24 18:41:17,510","level":"INFO","logger":"app.data_engine.redis_publisher","msg":"published 1 candles to bybit:ESPORTS/USDT:1h"}
{"ts":"2026-07-24 18:41:17,798","level":"INFO","logger":"app.data_engine.redis_publisher","msg":"published 1 candles to bybit:APR/USDT:1h"}
{"ts":"2026-07-24 18:41:17,899","level":"INFO","logger":"app.data_engine.redis_publisher","msg":"published 1 candles to bybit:GWEI/USDT:1h"}
{"ts":"2026-07-24 18:41:18,026","level":"INFO","logger":"app.data_engine.redis_publisher","msg":"published 1 candles to bybit:BANK/USDT:1h"}
{"ts":"2026-07-24 18:41:18,126","level":"INFO","logger":"app.data_engine.redis_publisher","msg":"published 1 candles to bybit:ETH/USDT:1h"}
2026-07-24 18:41:18.298 | DEBUG    | app.data.universe_scanner:refresh:188 - UniverseScanner: ATR failed for KAITO/USDT
2026-07-24 18:41:18.298 | DEBUG    | app.data.universe_scanner:refresh:188 - UniverseScanner: ATR failed for CBRS/USDT
{"ts":"2026-07-24 18:41:18,323","level":"INFO","logger":"app.data_engine.redis_publisher","msg":"published 1 candles to bybit:BTC/USDT:1h"}
{"ts":"2026-07-24 18:41:18,425","level":"INFO","logger":"app.data_engine.redis_publisher","msg":"published 1 candles to bybit:ACE/USDT:1h"}
{"ts":"2026-07-24 18:41:18,632","level":"INFO","logger":"app.data_engine.redis_publisher","msg":"published 1 candles to bybit:SNDK/USDT:1h"}
{"ts":"2026-07-24 18:41:18,731","level":"INFO","logger":"app.data_engine.redis_publisher","msg":"published 1 candles to bybit:XRP/USDT:1h"}
{"ts":"2026-07-24 18:41:18,829","level":"INFO","logger":"app.data_engine.redis_publisher","msg":"published 1 candles to bybit:SOL/USDT:1h"}
{"ts":"2026-07-24 18:41:18,935","level":"INFO","logger":"app.data_engine.redis_publisher","msg":"published 1 candles to bybit:SNXX/USDT:1h"}
{"ts":"2026-07-24 18:41:19,033","level":"INFO","logger":"app.data_engine.redis_publisher","msg":"published 1 candles to bybit:MU/USDT:1h"}
{"ts":"2026-07-24 18:41:19,134","level":"INFO","logger":"app.data_engine.redis_publisher","msg":"published 1 candles to bybit:SOXL/USDT:1h"}
2026-07-24 18:41:19.223 | DEBUG    | app.data.universe_scanner:refresh:188 - UniverseScanner: ATR failed for PUMPFUN/USDT
{"ts":"2026-07-24 18:41:19,242","level":"INFO","logger":"app.data_engine.redis_publisher","msg":"published 1 candles to bybit:PLAYSOUT/USDT:1h"}
2026-07-24 18:41:19.532 | DEBUG    | app.data.universe_scanner:refresh:188 - UniverseScanner: ATR failed for TAO/USDT
{"ts":"2026-07-24 18:41:19,772","level":"INFO","logger":"app.data_engine.redis_publisher","msg":"published 1 candles to bybit:SKHY/USDT:1h"}
{"ts":"2026-07-24 18:41:19,872","level":"INFO","logger":"app.data_engine.redis_publisher","msg":"published 1 candles to bybit:HYPE/USDT:1h"}
{"ts":"2026-07-24 18:41:19,971","level":"INFO","logger":"app.data_engine.redis_publisher","msg":"published 1 candles to bybit:BEAT/USDT:1h"}
2026-07-24 18:41:20.147 | DEBUG    | app.data.universe_scanner:refresh:188 - UniverseScanner: ATR failed for FARTCOIN/USDT
{"ts":"2026-07-24 18:41:20,163","level":"INFO","logger":"app.data_engine.redis_publisher","msg":"published 1 candles to bybit:KORU/USDT:1h"}
{"ts":"2026-07-24 18:41:20,270","level":"INFO","logger":"app.data_engine.redis_publisher","msg":"published 1 candles to bybit:SKHYNIX/USDT:1h"}
{"ts":"2026-07-24 18:41:20,376","level":"INFO","logger":"app.data_engine.redis_publisher","msg":"published 1 candles to bybit:DOGE/USDT:1h"}
{"ts":"2026-07-24 18:41:20,471","level":"INFO","logger":"app.data_engine.redis_publisher","msg":"published 1 candles to bybit:AERGO/USDT:1h"}
{"ts":"2026-07-24 18:41:20,571","level":"INFO","logger":"app.data_engine.redis_publisher","msg":"published 1 candles to bybit:CL/USDT:1h"}
{"ts":"2026-07-24 18:41:20,676","level":"INFO","logger":"app.data_engine.redis_publisher","msg":"published 1 candles to bybit:ZEC/USDT:1h"}
2026-07-24 18:41:20.764 | DEBUG    | app.data.universe_scanner:refresh:188 - UniverseScanner: ATR failed for EWY/USDT
2026-07-24 18:41:20.764 | DEBUG    | app.data.universe_scanner:refresh:188 - UniverseScanner: ATR failed for INTW/USDT
{"ts":"2026-07-24 18:41:20,778","level":"INFO","logger":"app.data_engine.redis_publisher","msg":"published 1 candles to bybit:VELVET/USDT:1h"}
{"ts":"2026-07-24 18:41:20,910","level":"INFO","logger":"app.data_engine.redis_publisher","msg":"published 1 candles to bybit:XAU/USDT:1h"}
{"ts":"2026-07-24 18:41:20,988","level":"INFO","logger":"app.data_engine.redis_publisher","msg":"published 1 candles to bybit:LA/USDT:1h"}
{"ts":"2026-07-24 18:41:21,097","level":"INFO","logger":"app.data_engine.redis_publisher","msg":"published 1 candles to bybit:KAITO/USDT:1h"}
{"ts":"2026-07-24 18:41:21,188","level":"INFO","logger":"app.data_engine.redis_publisher","msg":"published 1 candles to bybit:NEAR/USDT:1h"}
{"ts":"2026-07-24 18:41:21,288","level":"INFO","logger":"app.data_engine.redis_publisher","msg":"published 1 candles to bybit:INTC/USDT:1h"}
2026-07-24 18:41:21.692 | DEBUG    | app.data.universe_scanner:refresh:188 - UniverseScanner: ATR failed for VELVET/USDT
2026-07-24 18:41:21.692 | DEBUG    | app.data.universe_scanner:refresh:188 - UniverseScanner: ATR failed for DRAM/USDT
2026-07-24 18:41:21.692 | DEBUG    | app.data.universe_scanner:refresh:188 - UniverseScanner: ATR failed for TSLA/USDT
2026-07-24 18:41:22.001 | DEBUG    | app.data.universe_scanner:refresh:188 - UniverseScanner: ATR failed for ALLO/USDT
2026-07-24 18:41:22.660 | DEBUG    | app.data.universe_scanner:refresh:188 - UniverseScanner: ATR failed for XMR/USDT
2026-07-24 18:41:22.972 | DEBUG    | app.data.universe_scanner:refresh:188 - UniverseScanner: ATR failed for AAL/USDT
2026-07-24 18:41:24.544 | DEBUG    | app.data.universe_scanner:refresh:188 - UniverseScanner: ATR failed for LAB/USDT
2026-07-24 18:41:24.544 | DEBUG    | app.data.universe_scanner:refresh:188 - UniverseScanner: ATR failed for US/USDT
2026-07-24 18:41:25.160 | DEBUG    | app.data.universe_scanner:refresh:188 - UniverseScanner: ATR failed for O/USDT
2026-07-24 18:41:25.160 | DEBUG    | app.data.universe_scanner:refresh:188 - UniverseScanner: ATR failed for GOOGL/USDT
2026-07-24 18:41:25.160 | DEBUG    | app.data.universe_scanner:refresh:188 - UniverseScanner: ATR failed for TSEM/USDT
2026-07-24 18:41:25.468 | DEBUG    | app.data.universe_scanner:refresh:188 - UniverseScanner: ATR failed for MRVL/USDT
2026-07-24 18:41:25.778 | DEBUG    | app.data.universe_scanner:refresh:188 - UniverseScanner: ATR failed for 1000BONK/USDT
2026-07-24 18:41:25.778 | DEBUG    | app.data.universe_scanner:refresh:188 - UniverseScanner: ATR failed for GWEI/USDT
2026-07-24 18:41:26.396 | DEBUG    | app.data.universe_scanner:refresh:188 - UniverseScanner: ATR failed for NBIS/USDT
2026-07-24 18:41:26.714 | DEBUG    | app.data.universe_scanner:refresh:188 - UniverseScanner: ATR failed for MUU/USDT
2026-07-24 18:41:26.714 | DEBUG    | app.data.universe_scanner:refresh:188 - UniverseScanner: ATR failed for CRCL/USDT
2026-07-24 18:41:26.714 | DEBUG    | app.data.universe_scanner:refresh:188 - UniverseScanner: ATR failed for ACE/USDT
2026-07-24 18:41:26.714 | DEBUG    | app.data.universe_scanner:refresh:188 - UniverseScanner: ATR failed for PENGSTOCK/USDT
2026-07-24 18:41:27.207 | DEBUG    | app.data.universe_scanner:refresh:188 - UniverseScanner: ATR failed for SOXS/USDT
2026-07-24 18:41:27.207 | DEBUG    | app.data.universe_scanner:refresh:188 - UniverseScanner: ATR failed for MARA/USDT
2026-07-24 18:41:28.719 | DEBUG    | app.data.universe_scanner:refresh:188 - UniverseScanner: ATR failed for AEHR/USDT
2026-07-24 18:41:29.520 | DEBUG    | app.data.universe_scanner:refresh:188 - UniverseScanner: ATR failed for B2/USDT
2026-07-24 18:41:29.520 | DEBUG    | app.data.universe_scanner:refresh:188 - UniverseScanner: ATR failed for GS/USDT
2026-07-24 18:41:29.828 | DEBUG    | app.data.universe_scanner:refresh:188 - UniverseScanner: ATR failed for MSTR/USDT
2026-07-24 18:41:29.828 | DEBUG    | app.data.universe_scanner:refresh:188 - UniverseScanner: ATR failed for SHIB1000/USDT
2026-07-24 18:41:30.320 | DEBUG    | app.data.universe_scanner:refresh:188 - UniverseScanner: ATR failed for RDW/USDT
2026-07-24 18:41:30.663 | DEBUG    | app.data.universe_scanner:refresh:188 - UniverseScanner: ATR failed for AERGO/USDT
2026-07-24 18:41:30.663 | DEBUG    | app.data.universe_scanner:refresh:188 - UniverseScanner: ATR failed for EVAA/USDT
2026-07-24 18:41:30.951 | DEBUG    | app.data.universe_scanner:refresh:188 - UniverseScanner: ATR failed for APR/USDT
2026-07-24 18:41:31.876 | DEBUG    | app.data.universe_scanner:refresh:188 - UniverseScanner: ATR failed for POET/USDT
2026-07-24 18:41:31.876 | DEBUG    | app.data.universe_scanner:refresh:188 - UniverseScanner: ATR failed for EPIC/USDT
2026-07-24 18:41:31.876 | DEBUG    | app.data.universe_scanner:refresh:188 - UniverseScanner: ATR failed for AXTI/USDT
2026-07-24 18:41:32.808 | DEBUG    | app.data.universe_scanner:refresh:188 - UniverseScanner: ATR failed for XLV/USDT
2026-07-24 18:41:33.117 | DEBUG    | app.data.universe_scanner:refresh:188 - UniverseScanner: ATR failed for IONQ/USDT
2026-07-24 18:41:34.042 | DEBUG    | app.data.universe_scanner:refresh:188 - UniverseScanner: ATR failed for AAOI/USDT
2026-07-24 18:41:34.348 | DEBUG    | app.data.universe_scanner:refresh:188 - UniverseScanner: ATR failed for SAMSUNG/USDT
2026-07-24 18:41:34.348 | DEBUG    | app.data.universe_scanner:refresh:188 - UniverseScanner: ATR failed for AMDSTOCK/USDT
2026-07-24 18:41:34.348 | DEBUG    | app.data.universe_scanner:refresh:188 - UniverseScanner: ATR failed for APLD/USDT
2026-07-24 18:41:34.655 | DEBUG    | app.data.universe_scanner:refresh:188 - UniverseScanner: ATR failed for UB/USDT
2026-07-24 18:41:34.655 | DEBUG    | app.data.universe_scanner:refresh:188 - UniverseScanner: ATR failed for XLK/USDT
2026-07-24 18:41:35.889 | DEBUG    | app.data.universe_scanner:refresh:188 - UniverseScanner: ATR failed for BZ/USDT
2026-07-24 18:41:36.199 | DEBUG    | app.data.universe_scanner:refresh:188 - UniverseScanner: ATR failed for APPSTOCK/USDT
2026-07-24 18:41:36.199 | DEBUG    | app.data.universe_scanner:refresh:188 - UniverseScanner: ATR failed for TLM/USDT
2026-07-24 18:41:36.507 | DEBUG    | app.data.universe_scanner:refresh:188 - UniverseScanner: ATR failed for ONDS/USDT
2026-07-24 18:41:36.507 | DEBUG    | app.data.universe_scanner:refresh:188 - UniverseScanner: ATR failed for WENSTOCK/USDT
2026-07-24 18:41:36.507 | DEBUG    | app.data.universe_scanner:refresh:188 - UniverseScanner: ATR failed for DASH/USDT
2026-07-24 18:41:36.821 | DEBUG    | app.data.universe_scanner:refresh:188 - UniverseScanner: ATR failed for QQQ/USDT
2026-07-24 18:41:37.129 | DEBUG    | app.data.universe_scanner:refresh:188 - UniverseScanner: ATR failed for PAXG/USDT
2026-07-24 18:41:37.129 | DEBUG    | app.data.universe_scanner:refresh:188 - UniverseScanner: ATR failed for BIO/USDT
2026-07-24 18:41:37.130 | INFO     | app.data.universe_scanner:refresh:232 - UniverseScanner: refreshed — %d symbols, top=%s (score=%.3f)
{"ts":"2026-07-24 18:42:11,694","level":"INFO","logger":"app.data_engine.redis_publisher","msg":"published 1 candles to bybit:CBRS/USDT:1h"}
{"ts":"2026-07-24 18:42:11,696","level":"INFO","logger":"app.data_engine.redis_publisher","msg":"published 1 candles to bybit:HEMI/USDT:1h"}
{"ts":"2026-07-24 18:42:11,697","level":"INFO","logger":"app.data_engine.redis_publisher","msg":"published 1 candles to bybit:ORDER/USDT:1h"}
{"ts":"2026-07-24 18:42:11,758","level":"INFO","logger":"app.data_engine.redis_publisher","msg":"published 1 candles to bybit:BLESS/USDT:1h"}
{"ts":"2026-07-24 18:42:14,983","level":"INFO","logger":"app.data_engine.redis_publisher","msg":"published 1 candles to bybit:RE/USDT:1h"}
{"ts":"2026-07-24 18:42:15,409","level":"INFO","logger":"app.data_engine.redis_publisher","msg":"published 1 candles to bybit:AKE/USDT:1h"}
{"ts":"2026-07-24 18:42:15,921","level":"INFO","logger":"app.data_engine.redis_publisher","msg":"published 1 candles to bybit:B2/USDT:1h"}
{"ts":"2026-07-24 18:42:16,267","level":"INFO","logger":"app.data_engine.redis_publisher","msg":"published 1 candles to bybit:DEXE/USDT:1h"}
{"ts":"2026-07-24 18:42:16,697","level":"INFO","logger":"app.data_engine.redis_publisher","msg":"published 1 candles to bybit:TOWNS/USDT:1h"}
{"ts":"2026-07-24 18:42:17,113","level":"INFO","logger":"app.data_engine.redis_publisher","msg":"published 1 candles to bybit:CAP/USDT:1h"}
{"ts":"2026-07-24 18:42:17,447","level":"INFO","logger":"app.data_engine.redis_publisher","msg":"published 1 candles to bybit:BEAM/USDT:1h"}
{"ts":"2026-07-24 18:42:17,852","level":"INFO","logger":"app.data_engine.redis_publisher","msg":"published 1 candles to bybit:ESPORTS/USDT:1h"}
{"ts":"2026-07-24 18:42:18,169","level":"INFO","logger":"app.data_engine.redis_publisher","msg":"published 1 candles to bybit:APR/USDT:1h"}
{"ts":"2026-07-24 18:42:18,237","level":"INFO","logger":"app.data_engine.redis_publisher","msg":"published 1 candles to bybit:GWEI/USDT:1h"}
{"ts":"2026-07-24 18:42:18,338","level":"INFO","logger":"app.data_engine.redis_publisher","msg":"published 1 candles to bybit:BANK/USDT:1h"}
{"ts":"2026-07-24 18:42:18,437","level":"INFO","logger":"app.data_engine.redis_publisher","msg":"published 1 candles to bybit:ETH/USDT:1h"}
{"ts":"2026-07-24 18:42:18,735","level":"INFO","logger":"app.data_engine.redis_publisher","msg":"published 1 candles to bybit:ACE/USDT:1h"}
{"ts":"2026-07-24 18:42:18,819","level":"INFO","logger":"app.data_engine.redis_publisher","msg":"published 1 candles to bybit:BTC/USDT:1h"}
{"ts":"2026-07-24 18:42:18,941","level":"INFO","logger":"app.data_engine.redis_publisher","msg":"published 1 candles to bybit:SNDK/USDT:1h"}
{"ts":"2026-07-24 18:42:19,041","level":"INFO","logger":"app.data_engine.redis_publisher","msg":"published 1 candles to bybit:XRP/USDT:1h"}
{"ts":"2026-07-24 18:42:19,143","level":"INFO","logger":"app.data_engine.redis_publisher","msg":"published 1 candles to bybit:SOL/USDT:1h"}
{"ts":"2026-07-24 18:42:19,242","level":"INFO","logger":"app.data_engine.redis_publisher","msg":"published 1 candles to bybit:SNXX/USDT:1h"}
{"ts":"2026-07-24 18:42:19,349","level":"INFO","logger":"app.data_engine.redis_publisher","msg":"published 1 candles to bybit:MU/USDT:1h"}
{"ts":"2026-07-24 18:42:19,442","level":"INFO","logger":"app.data_engine.redis_publisher","msg":"published 1 candles to bybit:SOXL/USDT:1h"}
{"ts":"2026-07-24 18:42:19,551","level":"INFO","logger":"app.data_engine.redis_publisher","msg":"published 1 candles to bybit:PLAYSOUT/USDT:1h"}
{"ts":"2026-07-24 18:42:20,525","level":"INFO","logger":"app.data_engine.redis_publisher","msg":"published 1 candles to bybit:SKHY/USDT:1h"}
{"ts":"2026-07-24 18:42:20,623","level":"INFO","logger":"app.data_engine.redis_publisher","msg":"published 1 candles to bybit:HYPE/USDT:1h"}
{"ts":"2026-07-24 18:42:20,763","level":"INFO","logger":"app.data_engine.redis_publisher","msg":"published 1 candles to bybit:BEAT/USDT:1h"}
{"ts":"2026-07-24 18:42:20,826","level":"INFO","logger":"app.data_engine.redis_publisher","msg":"published 1 candles to bybit:KORU/USDT:1h"}
{"ts":"2026-07-24 18:42:20,953","level":"INFO","logger":"app.data_engine.redis_publisher","msg":"published 1 candles to bybit:SKHYNIX/USDT:1h"}
{"ts":"2026-07-24 18:42:21,039","level":"INFO","logger":"app.data_engine.redis_publisher","msg":"published 1 candles to bybit:DOGE/USDT:1h"}
{"ts":"2026-07-24 18:42:21,130","level":"INFO","logger":"app.data_engine.redis_publisher","msg":"published 1 candles to bybit:AERGO/USDT:1h"}
{"ts":"2026-07-24 18:42:21,233","level":"INFO","logger":"app.data_engine.redis_publisher","msg":"published 1 candles to bybit:CL/USDT:1h"}
{"ts":"2026-07-24 18:42:21,328","level":"INFO","logger":"app.data_engine.redis_publisher","msg":"published 1 candles to bybit:ZEC/USDT:1h"}
{"ts":"2026-07-24 18:42:21,431","level":"INFO","logger":"app.data_engine.redis_publisher","msg":"published 1 candles to bybit:VELVET/USDT:1h"}
{"ts":"2026-07-24 18:42:21,529","level":"INFO","logger":"app.data_engine.redis_publisher","msg":"published 1 candles to bybit:XAU/USDT:1h"}
{"ts":"2026-07-24 18:42:21,634","level":"INFO","logger":"app.data_engine.redis_publisher","msg":"published 1 candles to bybit:LA/USDT:1h"}
{"ts":"2026-07-24 18:42:21,727","level":"INFO","logger":"app.data_engine.redis_publisher","msg":"published 1 candles to bybit:KAITO/USDT:1h"}
{"ts":"2026-07-24 18:42:21,833","level":"INFO","logger":"app.data_engine.redis_publisher","msg":"published 1 candles to bybit:NEAR/USDT:1h"}
{"ts":"2026-07-24 18:42:21,930","level":"INFO","logger":"app.data_engine.redis_publisher","msg":"published 1 candles to bybit:INTC/USDT:1h"}
{"ts":"2026-07-24 18:43:12,588","level":"INFO","logger":"app.data_engine.redis_publisher","msg":"published 1 candles to bybit:ORDER/USDT:1h"}
{"ts":"2026-07-24 18:43:12,589","level":"INFO","logger":"app.data_engine.redis_publisher","msg":"published 1 candles to bybit:HEMI/USDT:1h"}
{"ts":"2026-07-24 18:43:12,592","level":"INFO","logger":"app.data_engine.redis_publisher","msg":"published 1 candles to bybit:CBRS/USDT:1h"}
{"ts":"2026-07-24 18:43:12,593","level":"INFO","logger":"app.data_engine.redis_publisher","msg":"published 1 candles to bybit:BLESS/USDT:1h"}
{"ts":"2026-07-24 18:43:15,294","level":"INFO","logger":"app.data_engine.redis_publisher","msg":"published 1 candles to bybit:RE/USDT:1h"}
{"ts":"2026-07-24 18:43:15,719","level":"INFO","logger":"app.data_engine.redis_publisher","msg":"published 1 candles to bybit:AKE/USDT:1h"}
{"ts":"2026-07-24 18:43:16,231","level":"INFO","logger":"app.data_engine.redis_publisher","msg":"published 1 candles to bybit:B2/USDT:1h"}
{"ts":"2026-07-24 18:43:16,577","level":"INFO","logger":"app.data_engine.redis_publisher","msg":"published 1 candles to bybit:DEXE/USDT:1h"}
{"ts":"2026-07-24 18:43:17,006","level":"INFO","logger":"app.data_engine.redis_publisher","msg":"published 1 candles to bybit:TOWNS/USDT:1h"}
{"ts":"2026-07-24 18:43:17,421","level":"INFO","logger":"app.data_engine.redis_publisher","msg":"published 1 candles to bybit:CAP/USDT:1h"}
{"ts":"2026-07-24 18:43:17,754","level":"INFO","logger":"app.data_engine.redis_publisher","msg":"published 1 candles to bybit:BEAM/USDT:1h"}
{"ts":"2026-07-24 18:43:18,258","level":"INFO","logger":"app.data_engine.redis_publisher","msg":"published 1 candles to bybit:ESPORTS/USDT:1h"}
{"ts":"2026-07-24 18:43:18,483","level":"INFO","logger":"app.data_engine.redis_publisher","msg":"published 1 candles to bybit:APR/USDT:1h"}
{"ts":"2026-07-24 18:43:18,587","level":"INFO","logger":"app.data_engine.redis_publisher","msg":"published 1 candles to bybit:GWEI/USDT:1h"}
{"ts":"2026-07-24 18:43:18,683","level":"INFO","logger":"app.data_engine.redis_publisher","msg":"published 1 candles to bybit:BANK/USDT:1h"}
{"ts":"2026-07-24 18:43:18,785","level":"INFO","logger":"app.data_engine.redis_publisher","msg":"published 1 candles to bybit:ETH/USDT:1h"}
{"ts":"2026-07-24 18:43:19,046","level":"INFO","logger":"app.data_engine.redis_publisher","msg":"published 1 candles to bybit:ACE/USDT:1h"}
{"ts":"2026-07-24 18:43:19,149","level":"INFO","logger":"app.data_engine.redis_publisher","msg":"published 1 candles to bybit:BTC/USDT:1h"}
{"ts":"2026-07-24 18:43:19,265","level":"INFO","logger":"app.data_engine.redis_publisher","msg":"published 1 candles to bybit:SNDK/USDT:1h"}
{"ts":"2026-07-24 18:43:19,351","level":"INFO","logger":"app.data_engine.redis_publisher","msg":"published 1 candles to bybit:XRP/USDT:1h"}
{"ts":"2026-07-24 18:43:19,454","level":"INFO","logger":"app.data_engine.redis_publisher","msg":"published 1 candles to bybit:SOL/USDT:1h"}
{"ts":"2026-07-24 18:43:19,554","level":"INFO","logger":"app.data_engine.redis_publisher","msg":"published 1 candles to bybit:SNXX/USDT:1h"}
{"ts":"2026-07-24 18:43:19,661","level":"INFO","logger":"app.data_engine.redis_publisher","msg":"published 1 candles to bybit:MU/USDT:1h"}
{"ts":"2026-07-24 18:43:19,757","level":"INFO","logger":"app.data_engine.redis_publisher","msg":"published 1 candles to bybit:SOXL/USDT:1h"}
{"ts":"2026-07-24 18:43:19,859","level":"INFO","logger":"app.data_engine.redis_publisher","msg":"published 1 candles to bybit:PLAYSOUT/USDT:1h"}
{"ts":"2026-07-24 18:43:20,839","level":"INFO","logger":"app.data_engine.redis_publisher","msg":"published 1 candles to bybit:SKHY/USDT:1h"}
{"ts":"2026-07-24 18:43:20,938","level":"INFO","logger":"app.data_engine.redis_publisher","msg":"published 1 candles to bybit:HYPE/USDT:1h"}
{"ts":"2026-07-24 18:43:21,096","level":"INFO","logger":"app.data_engine.redis_publisher","msg":"published 1 candles to bybit:BEAT/USDT:1h"}
{"ts":"2026-07-24 18:43:21,196","level":"INFO","logger":"app.data_engine.redis_publisher","msg":"published 1 candles to bybit:KORU/USDT:1h"}
{"ts":"2026-07-24 18:43:21,294","level":"INFO","logger":"app.data_engine.redis_publisher","msg":"published 1 candles to bybit:SKHYNIX/USDT:1h"}
{"ts":"2026-07-24 18:43:21,407","level":"INFO","logger":"app.data_engine.redis_publisher","msg":"published 1 candles to bybit:DOGE/USDT:1h"}
{"ts":"2026-07-24 18:43:21,495","level":"INFO","logger":"app.data_engine.redis_publisher","msg":"published 1 candles to bybit:AERGO/USDT:1h"}
{"ts":"2026-07-24 18:43:21,599","level":"INFO","logger":"app.data_engine.redis_publisher","msg":"published 1 candles to bybit:CL/USDT:1h"}
{"ts":"2026-07-24 18:43:21,693","level":"INFO","logger":"app.data_engine.redis_publisher","msg":"published 1 candles to bybit:ZEC/USDT:1h"}
{"ts":"2026-07-24 18:43:21,798","level":"INFO","logger":"app.data_engine.redis_publisher","msg":"published 1 candles to bybit:VELVET/USDT:1h"}
{"ts":"2026-07-24 18:43:21,895","level":"INFO","logger":"app.data_engine.redis_publisher","msg":"published 1 candles to bybit:XAU/USDT:1h"}
{"ts":"2026-07-24 18:43:21,995","level":"INFO","logger":"app.data_engine.redis_publisher","msg":"published 1 candles to bybit:LA/USDT:1h"}
{"ts":"2026-07-24 18:43:22,096","level":"INFO","logger":"app.data_engine.redis_publisher","msg":"published 1 candles to bybit:KAITO/USDT:1h"}
{"ts":"2026-07-24 18:43:22,194","level":"INFO","logger":"app.data_engine.redis_publisher","msg":"published 1 candles to bybit:NEAR/USDT:1h"}
{"ts":"2026-07-24 18:43:22,294","level":"INFO","logger":"app.data_engine.redis_publisher","msg":"published 1 candles to bybit:INTC/USDT:1h"}
{"ts":"2026-07-24 18:44:13,134","level":"INFO","logger":"app.data_engine.redis_publisher","msg":"published 1 candles to bybit:ORDER/USDT:1h"}
{"ts":"2026-07-24 18:44:13,227","level":"INFO","logger":"app.data_engine.redis_publisher","msg":"published 1 candles to bybit:HEMI/USDT:1h"}
{"ts":"2026-07-24 18:44:13,325","level":"INFO","logger":"app.data_engine.redis_publisher","msg":"published 1 candles to bybit:CBRS/USDT:1h"}
{"ts":"2026-07-24 18:44:13,424","level":"INFO","logger":"app.data_engine.redis_publisher","msg":"published 1 candles to bybit:BLESS/USDT:1h"}
{"ts":"2026-07-24 18:44:15,602","level":"INFO","logger":"app.data_engine.redis_publisher","msg":"published 1 candles to bybit:RE/USDT:1h"}
{"ts":"2026-07-24 18:44:16,052","level":"INFO","logger":"app.data_engine.redis_publisher","msg":"published 1 candles to bybit:AKE/USDT:1h"}
{"ts":"2026-07-24 18:44:16,540","level":"INFO","logger":"app.data_engine.redis_publisher","msg":"published 1 candles to bybit:B2/USDT:1h"}
{"ts":"2026-07-24 18:44:16,885","level":"INFO","logger":"app.data_engine.redis_publisher","msg":"published 1 candles to bybit:DEXE/USDT:1h"}
{"ts":"2026-07-24 18:44:17,317","level":"INFO","logger":"app.data_engine.redis_publisher","msg":"published 1 candles to bybit:TOWNS/USDT:1h"}
{"ts":"2026-07-24 18:44:17,734","level":"INFO","logger":"app.data_engine.redis_publisher","msg":"published 1 candles to bybit:CAP/USDT:1h"}
{"ts":"2026-07-24 18:44:18,063","level":"INFO","logger":"app.data_engine.redis_publisher","msg":"published 1 candles to bybit:BEAM/USDT:1h"}
{"ts":"2026-07-24 18:44:18,567","level":"INFO","logger":"app.data_engine.redis_publisher","msg":"published 1 candles to bybit:ESPORTS/USDT:1h"}
{"ts":"2026-07-24 18:44:18,794","level":"INFO","logger":"app.data_engine.redis_publisher","msg":"published 1 candles to bybit:APR/USDT:1h"}
{"ts":"2026-07-24 18:44:18,897","level":"INFO","logger":"app.data_engine.redis_publisher","msg":"published 1 candles to bybit:GWEI/USDT:1h"}
{"ts":"2026-07-24 18:44:18,995","level":"INFO","logger":"app.data_engine.redis_publisher","msg":"published 1 candles to bybit:BANK/USDT:1h"}
{"ts":"2026-07-24 18:44:19,094","level":"INFO","logger":"app.data_engine.redis_publisher","msg":"published 1 candles to bybit:ETH/USDT:1h"}
{"ts":"2026-07-24 18:44:19,355","level":"INFO","logger":"app.data_engine.redis_publisher","msg":"published 1 candles to bybit:ACE/USDT:1h"}
{"ts":"2026-07-24 18:44:19,458","level":"INFO","logger":"app.data_engine.redis_publisher","msg":"published 1 candles to bybit:BTC/USDT:1h"}
{"ts":"2026-07-24 18:44:19,578","level":"INFO","logger":"app.data_engine.redis_publisher","msg":"published 1 candles to bybit:SNDK/USDT:1h"}
{"ts":"2026-07-24 18:44:19,675","level":"INFO","logger":"app.data_engine.redis_publisher","msg":"published 1 candles to bybit:XRP/USDT:1h"}
{"ts":"2026-07-24 18:44:19,775","level":"INFO","logger":"app.data_engine.redis_publisher","msg":"published 1 candles to bybit:SOL/USDT:1h"}
{"ts":"2026-07-24 18:44:19,876","level":"INFO","logger":"app.data_engine.redis_publisher","msg":"published 1 candles to bybit:SNXX/USDT:1h"}
{"ts":"2026-07-24 18:44:19,978","level":"INFO","logger":"app.data_engine.redis_publisher","msg":"published 1 candles to bybit:MU/USDT:1h"}
{"ts":"2026-07-24 18:44:20,114","level":"INFO","logger":"app.data_engine.redis_publisher","msg":"published 1 candles to bybit:SOXL/USDT:1h"}
{"ts":"2026-07-24 18:44:20,190","level":"INFO","logger":"app.data_engine.redis_publisher","msg":"published 1 candles to bybit:PLAYSOUT/USDT:1h"}
{"ts":"2026-07-24 18:44:21,147","level":"INFO","logger":"app.data_engine.redis_publisher","msg":"published 1 candles to bybit:SKHY/USDT:1h"}
{"ts":"2026-07-24 18:44:21,248","level":"INFO","logger":"app.data_engine.redis_publisher","msg":"published 1 candles to bybit:HYPE/USDT:1h"}
{"ts":"2026-07-24 18:44:21,406","level":"INFO","logger":"app.data_engine.redis_publisher","msg":"published 1 candles to bybit:BEAT/USDT:1h"}
{"ts":"2026-07-24 18:44:21,506","level":"INFO","logger":"app.data_engine.redis_publisher","msg":"published 1 candles to bybit:KORU/USDT:1h"}
{"ts":"2026-07-24 18:44:21,612","level":"INFO","logger":"app.data_engine.redis_publisher","msg":"published 1 candles to bybit:SKHYNIX/USDT:1h"}
{"ts":"2026-07-24 18:44:21,715","level":"INFO","logger":"app.data_engine.redis_publisher","msg":"published 1 candles to bybit:DOGE/USDT:1h"}
{"ts":"2026-07-24 18:44:21,819","level":"INFO","logger":"app.data_engine.redis_publisher","msg":"published 1 candles to bybit:AERGO/USDT:1h"}
{"ts":"2026-07-24 18:44:21,915","level":"INFO","logger":"app.data_engine.redis_publisher","msg":"published 1 candles to bybit:CL/USDT:1h"}
{"ts":"2026-07-24 18:44:22,017","level":"INFO","logger":"app.data_engine.redis_publisher","msg":"published 1 candles to bybit:ZEC/USDT:1h"}
{"ts":"2026-07-24 18:44:22,117","level":"INFO","logger":"app.data_engine.redis_publisher","msg":"published 1 candles to bybit:VELVET/USDT:1h"}
{"ts":"2026-07-24 18:44:22,214","level":"INFO","logger":"app.data_engine.redis_publisher","msg":"published 1 candles to bybit:XAU/USDT:1h"}
{"ts":"2026-07-24 18:44:22,316","level":"INFO","logger":"app.data_engine.redis_publisher","msg":"published 1 candles to bybit:LA/USDT:1h"}
{"ts":"2026-07-24 18:44:22,418","level":"INFO","logger":"app.data_engine.redis_publisher","msg":"published 1 candles to bybit:KAITO/USDT:1h"}
{"ts":"2026-07-24 18:44:22,516","level":"INFO","logger":"app.data_engine.redis_publisher","msg":"published 1 candles to bybit:NEAR/USDT:1h"}
{"ts":"2026-07-24 18:44:22,616","level":"INFO","logger":"app.data_engine.redis_publisher","msg":"published 1 candles to bybit:INTC/USDT:1h"}
{"ts":"2026-07-24 18:45:01,636","level":"INFO","logger":"app.data_engine.exchange_connector","msg":"fetched 201 candles for SOXS/USDT 1h (90 days)"}
{"ts":"2026-07-24 18:45:02,289","level":"INFO","logger":"app.data_engine.redis_publisher","msg":"published 10 candles to bybit:SOXS/USDT:1h"}
{"ts":"2026-07-24 18:45:02,538","level":"INFO","logger":"app.data_engine.exchange_connector","msg":"fetched 946 candles for SPCX/USDT 1h (90 days)"}
{"ts":"2026-07-24 18:45:02,874","level":"INFO","logger":"app.data_engine.redis_publisher","msg":"published 10 candles to bybit:SPCX/USDT:1h"}
{"ts":"2026-07-24 18:45:13,455","level":"INFO","logger":"app.data_engine.redis_publisher","msg":"published 1 candles to bybit:ORDER/USDT:1h"}
{"ts":"2026-07-24 18:45:13,557","level":"INFO","logger":"app.data_engine.redis_publisher","msg":"published 1 candles to bybit:HEMI/USDT:1h"}
{"ts":"2026-07-24 18:45:13,736","level":"INFO","logger":"app.data_engine.redis_publisher","msg":"published 1 candles to bybit:BLESS/USDT:1h"}
{"ts":"2026-07-24 18:45:15,914","level":"INFO","logger":"app.data_engine.redis_publisher","msg":"published 1 candles to bybit:RE/USDT:1h"}
{"ts":"2026-07-24 18:45:16,361","level":"INFO","logger":"app.data_engine.redis_publisher","msg":"published 1 candles to bybit:AKE/USDT:1h"}
{"ts":"2026-07-24 18:45:16,848","level":"INFO","logger":"app.data_engine.redis_publisher","msg":"published 1 candles to bybit:B2/USDT:1h"}
{"ts":"2026-07-24 18:45:17,194","level":"INFO","logger":"app.data_engine.redis_publisher","msg":"published 1 candles to bybit:DEXE/USDT:1h"}
{"ts":"2026-07-24 18:45:17,627","level":"INFO","logger":"app.data_engine.redis_publisher","msg":"published 1 candles to bybit:TOWNS/USDT:1h"}
{"ts":"2026-07-24 18:45:18,044","level":"INFO","logger":"app.data_engine.redis_publisher","msg":"published 1 candles to bybit:CAP/USDT:1h"}
{"ts":"2026-07-24 18:45:18,371","level":"INFO","logger":"app.data_engine.redis_publisher","msg":"published 1 candles to bybit:BEAM/USDT:1h"}
{"ts":"2026-07-24 18:45:18,876","level":"INFO","logger":"app.data_engine.redis_publisher","msg":"published 1 candles to bybit:ESPORTS/USDT:1h"}
{"ts":"2026-07-24 18:45:19,106","level":"INFO","logger":"app.data_engine.redis_publisher","msg":"published 1 candles to bybit:APR/USDT:1h"}
{"ts":"2026-07-24 18:45:19,206","level":"INFO","logger":"app.data_engine.redis_publisher","msg":"published 1 candles to bybit:GWEI/USDT:1h"}
{"ts":"2026-07-24 18:45:19,408","level":"INFO","logger":"app.data_engine.redis_publisher","msg":"published 1 candles to bybit:ETH/USDT:1h"}
{"ts":"2026-07-24 18:45:19,535","level":"INFO","logger":"app.data_engine.redis_publisher","msg":"published 1 candles to bybit:BANK/USDT:1h"}
{"ts":"2026-07-24 18:45:19,665","level":"INFO","logger":"app.data_engine.redis_publisher","msg":"published 1 candles to bybit:ACE/USDT:1h"}
{"ts":"2026-07-24 18:45:19,767","level":"INFO","logger":"app.data_engine.redis_publisher","msg":"published 1 candles to bybit:BTC/USDT:1h"}
{"ts":"2026-07-24 18:45:19,888","level":"INFO","logger":"app.data_engine.redis_publisher","msg":"published 1 candles to bybit:SNDK/USDT:1h"}
{"ts":"2026-07-24 18:45:19,988","level":"INFO","logger":"app.data_engine.redis_publisher","msg":"published 1 candles to bybit:XRP/USDT:1h"}
{"ts":"2026-07-24 18:45:20,087","level":"INFO","logger":"app.data_engine.redis_publisher","msg":"published 1 candles to bybit:SOL/USDT:1h"}
{"ts":"2026-07-24 18:45:20,186","level":"INFO","logger":"app.data_engine.redis_publisher","msg":"published 1 candles to bybit:SNXX/USDT:1h"}
{"ts":"2026-07-24 18:45:20,289","level":"INFO","logger":"app.data_engine.redis_publisher","msg":"published 1 candles to bybit:MU/USDT:1h"}
{"ts":"2026-07-24 18:45:20,424","level":"INFO","logger":"app.data_engine.redis_publisher","msg":"published 1 candles to bybit:SOXL/USDT:1h"}
{"ts":"2026-07-24 18:45:20,522","level":"INFO","logger":"app.data_engine.redis_publisher","msg":"published 1 candles to bybit:PLAYSOUT/USDT:1h"}
{"ts":"2026-07-24 18:45:21,461","level":"INFO","logger":"app.data_engine.redis_publisher","msg":"published 1 candles to bybit:SKHY/USDT:1h"}
{"ts":"2026-07-24 18:45:21,568","level":"INFO","logger":"app.data_engine.redis_publisher","msg":"published 1 candles to bybit:HYPE/USDT:1h"}
{"ts":"2026-07-24 18:45:21,718","level":"INFO","logger":"app.data_engine.redis_publisher","msg":"published 1 candles to bybit:BEAT/USDT:1h"}
{"ts":"2026-07-24 18:45:21,815","level":"INFO","logger":"app.data_engine.redis_publisher","msg":"published 1 candles to bybit:KORU/USDT:1h"}
{"ts":"2026-07-24 18:45:21,922","level":"INFO","logger":"app.data_engine.redis_publisher","msg":"published 1 candles to bybit:SKHYNIX/USDT:1h"}
{"ts":"2026-07-24 18:45:22,026","level":"INFO","logger":"app.data_engine.redis_publisher","msg":"published 1 candles to bybit:DOGE/USDT:1h"}
{"ts":"2026-07-24 18:45:22,127","level":"INFO","logger":"app.data_engine.redis_publisher","msg":"published 1 candles to bybit:AERGO/USDT:1h"}
{"ts":"2026-07-24 18:45:22,229","level":"INFO","logger":"app.data_engine.redis_publisher","msg":"published 1 candles to bybit:CL/USDT:1h"}
{"ts":"2026-07-24 18:45:22,327","level":"INFO","logger":"app.data_engine.redis_publisher","msg":"published 1 candles to bybit:ZEC/USDT:1h"}
{"ts":"2026-07-24 18:45:22,426","level":"INFO","logger":"app.data_engine.redis_publisher","msg":"published 1 candles to bybit:VELVET/USDT:1h"}
{"ts":"2026-07-24 18:45:22,529","level":"INFO","logger":"app.data_engine.redis_publisher","msg":"published 1 candles to bybit:XAU/USDT:1h"}
{"ts":"2026-07-24 18:45:22,629","level":"INFO","logger":"app.data_engine.redis_publisher","msg":"published 1 candles to bybit:LA/USDT:1h"}
{"ts":"2026-07-24 18:45:22,829","level":"INFO","logger":"app.data_engine.redis_publisher","msg":"published 1 candles to bybit:NEAR/USDT:1h"}
{"ts":"2026-07-24 18:45:22,925","level":"INFO","logger":"app.data_engine.redis_publisher","msg":"published 1 candles to bybit:INTC/USDT:1h"}
{"ts":"2026-07-24 18:46:03,180","level":"INFO","logger":"app.data_engine.redis_publisher","msg":"published 1 candles to bybit:SOXS/USDT:1h"}
{"ts":"2026-07-24 18:46:03,442","level":"INFO","logger":"app.data_engine.redis_publisher","msg":"published 1 candles to bybit:SPCX/USDT:1h"}
{"ts":"2026-07-24 18:46:13,886","level":"INFO","logger":"app.data_engine.redis_publisher","msg":"published 1 candles to bybit:HEMI/USDT:1h"}
{"ts":"2026-07-24 18:46:13,972","level":"INFO","logger":"app.data_engine.redis_publisher","msg":"published 1 candles to bybit:ORDER/USDT:1h"}
{"ts":"2026-07-24 18:46:14,293","level":"INFO","logger":"app.data_engine.redis_publisher","msg":"published 1 candles to bybit:BLESS/USDT:1h"}
{"ts":"2026-07-24 18:46:16,220","level":"INFO","logger":"app.data_engine.redis_publisher","msg":"published 1 candles to bybit:RE/USDT:1h"}
{"ts":"2026-07-24 18:46:16,669","level":"INFO","logger":"app.data_engine.redis_publisher","msg":"published 1 candles to bybit:AKE/USDT:1h"}
{"ts":"2026-07-24 18:46:17,156","level":"INFO","logger":"app.data_engine.redis_publisher","msg":"published 1 candles to bybit:B2/USDT:1h"}
{"ts":"2026-07-24 18:46:17,504","level":"INFO","logger":"app.data_engine.redis_publisher","msg":"published 1 candles to bybit:DEXE/USDT:1h"}
{"ts":"2026-07-24 18:46:17,936","level":"INFO","logger":"app.data_engine.redis_publisher","msg":"published 1 candles to bybit:TOWNS/USDT:1h"}
{"ts":"2026-07-24 18:46:18,354","level":"INFO","logger":"app.data_engine.redis_publisher","msg":"published 1 candles to bybit:CAP/USDT:1h"}
{"ts":"2026-07-24 18:46:18,684","level":"INFO","logger":"app.data_engine.redis_publisher","msg":"published 1 candles to bybit:BEAM/USDT:1h"}
{"ts":"2026-07-24 18:46:19,186","level":"INFO","logger":"app.data_engine.redis_publisher","msg":"published 1 candles to bybit:ESPORTS/USDT:1h"}
{"ts":"2026-07-24 18:46:19,417","level":"INFO","logger":"app.data_engine.redis_publisher","msg":"published 1 candles to bybit:APR/USDT:1h"}
{"ts":"2026-07-24 18:46:19,704","level":"INFO","logger":"app.data_engine.redis_publisher","msg":"published 1 candles to bybit:GWEI/USDT:1h"}
{"ts":"2026-07-24 18:46:19,716","level":"INFO","logger":"app.data_engine.redis_publisher","msg":"published 1 candles to bybit:ETH/USDT:1h"}
{"ts":"2026-07-24 18:46:19,846","level":"INFO","logger":"app.data_engine.redis_publisher","msg":"published 1 candles to bybit:BANK/USDT:1h"}
{"ts":"2026-07-24 18:46:19,975","level":"INFO","logger":"app.data_engine.redis_publisher","msg":"published 1 candles to bybit:ACE/USDT:1h"}
{"ts":"2026-07-24 18:46:20,073","level":"INFO","logger":"app.data_engine.redis_publisher","msg":"published 1 candles to bybit:BTC/USDT:1h"}
{"ts":"2026-07-24 18:46:20,197","level":"INFO","logger":"app.data_engine.redis_publisher","msg":"published 1 candles to bybit:SNDK/USDT:1h"}
{"ts":"2026-07-24 18:46:20,297","level":"INFO","logger":"app.data_engine.redis_publisher","msg":"published 1 candles to bybit:XRP/USDT:1h"}
{"ts":"2026-07-24 18:46:20,398","level":"INFO","logger":"app.data_engine.redis_publisher","msg":"published 1 candles to bybit:SOL/USDT:1h"}
{"ts":"2026-07-24 18:46:20,497","level":"INFO","logger":"app.data_engine.redis_publisher","msg":"published 1 candles to bybit:SNXX/USDT:1h"}
{"ts":"2026-07-24 18:46:20,597","level":"INFO","logger":"app.data_engine.redis_publisher","msg":"published 1 candles to bybit:MU/USDT:1h"}
{"ts":"2026-07-24 18:46:20,734","level":"INFO","logger":"app.data_engine.redis_publisher","msg":"published 1 candles to bybit:SOXL/USDT:1h"}
{"ts":"2026-07-24 18:46:20,834","level":"INFO","logger":"app.data_engine.redis_publisher","msg":"published 1 candles to bybit:PLAYSOUT/USDT:1h"}
{"ts":"2026-07-24 18:46:21,775","level":"INFO","logger":"app.data_engine.redis_publisher","msg":"published 1 candles to bybit:SKHY/USDT:1h"}
{"ts":"2026-07-24 18:46:21,877","level":"INFO","logger":"app.data_engine.redis_publisher","msg":"published 1 candles to bybit:HYPE/USDT:1h"}
{"ts":"2026-07-24 18:46:22,029","level":"INFO","logger":"app.data_engine.redis_publisher","msg":"published 1 candles to bybit:BEAT/USDT:1h"}
{"ts":"2026-07-24 18:46:22,129","level":"INFO","logger":"app.data_engine.redis_publisher","msg":"published 1 candles to bybit:KORU/USDT:1h"}
{"ts":"2026-07-24 18:46:22,230","level":"INFO","logger":"app.data_engine.redis_publisher","msg":"published 1 candles to bybit:SKHYNIX/USDT:1h"}
{"ts":"2026-07-24 18:46:22,340","level":"INFO","logger":"app.data_engine.redis_publisher","msg":"published 1 candles to bybit:DOGE/USDT:1h"}
{"ts":"2026-07-24 18:46:22,536","level":"INFO","logger":"app.data_engine.redis_publisher","msg":"published 1 candles to bybit:CL/USDT:1h"}
{"ts":"2026-07-24 18:46:22,621","level":"INFO","logger":"app.data_engine.redis_publisher","msg":"published 1 candles to bybit:AERGO/USDT:1h"}
{"ts":"2026-07-24 18:46:22,638","level":"INFO","logger":"app.data_engine.redis_publisher","msg":"published 1 candles to bybit:ZEC/USDT:1h"}
{"ts":"2026-07-24 18:46:22,837","level":"INFO","logger":"app.data_engine.redis_publisher","msg":"published 1 candles to bybit:XAU/USDT:1h"}
{"ts":"2026-07-24 18:46:22,939","level":"INFO","logger":"app.data_engine.redis_publisher","msg":"published 1 candles to bybit:LA/USDT:1h"}
{"ts":"2026-07-24 18:46:23,140","level":"INFO","logger":"app.data_engine.redis_publisher","msg":"published 1 candles to bybit:NEAR/USDT:1h"}
{"ts":"2026-07-24 18:46:23,151","level":"INFO","logger":"app.data_engine.redis_publisher","msg":"published 1 candles to bybit:VELVET/USDT:1h"}
{"ts":"2026-07-24 18:46:23,239","level":"INFO","logger":"app.data_engine.redis_publisher","msg":"published 1 candles to bybit:INTC/USDT:1h"}
{"ts":"2026-07-24 18:47:04,067","level":"INFO","logger":"app.data_engine.redis_publisher","msg":"published 1 candles to bybit:SOXS/USDT:1h"}
{"ts":"2026-07-24 18:47:04,068","level":"INFO","logger":"app.data_engine.redis_publisher","msg":"published 1 candles to bybit:SPCX/USDT:1h"}
{"ts":"2026-07-24 18:47:14,211","level":"INFO","logger":"app.data_engine.redis_publisher","msg":"published 1 candles to bybit:HEMI/USDT:1h"}
{"ts":"2026-07-24 18:47:14,320","level":"INFO","logger":"app.data_engine.redis_publisher","msg":"published 1 candles to bybit:ORDER/USDT:1h"}
{"ts":"2026-07-24 18:47:14,608","level":"INFO","logger":"app.data_engine.redis_publisher","msg":"published 1 candles to bybit:BLESS/USDT:1h"}
{"ts":"2026-07-24 18:47:16,529","level":"INFO","logger":"app.data_engine.redis_publisher","msg":"published 1 candles to bybit:RE/USDT:1h"}
{"ts":"2026-07-24 18:47:16,979","level":"INFO","logger":"app.data_engine.redis_publisher","msg":"published 1 candles to bybit:AKE/USDT:1h"}
{"ts":"2026-07-24 18:47:17,465","level":"INFO","logger":"app.data_engine.redis_publisher","msg":"published 1 candles to bybit:B2/USDT:1h"}
{"ts":"2026-07-24 18:47:17,813","level":"INFO","logger":"app.data_engine.redis_publisher","msg":"published 1 candles to bybit:DEXE/USDT:1h"}
{"ts":"2026-07-24 18:47:18,246","level":"INFO","logger":"app.data_engine.redis_publisher","msg":"published 1 candles to bybit:TOWNS/USDT:1h"}
{"ts":"2026-07-24 18:47:18,662","level":"INFO","logger":"app.data_engine.redis_publisher","msg":"published 1 candles to bybit:CAP/USDT:1h"}
{"ts":"2026-07-24 18:47:18,996","level":"INFO","logger":"app.data_engine.redis_publisher","msg":"published 1 candles to bybit:BEAM/USDT:1h"}
{"ts":"2026-07-24 18:47:19,495","level":"INFO","logger":"app.data_engine.redis_publisher","msg":"published 1 candles to bybit:ESPORTS/USDT:1h"}
{"ts":"2026-07-24 18:47:19,728","level":"INFO","logger":"app.data_engine.redis_publisher","msg":"published 1 candles to bybit:APR/USDT:1h"}
{"ts":"2026-07-24 18:47:20,015","level":"INFO","logger":"app.data_engine.redis_publisher","msg":"published 1 candles to bybit:GWEI/USDT:1h"}
{"ts":"2026-07-24 18:47:20,113","level":"INFO","logger":"app.data_engine.redis_publisher","msg":"published 1 candles to bybit:ETH/USDT:1h"}
{"ts":"2026-07-24 18:47:20,314","level":"INFO","logger":"app.data_engine.redis_publisher","msg":"published 1 candles to bybit:ACE/USDT:1h"}
{"ts":"2026-07-24 18:47:20,415","level":"INFO","logger":"app.data_engine.redis_publisher","msg":"published 1 candles to bybit:BTC/USDT:1h"}
{"ts":"2026-07-24 18:47:20,440","level":"INFO","logger":"app.data_engine.redis_publisher","msg":"published 1 candles to bybit:BANK/USDT:1h"}
{"ts":"2026-07-24 18:47:20,613","level":"INFO","logger":"app.data_engine.redis_publisher","msg":"published 1 candles to bybit:XRP/USDT:1h"}
{"ts":"2026-07-24 18:47:20,713","level":"INFO","logger":"app.data_engine.redis_publisher","msg":"published 1 candles to bybit:SOL/USDT:1h"}
{"ts":"2026-07-24 18:47:20,737","level":"INFO","logger":"app.data_engine.redis_publisher","msg":"published 1 candles to bybit:SNDK/USDT:1h"}
{"ts":"2026-07-24 18:47:20,817","level":"INFO","logger":"app.data_engine.redis_publisher","msg":"published 1 candles to bybit:SNXX/USDT:1h"}
{"ts":"2026-07-24 18:47:20,913","level":"INFO","logger":"app.data_engine.redis_publisher","msg":"published 1 candles to bybit:MU/USDT:1h"}
{"ts":"2026-07-24 18:47:21,046","level":"INFO","logger":"app.data_engine.redis_publisher","msg":"published 1 candles to bybit:SOXL/USDT:1h"}
{"ts":"2026-07-24 18:47:21,143","level":"INFO","logger":"app.data_engine.redis_publisher","msg":"published 1 candles to bybit:PLAYSOUT/USDT:1h"}
{"ts":"2026-07-24 18:47:22,085","level":"INFO","logger":"app.data_engine.redis_publisher","msg":"published 1 candles to bybit:SKHY/USDT:1h"}
{"ts":"2026-07-24 18:47:22,186","level":"INFO","logger":"app.data_engine.redis_publisher","msg":"published 1 candles to bybit:HYPE/USDT:1h"}
{"ts":"2026-07-24 18:47:22,339","level":"INFO","logger":"app.data_engine.redis_publisher","msg":"published 1 candles to bybit:BEAT/USDT:1h"}
{"ts":"2026-07-24 18:47:22,438","level":"INFO","logger":"app.data_engine.redis_publisher","msg":"published 1 candles to bybit:KORU/USDT:1h"}
{"ts":"2026-07-24 18:47:22,549","level":"INFO","logger":"app.data_engine.redis_publisher","msg":"published 1 candles to bybit:SKHYNIX/USDT:1h"}
{"ts":"2026-07-24 18:47:22,650","level":"INFO","logger":"app.data_engine.redis_publisher","msg":"published 1 candles to bybit:DOGE/USDT:1h"}
{"ts":"2026-07-24 18:47:22,847","level":"INFO","logger":"app.data_engine.redis_publisher","msg":"published 1 candles to bybit:CL/USDT:1h"}
{"ts":"2026-07-24 18:47:22,945","level":"INFO","logger":"app.data_engine.redis_publisher","msg":"published 1 candles to bybit:AERGO/USDT:1h"}
{"ts":"2026-07-24 18:47:23,052","level":"INFO","logger":"app.data_engine.redis_publisher","msg":"published 1 candles to bybit:ZEC/USDT:1h"}
{"ts":"2026-07-24 18:47:23,150","level":"INFO","logger":"app.data_engine.redis_publisher","msg":"published 1 candles to bybit:XAU/USDT:1h"}
{"ts":"2026-07-24 18:47:23,248","level":"INFO","logger":"app.data_engine.redis_publisher","msg":"published 1 candles to bybit:LA/USDT:1h"}
{"ts":"2026-07-24 18:47:23,449","level":"INFO","logger":"app.data_engine.redis_publisher","msg":"published 1 candles to bybit:NEAR/USDT:1h"}
{"ts":"2026-07-24 18:47:23,549","level":"INFO","logger":"app.data_engine.redis_publisher","msg":"published 1 candles to bybit:VELVET/USDT:1h"}
{"ts":"2026-07-24 18:47:23,647","level":"INFO","logger":"app.data_engine.redis_publisher","msg":"published 1 candles to bybit:INTC/USDT:1h"}
{"ts":"2026-07-24 18:48:04,950","level":"INFO","logger":"app.data_engine.redis_publisher","msg":"published 1 candles to bybit:SPCX/USDT:1h"}
{"ts":"2026-07-24 18:48:04,950","level":"INFO","logger":"app.data_engine.redis_publisher","msg":"published 1 candles to bybit:SOXS/USDT:1h"}
{"ts":"2026-07-24 18:48:14,520","level":"INFO","logger":"app.data_engine.redis_publisher","msg":"published 1 candles to bybit:HEMI/USDT:1h"}
{"ts":"2026-07-24 18:48:14,635","level":"INFO","logger":"app.data_engine.redis_publisher","msg":"published 1 candles to bybit:ORDER/USDT:1h"}
{"ts":"2026-07-24 18:48:14,918","level":"INFO","logger":"app.data_engine.redis_publisher","msg":"published 1 candles to bybit:BLESS/USDT:1h"}
{"ts":"2026-07-24 18:48:16,839","level":"INFO","logger":"app.data_engine.redis_publisher","msg":"published 1 candles to bybit:RE/USDT:1h"}
{"ts":"2026-07-24 18:48:17,286","level":"INFO","logger":"app.data_engine.redis_publisher","msg":"published 1 candles to bybit:AKE/USDT:1h"}
{"ts":"2026-07-24 18:48:17,839","level":"INFO","logger":"app.data_engine.redis_publisher","msg":"published 1 candles to bybit:B2/USDT:1h"}
{"ts":"2026-07-24 18:48:18,144","level":"INFO","logger":"app.data_engine.redis_publisher","msg":"published 1 candles to bybit:DEXE/USDT:1h"}
{"ts":"2026-07-24 18:48:18,558","level":"INFO","logger":"app.data_engine.redis_publisher","msg":"published 1 candles to bybit:TOWNS/USDT:1h"}
{"ts":"2026-07-24 18:48:18,987","level":"INFO","logger":"app.data_engine.redis_publisher","msg":"published 1 candles to bybit:CAP/USDT:1h"}
{"ts":"2026-07-24 18:48:19,313","level":"INFO","logger":"app.data_engine.redis_publisher","msg":"published 1 candles to bybit:BEAM/USDT:1h"}
{"ts":"2026-07-24 18:48:19,805","level":"INFO","logger":"app.data_engine.redis_publisher","msg":"published 1 candles to bybit:ESPORTS/USDT:1h"}
{"ts":"2026-07-24 18:48:20,036","level":"INFO","logger":"app.data_engine.redis_publisher","msg":"published 1 candles to bybit:APR/USDT:1h"}
{"ts":"2026-07-24 18:48:20,326","level":"INFO","logger":"app.data_engine.redis_publisher","msg":"published 1 candles to bybit:GWEI/USDT:1h"}
{"ts":"2026-07-24 18:48:20,424","level":"INFO","logger":"app.data_engine.redis_publisher","msg":"published 1 candles to bybit:ETH/USDT:1h"}
{"ts":"2026-07-24 18:48:20,624","level":"INFO","logger":"app.data_engine.redis_publisher","msg":"published 1 candles to bybit:ACE/USDT:1h"}
{"ts":"2026-07-24 18:48:20,742","level":"INFO","logger":"app.data_engine.redis_publisher","msg":"published 1 candles to bybit:BTC/USDT:1h"}
{"ts":"2026-07-24 18:48:20,944","level":"INFO","logger":"app.data_engine.redis_publisher","msg":"published 1 candles to bybit:XRP/USDT:1h"}
{"ts":"2026-07-24 18:48:21,023","level":"INFO","logger":"app.data_engine.redis_publisher","msg":"published 1 candles to bybit:SOL/USDT:1h"}
{"ts":"2026-07-24 18:48:21,095","level":"INFO","logger":"app.data_engine.redis_publisher","msg":"published 1 candles to bybit:BANK/USDT:1h"}
{"ts":"2026-07-24 18:48:21,227","level":"INFO","logger":"app.data_engine.redis_publisher","msg":"published 1 candles to bybit:SNXX/USDT:1h"}
{"ts":"2026-07-24 18:48:21,326","level":"INFO","logger":"app.data_engine.redis_publisher","msg":"published 1 candles to bybit:MU/USDT:1h"}
{"ts":"2026-07-24 18:48:21,348","level":"INFO","logger":"app.data_engine.redis_publisher","msg":"published 1 candles to bybit:SNDK/USDT:1h"}
{"ts":"2026-07-24 18:48:21,423","level":"INFO","logger":"app.data_engine.redis_publisher","msg":"published 1 candles to bybit:SOXL/USDT:1h"}
{"ts":"2026-07-24 18:48:21,524","level":"INFO","logger":"app.data_engine.redis_publisher","msg":"published 1 candles to bybit:PLAYSOUT/USDT:1h"}
{"ts":"2026-07-24 18:48:22,393","level":"INFO","logger":"app.data_engine.redis_publisher","msg":"published 1 candles to bybit:SKHY/USDT:1h"}
{"ts":"2026-07-24 18:48:22,494","level":"INFO","logger":"app.data_engine.redis_publisher","msg":"published 1 candles to bybit:HYPE/USDT:1h"}
{"ts":"2026-07-24 18:48:22,649","level":"INFO","logger":"app.data_engine.redis_publisher","msg":"published 1 candles to bybit:BEAT/USDT:1h"}
{"ts":"2026-07-24 18:48:22,755","level":"INFO","logger":"app.data_engine.redis_publisher","msg":"published 1 candles to bybit:KORU/USDT:1h"}
{"ts":"2026-07-24 18:48:22,860","level":"INFO","logger":"app.data_engine.redis_publisher","msg":"published 1 candles to bybit:SKHYNIX/USDT:1h"}
{"ts":"2026-07-24 18:48:22,958","level":"INFO","logger":"app.data_engine.redis_publisher","msg":"published 1 candles to bybit:DOGE/USDT:1h"}
{"ts":"2026-07-24 18:48:23,156","level":"INFO","logger":"app.data_engine.redis_publisher","msg":"published 1 candles to bybit:CL/USDT:1h"}
{"ts":"2026-07-24 18:48:23,262","level":"INFO","logger":"app.data_engine.redis_publisher","msg":"published 1 candles to bybit:AERGO/USDT:1h"}
{"ts":"2026-07-24 18:48:23,360","level":"INFO","logger":"app.data_engine.redis_publisher","msg":"published 1 candles to bybit:ZEC/USDT:1h"}
{"ts":"2026-07-24 18:48:23,460","level":"INFO","logger":"app.data_engine.redis_publisher","msg":"published 1 candles to bybit:XAU/USDT:1h"}
{"ts":"2026-07-24 18:48:23,564","level":"INFO","logger":"app.data_engine.redis_publisher","msg":"published 1 candles to bybit:LA/USDT:1h"}
{"ts":"2026-07-24 18:48:23,759","level":"INFO","logger":"app.data_engine.redis_publisher","msg":"published 1 candles to bybit:NEAR/USDT:1h"}
{"ts":"2026-07-24 18:48:23,861","level":"INFO","logger":"app.data_engine.redis_publisher","msg":"published 1 candles to bybit:VELVET/USDT:1h"}
{"ts":"2026-07-24 18:48:23,959","level":"INFO","logger":"app.data_engine.redis_publisher","msg":"published 1 candles to bybit:INTC/USDT:1h"}
{"ts":"2026-07-24 18:49:05,830","level":"INFO","logger":"app.data_engine.redis_publisher","msg":"published 1 candles to bybit:SPCX/USDT:1h"}
{"ts":"2026-07-24 18:49:05,831","level":"INFO","logger":"app.data_engine.redis_publisher","msg":"published 1 candles to bybit:SOXS/USDT:1h"}
{"ts":"2026-07-24 18:49:14,828","level":"INFO","logger":"app.data_engine.redis_publisher","msg":"published 1 candles to bybit:HEMI/USDT:1h"}
{"ts":"2026-07-24 18:49:14,954","level":"INFO","logger":"app.data_engine.redis_publisher","msg":"published 1 candles to bybit:ORDER/USDT:1h"}
{"ts":"2026-07-24 18:49:15,225","level":"INFO","logger":"app.data_engine.redis_publisher","msg":"published 1 candles to bybit:BLESS/USDT:1h"}
{"ts":"2026-07-24 18:49:17,150","level":"INFO","logger":"app.data_engine.redis_publisher","msg":"published 1 candles to bybit:RE/USDT:1h"}
{"ts":"2026-07-24 18:49:17,598","level":"INFO","logger":"app.data_engine.redis_publisher","msg":"published 1 candles to bybit:AKE/USDT:1h"}
2026-07-24 18:49:17.879 | INFO     | app.data.ohlcv_fetcher:fetch:62 - OHLCV fetched: BTC/USDT 1h 200 candles
{"ts":"2026-07-24 18:49:18,164","level":"INFO","logger":"app.data_engine.redis_publisher","msg":"published 1 candles to bybit:B2/USDT:1h"}
2026-07-24 18:49:18.264 | INFO     | app.data.ohlcv_fetcher:fetch:62 - OHLCV fetched: BTC/USDT 4h 60 candles
{"ts":"2026-07-24 18:49:18,456","level":"INFO","logger":"app.data_engine.redis_publisher","msg":"published 1 candles to bybit:DEXE/USDT:1h"}
{"ts":"2026-07-24 18:49:19,055","level":"INFO","logger":"app.data_engine.redis_publisher","msg":"published 1 candles to bybit:TOWNS/USDT:1h"}
{"ts":"2026-07-24 18:49:19,298","level":"INFO","logger":"app.data_engine.redis_publisher","msg":"published 1 candles to bybit:CAP/USDT:1h"}
{"ts":"2026-07-24 18:49:19,808","level":"INFO","logger":"app.data_engine.redis_publisher","msg":"published 1 candles to bybit:BEAM/USDT:1h"}
{"ts":"2026-07-24 18:49:20,115","level":"INFO","logger":"app.data_engine.redis_publisher","msg":"published 1 candles to bybit:ESPORTS/USDT:1h"}
{"ts":"2026-07-24 18:49:20,342","level":"INFO","logger":"app.data_engine.redis_publisher","msg":"published 1 candles to bybit:APR/USDT:1h"}
{"ts":"2026-07-24 18:49:20,635","level":"INFO","logger":"app.data_engine.redis_publisher","msg":"published 1 candles to bybit:GWEI/USDT:1h"}
{"ts":"2026-07-24 18:49:20,733","level":"INFO","logger":"app.data_engine.redis_publisher","msg":"published 1 candles to bybit:ETH/USDT:1h"}
{"ts":"2026-07-24 18:49:20,937","level":"INFO","logger":"app.data_engine.redis_publisher","msg":"published 1 candles to bybit:ACE/USDT:1h"}
{"ts":"2026-07-24 18:49:21,105","level":"INFO","logger":"app.data_engine.redis_publisher","msg":"published 1 candles to bybit:BTC/USDT:1h"}
{"ts":"2026-07-24 18:49:21,253","level":"INFO","logger":"app.data_engine.redis_publisher","msg":"published 1 candles to bybit:XRP/USDT:1h"}
{"ts":"2026-07-24 18:49:21,351","level":"INFO","logger":"app.data_engine.redis_publisher","msg":"published 1 candles to bybit:SOL/USDT:1h"}
{"ts":"2026-07-24 18:49:21,552","level":"INFO","logger":"app.data_engine.redis_publisher","msg":"published 1 candles to bybit:SNXX/USDT:1h"}
{"ts":"2026-07-24 18:49:21,679","level":"INFO","logger":"app.data_engine.redis_publisher","msg":"published 1 candles to bybit:BANK/USDT:1h"}
{"ts":"2026-07-24 18:49:21,852","level":"INFO","logger":"app.data_engine.redis_publisher","msg":"published 1 candles to bybit:SOXL/USDT:1h"}
{"ts":"2026-07-24 18:49:21,932","level":"INFO","logger":"app.data_engine.redis_publisher","msg":"published 1 candles to bybit:MU/USDT:1h"}
{"ts":"2026-07-24 18:49:21,952","level":"INFO","logger":"app.data_engine.redis_publisher","msg":"published 1 candles to bybit:PLAYSOUT/USDT:1h"}
{"ts":"2026-07-24 18:49:21,975","level":"INFO","logger":"app.data_engine.redis_publisher","msg":"published 1 candles to bybit:SNDK/USDT:1h"}
{"ts":"2026-07-24 18:49:22,703","level":"INFO","logger":"app.data_engine.redis_publisher","msg":"published 1 candles to bybit:SKHY/USDT:1h"}
{"ts":"2026-07-24 18:49:22,803","level":"INFO","logger":"app.data_engine.redis_publisher","msg":"published 1 candles to bybit:HYPE/USDT:1h"}
{"ts":"2026-07-24 18:49:22,958","level":"INFO","logger":"app.data_engine.redis_publisher","msg":"published 1 candles to bybit:BEAT/USDT:1h"}
{"ts":"2026-07-24 18:49:23,064","level":"INFO","logger":"app.data_engine.redis_publisher","msg":"published 1 candles to bybit:KORU/USDT:1h"}
{"ts":"2026-07-24 18:49:23,167","level":"INFO","logger":"app.data_engine.redis_publisher","msg":"published 1 candles to bybit:SKHYNIX/USDT:1h"}
{"ts":"2026-07-24 18:49:23,267","level":"INFO","logger":"app.data_engine.redis_publisher","msg":"published 1 candles to bybit:DOGE/USDT:1h"}
{"ts":"2026-07-24 18:49:23,465","level":"INFO","logger":"app.data_engine.redis_publisher","msg":"published 1 candles to bybit:CL/USDT:1h"}
{"ts":"2026-07-24 18:49:23,570","level":"INFO","logger":"app.data_engine.redis_publisher","msg":"published 1 candles to bybit:AERGO/USDT:1h"}
{"ts":"2026-07-24 18:49:23,670","level":"INFO","logger":"app.data_engine.redis_publisher","msg":"published 1 candles to bybit:ZEC/USDT:1h"}
{"ts":"2026-07-24 18:49:23,770","level":"INFO","logger":"app.data_engine.redis_publisher","msg":"published 1 candles to bybit:XAU/USDT:1h"}
{"ts":"2026-07-24 18:49:23,872","level":"INFO","logger":"app.data_engine.redis_publisher","msg":"published 1 candles to bybit:LA/USDT:1h"}
{"ts":"2026-07-24 18:49:24,068","level":"INFO","logger":"app.data_engine.redis_publisher","msg":"published 1 candles to bybit:NEAR/USDT:1h"}
{"ts":"2026-07-24 18:49:24,173","level":"INFO","logger":"app.data_engine.redis_publisher","msg":"published 1 candles to bybit:VELVET/USDT:1h"}
{"ts":"2026-07-24 18:49:24,277","level":"INFO","logger":"app.data_engine.redis_publisher","msg":"published 1 candles to bybit:INTC/USDT:1h"}
{"ts":"2026-07-24 18:50:06,719","level":"INFO","logger":"app.data_engine.redis_publisher","msg":"published 1 candles to bybit:SOXS/USDT:1h"}
{"ts":"2026-07-24 18:50:06,720","level":"INFO","logger":"app.data_engine.redis_publisher","msg":"published 1 candles to bybit:SPCX/USDT:1h"}
{"ts":"2026-07-24 18:50:15,138","level":"INFO","logger":"app.data_engine.redis_publisher","msg":"published 1 candles to bybit:HEMI/USDT:1h"}
{"ts":"2026-07-24 18:50:15,275","level":"INFO","logger":"app.data_engine.redis_publisher","msg":"published 1 candles to bybit:ORDER/USDT:1h"}
{"ts":"2026-07-24 18:50:15,534","level":"INFO","logger":"app.data_engine.redis_publisher","msg":"published 1 candles to bybit:BLESS/USDT:1h"}
{"ts":"2026-07-24 18:50:17,462","level":"INFO","logger":"app.data_engine.redis_publisher","msg":"published 1 candles to bybit:RE/USDT:1h"}
{"ts":"2026-07-24 18:50:17,909","level":"INFO","logger":"app.data_engine.redis_publisher","msg":"published 1 candles to bybit:AKE/USDT:1h"}
{"ts":"2026-07-24 18:50:18,474","level":"INFO","logger":"app.data_engine.redis_publisher","msg":"published 1 candles to bybit:B2/USDT:1h"}
{"ts":"2026-07-24 18:50:18,764","level":"INFO","logger":"app.data_engine.redis_publisher","msg":"published 1 candles to bybit:DEXE/USDT:1h"}
{"ts":"2026-07-24 18:50:19,366","level":"INFO","logger":"app.data_engine.redis_publisher","msg":"published 1 candles to bybit:TOWNS/USDT:1h"}
{"ts":"2026-07-24 18:50:19,608","level":"INFO","logger":"app.data_engine.redis_publisher","msg":"published 1 candles to bybit:CAP/USDT:1h"}
{"ts":"2026-07-24 18:50:20,116","level":"INFO","logger":"app.data_engine.redis_publisher","msg":"published 1 candles to bybit:BEAM/USDT:1h"}
{"ts":"2026-07-24 18:50:20,424","level":"INFO","logger":"app.data_engine.redis_publisher","msg":"published 1 candles to bybit:ESPORTS/USDT:1h"}
{"ts":"2026-07-24 18:50:20,656","level":"INFO","logger":"app.data_engine.redis_publisher","msg":"published 1 candles to bybit:APR/USDT:1h"}
{"ts":"2026-07-24 18:50:20,944","level":"INFO","logger":"app.data_engine.redis_publisher","msg":"published 1 candles to bybit:GWEI/USDT:1h"}
{"ts":"2026-07-24 18:50:21,045","level":"INFO","logger":"app.data_engine.redis_publisher","msg":"published 1 candles to bybit:ETH/USDT:1h"}
{"ts":"2026-07-24 18:50:21,246","level":"INFO","logger":"app.data_engine.redis_publisher","msg":"published 1 candles to bybit:ACE/USDT:1h"}
{"ts":"2026-07-24 18:50:21,567","level":"INFO","logger":"app.data_engine.redis_publisher","msg":"published 1 candles to bybit:XRP/USDT:1h"}
{"ts":"2026-07-24 18:50:21,602","level":"INFO","logger":"app.data_engine.redis_publisher","msg":"published 1 candles to bybit:BTC/USDT:1h"}
{"ts":"2026-07-24 18:50:21,857","level":"INFO","logger":"app.data_engine.redis_publisher","msg":"published 1 candles to bybit:SNXX/USDT:1h"}
{"ts":"2026-07-24 18:50:21,889","level":"INFO","logger":"app.data_engine.redis_publisher","msg":"published 1 candles to bybit:SOL/USDT:1h"}
{"ts":"2026-07-24 18:50:22,160","level":"INFO","logger":"app.data_engine.redis_publisher","msg":"published 1 candles to bybit:SOXL/USDT:1h"}
{"ts":"2026-07-24 18:50:22,171","level":"INFO","logger":"app.data_engine.redis_publisher","msg":"published 1 candles to bybit:BANK/USDT:1h"}
{"ts":"2026-07-24 18:50:22,260","level":"INFO","logger":"app.data_engine.redis_publisher","msg":"published 1 candles to bybit:MU/USDT:1h"}
{"ts":"2026-07-24 18:50:22,460","level":"INFO","logger":"app.data_engine.redis_publisher","msg":"published 1 candles to bybit:SNDK/USDT:1h"}
{"ts":"2026-07-24 18:50:22,587","level":"INFO","logger":"app.data_engine.redis_publisher","msg":"published 1 candles to bybit:PLAYSOUT/USDT:1h"}
{"ts":"2026-07-24 18:50:23,012","level":"INFO","logger":"app.data_engine.redis_publisher","msg":"published 1 candles to bybit:SKHY/USDT:1h"}
{"ts":"2026-07-24 18:50:23,114","level":"INFO","logger":"app.data_engine.redis_publisher","msg":"published 1 candles to bybit:HYPE/USDT:1h"}
{"ts":"2026-07-24 18:50:23,265","level":"INFO","logger":"app.data_engine.redis_publisher","msg":"published 1 candles to bybit:BEAT/USDT:1h"}
{"ts":"2026-07-24 18:50:23,376","level":"INFO","logger":"app.data_engine.redis_publisher","msg":"published 1 candles to bybit:KORU/USDT:1h"}
{"ts":"2026-07-24 18:50:23,474","level":"INFO","logger":"app.data_engine.redis_publisher","msg":"published 1 candles to bybit:SKHYNIX/USDT:1h"}
{"ts":"2026-07-24 18:50:23,576","level":"INFO","logger":"app.data_engine.redis_publisher","msg":"published 1 candles to bybit:DOGE/USDT:1h"}
{"ts":"2026-07-24 18:50:23,878","level":"INFO","logger":"app.data_engine.redis_publisher","msg":"published 1 candles to bybit:AERGO/USDT:1h"}
{"ts":"2026-07-24 18:50:23,957","level":"INFO","logger":"app.data_engine.redis_publisher","msg":"published 1 candles to bybit:CL/USDT:1h"}
{"ts":"2026-07-24 18:50:23,977","level":"INFO","logger":"app.data_engine.redis_publisher","msg":"published 1 candles to bybit:ZEC/USDT:1h"}
{"ts":"2026-07-24 18:50:24,077","level":"INFO","logger":"app.data_engine.redis_publisher","msg":"published 1 candles to bybit:XAU/USDT:1h"}
{"ts":"2026-07-24 18:50:24,182","level":"INFO","logger":"app.data_engine.redis_publisher","msg":"published 1 candles to bybit:LA/USDT:1h"}
{"ts":"2026-07-24 18:50:24,378","level":"INFO","logger":"app.data_engine.redis_publisher","msg":"published 1 candles to bybit:NEAR/USDT:1h"}
{"ts":"2026-07-24 18:50:24,483","level":"INFO","logger":"app.data_engine.redis_publisher","msg":"published 1 candles to bybit:VELVET/USDT:1h"}
{"ts":"2026-07-24 18:50:24,587","level":"INFO","logger":"app.data_engine.redis_publisher","msg":"published 1 candles to bybit:INTC/USDT:1h"}
{"ts":"2026-07-24 18:51:07,631","level":"INFO","logger":"app.data_engine.redis_publisher","msg":"published 1 candles to bybit:SOXS/USDT:1h"}
{"ts":"2026-07-24 18:51:07,634","level":"INFO","logger":"app.data_engine.redis_publisher","msg":"published 1 candles to bybit:SPCX/USDT:1h"}
{"ts":"2026-07-24 18:51:15,455","level":"INFO","logger":"app.data_engine.redis_publisher","msg":"published 1 candles to bybit:HEMI/USDT:1h"}
{"ts":"2026-07-24 18:51:15,588","level":"INFO","logger":"app.data_engine.redis_publisher","msg":"published 1 candles to bybit:ORDER/USDT:1h"}
{"ts":"2026-07-24 18:51:15,843","level":"INFO","logger":"app.data_engine.redis_publisher","msg":"published 1 candles to bybit:BLESS/USDT:1h"}
{"ts":"2026-07-24 18:51:17,771","level":"INFO","logger":"app.data_engine.redis_publisher","msg":"published 1 candles to bybit:RE/USDT:1h"}
{"ts":"2026-07-24 18:51:18,219","level":"INFO","logger":"app.data_engine.redis_publisher","msg":"published 1 candles to bybit:AKE/USDT:1h"}
{"ts":"2026-07-24 18:51:18,788","level":"INFO","logger":"app.data_engine.redis_publisher","msg":"published 1 candles to bybit:B2/USDT:1h"}
{"ts":"2026-07-24 18:51:19,074","level":"INFO","logger":"app.data_engine.redis_publisher","msg":"published 1 candles to bybit:DEXE/USDT:1h"}
{"ts":"2026-07-24 18:51:19,678","level":"INFO","logger":"app.data_engine.redis_publisher","msg":"published 1 candles to bybit:TOWNS/USDT:1h"}
{"ts":"2026-07-24 18:51:19,919","level":"INFO","logger":"app.data_engine.redis_publisher","msg":"published 1 candles to bybit:CAP/USDT:1h"}
{"ts":"2026-07-24 18:51:20,429","level":"INFO","logger":"app.data_engine.redis_publisher","msg":"published 1 candles to bybit:BEAM/USDT:1h"}
{"ts":"2026-07-24 18:51:20,749","level":"INFO","logger":"app.data_engine.redis_publisher","msg":"published 1 candles to bybit:ESPORTS/USDT:1h"}
{"ts":"2026-07-24 18:51:20,967","level":"INFO","logger":"app.data_engine.redis_publisher","msg":"published 1 candles to bybit:APR/USDT:1h"}
{"ts":"2026-07-24 18:51:21,253","level":"INFO","logger":"app.data_engine.redis_publisher","msg":"published 1 candles to bybit:GWEI/USDT:1h"}
{"ts":"2026-07-24 18:51:21,354","level":"INFO","logger":"app.data_engine.redis_publisher","msg":"published 1 candles to bybit:ETH/USDT:1h"}
{"ts":"2026-07-24 18:51:21,556","level":"INFO","logger":"app.data_engine.redis_publisher","msg":"published 1 candles to bybit:ACE/USDT:1h"}
{"ts":"2026-07-24 18:51:21,876","level":"INFO","logger":"app.data_engine.redis_publisher","msg":"published 1 candles to bybit:XRP/USDT:1h"}
{"ts":"2026-07-24 18:51:21,976","level":"INFO","logger":"app.data_engine.redis_publisher","msg":"published 1 candles to bybit:BTC/USDT:1h"}
{"ts":"2026-07-24 18:51:22,167","level":"INFO","logger":"app.data_engine.redis_publisher","msg":"published 1 candles to bybit:SNXX/USDT:1h"}
{"ts":"2026-07-24 18:51:22,268","level":"INFO","logger":"app.data_engine.redis_publisher","msg":"published 1 candles to bybit:SOL/USDT:1h"}
{"ts":"2026-07-24 18:51:22,471","level":"INFO","logger":"app.data_engine.redis_publisher","msg":"published 1 candles to bybit:SOXL/USDT:1h"}
{"ts":"2026-07-24 18:51:22,572","level":"INFO","logger":"app.data_engine.redis_publisher","msg":"published 1 candles to bybit:BANK/USDT:1h"}
{"ts":"2026-07-24 18:51:22,770","level":"INFO","logger":"app.data_engine.redis_publisher","msg":"published 1 candles to bybit:SNDK/USDT:1h"}
{"ts":"2026-07-24 18:51:22,895","level":"INFO","logger":"app.data_engine.redis_publisher","msg":"published 1 candles to bybit:PLAYSOUT/USDT:1h"}
{"ts":"2026-07-24 18:51:22,906","level":"INFO","logger":"app.data_engine.redis_publisher","msg":"published 1 candles to bybit:MU/USDT:1h"}
{"ts":"2026-07-24 18:51:23,320","level":"INFO","logger":"app.data_engine.redis_publisher","msg":"published 1 candles to bybit:SKHY/USDT:1h"}
{"ts":"2026-07-24 18:51:23,426","level":"INFO","logger":"app.data_engine.redis_publisher","msg":"published 1 candles to bybit:HYPE/USDT:1h"}
{"ts":"2026-07-24 18:51:23,574","level":"INFO","logger":"app.data_engine.redis_publisher","msg":"published 1 candles to bybit:BEAT/USDT:1h"}
{"ts":"2026-07-24 18:51:23,692","level":"INFO","logger":"app.data_engine.redis_publisher","msg":"published 1 candles to bybit:KORU/USDT:1h"}
{"ts":"2026-07-24 18:51:23,785","level":"INFO","logger":"app.data_engine.redis_publisher","msg":"published 1 candles to bybit:SKHYNIX/USDT:1h"}
{"ts":"2026-07-24 18:51:23,886","level":"INFO","logger":"app.data_engine.redis_publisher","msg":"published 1 candles to bybit:DOGE/USDT:1h"}
{"ts":"2026-07-24 18:51:24,187","level":"INFO","logger":"app.data_engine.redis_publisher","msg":"published 1 candles to bybit:AERGO/USDT:1h"}
{"ts":"2026-07-24 18:51:24,287","level":"INFO","logger":"app.data_engine.redis_publisher","msg":"published 1 candles to bybit:CL/USDT:1h"}
{"ts":"2026-07-24 18:51:24,396","level":"INFO","logger":"app.data_engine.redis_publisher","msg":"published 1 candles to bybit:ZEC/USDT:1h"}
{"ts":"2026-07-24 18:51:24,503","level":"INFO","logger":"app.data_engine.redis_publisher","msg":"published 1 candles to bybit:XAU/USDT:1h"}
{"ts":"2026-07-24 18:51:24,588","level":"INFO","logger":"app.data_engine.redis_publisher","msg":"published 1 candles to bybit:LA/USDT:1h"}
{"ts":"2026-07-24 18:51:24,694","level":"INFO","logger":"app.data_engine.redis_publisher","msg":"published 1 candles to bybit:NEAR/USDT:1h"}
{"ts":"2026-07-24 18:51:24,797","level":"INFO","logger":"app.data_engine.redis_publisher","msg":"published 1 candles to bybit:VELVET/USDT:1h"}
{"ts":"2026-07-24 18:51:24,895","level":"INFO","logger":"app.data_engine.redis_publisher","msg":"published 1 candles to bybit:INTC/USDT:1h"}
2026-07-24 18:51:37.970 | INFO     | app.data.universe_scanner:refresh:176 - UniverseScanner: %d candidates above $%.0f volume
2026-07-24 18:51:38.894 | DEBUG    | app.data.universe_scanner:refresh:188 - UniverseScanner: ATR failed for SOXL/USDT
2026-07-24 18:51:39.201 | DEBUG    | app.data.universe_scanner:refresh:188 - UniverseScanner: ATR failed for AKE/USDT
2026-07-24 18:51:39.201 | DEBUG    | app.data.universe_scanner:refresh:188 - UniverseScanner: ATR failed for DEXE/USDT
2026-07-24 18:51:39.507 | DEBUG    | app.data.universe_scanner:refresh:188 - UniverseScanner: ATR failed for BANK/USDT
2026-07-24 18:51:39.507 | DEBUG    | app.data.universe_scanner:refresh:188 - UniverseScanner: ATR failed for SNDK/USDT
2026-07-24 18:51:39.814 | DEBUG    | app.data.universe_scanner:refresh:188 - UniverseScanner: ATR failed for XAU/USDT
2026-07-24 18:51:39.814 | DEBUG    | app.data.universe_scanner:refresh:188 - UniverseScanner: ATR failed for CL/USDT
2026-07-24 18:51:39.814 | DEBUG    | app.data.universe_scanner:refresh:188 - UniverseScanner: ATR failed for MU/USDT
2026-07-24 18:51:39.814 | DEBUG    | app.data.universe_scanner:refresh:188 - UniverseScanner: ATR failed for ZEC/USDT
2026-07-24 18:51:39.814 | DEBUG    | app.data.universe_scanner:refresh:188 - UniverseScanner: ATR failed for ESPORTS/USDT
2026-07-24 18:51:40.122 | DEBUG    | app.data.universe_scanner:refresh:188 - UniverseScanner: ATR failed for SKHYNIX/USDT
2026-07-24 18:51:40.122 | DEBUG    | app.data.universe_scanner:refresh:188 - UniverseScanner: ATR failed for SPCX/USDT
2026-07-24 18:51:40.431 | DEBUG    | app.data.universe_scanner:refresh:188 - UniverseScanner: ATR failed for SKHY/USDT
2026-07-24 18:51:40.431 | DEBUG    | app.data.universe_scanner:refresh:188 - UniverseScanner: ATR failed for INTC/USDT
2026-07-24 18:51:41.048 | DEBUG    | app.data.universe_scanner:refresh:188 - UniverseScanner: ATR failed for RE/USDT
2026-07-24 18:51:41.048 | DEBUG    | app.data.universe_scanner:refresh:188 - UniverseScanner: ATR failed for 1000PEPE/USDT
2026-07-24 18:51:41.354 | DEBUG    | app.data.universe_scanner:refresh:188 - UniverseScanner: ATR failed for BEAT/USDT
2026-07-24 18:51:41.354 | DEBUG    | app.data.universe_scanner:refresh:188 - UniverseScanner: ATR failed for KORU/USDT
2026-07-24 18:51:41.662 | DEBUG    | app.data.universe_scanner:refresh:188 - UniverseScanner: ATR failed for SNXX/USDT
2026-07-24 18:51:41.662 | DEBUG    | app.data.universe_scanner:refresh:188 - UniverseScanner: ATR failed for XAG/USDT
2026-07-24 18:51:42.586 | DEBUG    | app.data.universe_scanner:refresh:188 - UniverseScanner: ATR failed for KAITO/USDT
2026-07-24 18:51:42.586 | DEBUG    | app.data.universe_scanner:refresh:188 - UniverseScanner: ATR failed for CBRS/USDT
2026-07-24 18:51:43.819 | DEBUG    | app.data.universe_scanner:refresh:188 - UniverseScanner: ATR failed for TAO/USDT
2026-07-24 18:51:43.819 | DEBUG    | app.data.universe_scanner:refresh:188 - UniverseScanner: ATR failed for PUMPFUN/USDT
2026-07-24 18:51:44.432 | DEBUG    | app.data.universe_scanner:refresh:188 - UniverseScanner: ATR failed for FARTCOIN/USDT
2026-07-24 18:51:44.752 | DEBUG    | app.data.universe_scanner:refresh:188 - UniverseScanner: ATR failed for EWY/USDT
2026-07-24 18:51:45.060 | DEBUG    | app.data.universe_scanner:refresh:188 - UniverseScanner: ATR failed for INTW/USDT
2026-07-24 18:51:46.046 | DEBUG    | app.data.universe_scanner:refresh:188 - UniverseScanner: ATR failed for VELVET/USDT
2026-07-24 18:51:46.046 | DEBUG    | app.data.universe_scanner:refresh:188 - UniverseScanner: ATR failed for DRAM/USDT
2026-07-24 18:51:46.046 | DEBUG    | app.data.universe_scanner:refresh:188 - UniverseScanner: ATR failed for TSLA/USDT
2026-07-24 18:51:46.521 | DEBUG    | app.data.universe_scanner:refresh:188 - UniverseScanner: ATR failed for ALLO/USDT
2026-07-24 18:51:47.444 | DEBUG    | app.data.universe_scanner:refresh:188 - UniverseScanner: ATR failed for XMR/USDT
2026-07-24 18:51:47.444 | DEBUG    | app.data.universe_scanner:refresh:188 - UniverseScanner: ATR failed for AAL/USDT
2026-07-24 18:51:48.978 | DEBUG    | app.data.universe_scanner:refresh:188 - UniverseScanner: ATR failed for LAB/USDT
2026-07-24 18:51:48.978 | DEBUG    | app.data.universe_scanner:refresh:188 - UniverseScanner: ATR failed for US/USDT
2026-07-24 18:51:49.594 | DEBUG    | app.data.universe_scanner:refresh:188 - UniverseScanner: ATR failed for O/USDT
2026-07-24 18:51:49.594 | DEBUG    | app.data.universe_scanner:refresh:188 - UniverseScanner: ATR failed for TSEM/USDT
2026-07-24 18:51:49.594 | DEBUG    | app.data.universe_scanner:refresh:188 - UniverseScanner: ATR failed for MRVL/USDT
2026-07-24 18:51:50.213 | DEBUG    | app.data.universe_scanner:refresh:188 - UniverseScanner: ATR failed for GOOGL/USDT
2026-07-24 18:51:50.214 | DEBUG    | app.data.universe_scanner:refresh:188 - UniverseScanner: ATR failed for GWEI/USDT
2026-07-24 18:51:50.214 | DEBUG    | app.data.universe_scanner:refresh:188 - UniverseScanner: ATR failed for 1000BONK/USDT
2026-07-24 18:51:50.214 | DEBUG    | app.data.universe_scanner:refresh:188 - UniverseScanner: ATR failed for ACE/USDT
2026-07-24 18:51:50.824 | DEBUG    | app.data.universe_scanner:refresh:188 - UniverseScanner: ATR failed for NBIS/USDT
2026-07-24 18:51:50.824 | DEBUG    | app.data.universe_scanner:refresh:188 - UniverseScanner: ATR failed for MUU/USDT
2026-07-24 18:51:51.130 | DEBUG    | app.data.universe_scanner:refresh:188 - UniverseScanner: ATR failed for CRCL/USDT
2026-07-24 18:51:51.130 | DEBUG    | app.data.universe_scanner:refresh:188 - UniverseScanner: ATR failed for PENGSTOCK/USDT
2026-07-24 18:51:51.438 | DEBUG    | app.data.universe_scanner:refresh:188 - UniverseScanner: ATR failed for SOXS/USDT
2026-07-24 18:51:51.745 | DEBUG    | app.data.universe_scanner:refresh:188 - UniverseScanner: ATR failed for MARA/USDT
2026-07-24 18:51:52.664 | DEBUG    | app.data.universe_scanner:refresh:188 - UniverseScanner: ATR failed for AEHR/USDT
2026-07-24 18:51:52.664 | DEBUG    | app.data.universe_scanner:refresh:188 - UniverseScanner: ATR failed for B2/USDT
2026-07-24 18:51:53.587 | DEBUG    | app.data.universe_scanner:refresh:188 - UniverseScanner: ATR failed for GS/USDT
2026-07-24 18:51:53.587 | DEBUG    | app.data.universe_scanner:refresh:188 - UniverseScanner: ATR failed for MSTR/USDT
2026-07-24 18:51:53.898 | DEBUG    | app.data.universe_scanner:refresh:188 - UniverseScanner: ATR failed for SHIB1000/USDT
2026-07-24 18:51:53.898 | DEBUG    | app.data.universe_scanner:refresh:188 - UniverseScanner: ATR failed for RDW/USDT
2026-07-24 18:51:54.206 | DEBUG    | app.data.universe_scanner:refresh:188 - UniverseScanner: ATR failed for AERGO/USDT
2026-07-24 18:51:54.206 | DEBUG    | app.data.universe_scanner:refresh:188 - UniverseScanner: ATR failed for EVAA/USDT
2026-07-24 18:51:54.826 | DEBUG    | app.data.universe_scanner:refresh:188 - UniverseScanner: ATR failed for POET/USDT
2026-07-24 18:51:54.826 | DEBUG    | app.data.universe_scanner:refresh:188 - UniverseScanner: ATR failed for APR/USDT
2026-07-24 18:51:55.440 | DEBUG    | app.data.universe_scanner:refresh:188 - UniverseScanner: ATR failed for EPIC/USDT
2026-07-24 18:51:55.440 | DEBUG    | app.data.universe_scanner:refresh:188 - UniverseScanner: ATR failed for AXTI/USDT
2026-07-24 18:51:56.546 | DEBUG    | app.data.universe_scanner:refresh:188 - UniverseScanner: ATR failed for XLV/USDT
2026-07-24 18:51:56.855 | DEBUG    | app.data.universe_scanner:refresh:188 - UniverseScanner: ATR failed for IONQ/USDT
2026-07-24 18:51:58.145 | DEBUG    | app.data.universe_scanner:refresh:188 - UniverseScanner: ATR failed for SAMSUNG/USDT
2026-07-24 18:51:58.145 | DEBUG    | app.data.universe_scanner:refresh:188 - UniverseScanner: ATR failed for AAOI/USDT
2026-07-24 18:51:58.145 | DEBUG    | app.data.universe_scanner:refresh:188 - UniverseScanner: ATR failed for AMDSTOCK/USDT
2026-07-24 18:51:58.764 | DEBUG    | app.data.universe_scanner:refresh:188 - UniverseScanner: ATR failed for APLD/USDT
2026-07-24 18:51:58.764 | DEBUG    | app.data.universe_scanner:refresh:188 - UniverseScanner: ATR failed for XLK/USDT
2026-07-24 18:51:58.764 | DEBUG    | app.data.universe_scanner:refresh:188 - UniverseScanner: ATR failed for UB/USDT
2026-07-24 18:52:00.013 | DEBUG    | app.data.universe_scanner:refresh:188 - UniverseScanner: ATR failed for BZ/USDT
2026-07-24 18:52:00.320 | DEBUG    | app.data.universe_scanner:refresh:188 - UniverseScanner: ATR failed for TLM/USDT
2026-07-24 18:52:00.633 | DEBUG    | app.data.universe_scanner:refresh:188 - UniverseScanner: ATR failed for APPSTOCK/USDT
2026-07-24 18:52:00.633 | DEBUG    | app.data.universe_scanner:refresh:188 - UniverseScanner: ATR failed for ONDS/USDT
2026-07-24 18:52:00.633 | DEBUG    | app.data.universe_scanner:refresh:188 - UniverseScanner: ATR failed for WENSTOCK/USDT
2026-07-24 18:52:00.634 | DEBUG    | app.data.universe_scanner:refresh:188 - UniverseScanner: ATR failed for DASH/USDT
2026-07-24 18:52:01.256 | DEBUG    | app.data.universe_scanner:refresh:188 - UniverseScanner: ATR failed for PAXG/USDT
2026-07-24 18:52:01.256 | DEBUG    | app.data.universe_scanner:refresh:188 - UniverseScanner: ATR failed for BIO/USDT
2026-07-24 18:52:01.256 | DEBUG    | app.data.universe_scanner:refresh:188 - UniverseScanner: ATR failed for QQQ/USDT
2026-07-24 18:52:01.259 | INFO     | app.data.universe_scanner:refresh:232 - UniverseScanner: refreshed — %d symbols, top=%s (score=%.3f)
{"ts":"2026-07-24 18:52:08,530","level":"INFO","logger":"app.data_engine.redis_publisher","msg":"published 1 candles to bybit:SOXS/USDT:1h"}
{"ts":"2026-07-24 18:52:08,532","level":"INFO","logger":"app.data_engine.redis_publisher","msg":"published 1 candles to bybit:SPCX/USDT:1h"}
{"ts":"2026-07-24 18:52:15,785","level":"INFO","logger":"app.data_engine.redis_publisher","msg":"published 1 candles to bybit:HEMI/USDT:1h"}
{"ts":"2026-07-24 18:52:15,899","level":"INFO","logger":"app.data_engine.redis_publisher","msg":"published 1 candles to bybit:ORDER/USDT:1h"}
{"ts":"2026-07-24 18:52:16,152","level":"INFO","logger":"app.data_engine.redis_publisher","msg":"published 1 candles to bybit:BLESS/USDT:1h"}
{"ts":"2026-07-24 18:52:18,083","level":"INFO","logger":"app.data_engine.redis_publisher","msg":"published 1 candles to bybit:RE/USDT:1h"}
{"ts":"2026-07-24 18:52:18,528","level":"INFO","logger":"app.data_engine.redis_publisher","msg":"published 1 candles to bybit:AKE/USDT:1h"}
{"ts":"2026-07-24 18:52:19,097","level":"INFO","logger":"app.data_engine.redis_publisher","msg":"published 1 candles to bybit:B2/USDT:1h"}
{"ts":"2026-07-24 18:52:19,386","level":"INFO","logger":"app.data_engine.redis_publisher","msg":"published 1 candles to bybit:DEXE/USDT:1h"}
{"ts":"2026-07-24 18:52:19,985","level":"INFO","logger":"app.data_engine.redis_publisher","msg":"published 1 candles to bybit:TOWNS/USDT:1h"}
{"ts":"2026-07-24 18:52:20,229","level":"INFO","logger":"app.data_engine.redis_publisher","msg":"published 1 candles to bybit:CAP/USDT:1h"}
{"ts":"2026-07-24 18:52:20,741","level":"INFO","logger":"app.data_engine.redis_publisher","msg":"published 1 candles to bybit:BEAM/USDT:1h"}
{"ts":"2026-07-24 18:52:21,062","level":"INFO","logger":"app.data_engine.redis_publisher","msg":"published 1 candles to bybit:ESPORTS/USDT:1h"}
{"ts":"2026-07-24 18:52:21,277","level":"INFO","logger":"app.data_engine.redis_publisher","msg":"published 1 candles to bybit:APR/USDT:1h"}
{"ts":"2026-07-24 18:52:21,566","level":"INFO","logger":"app.data_engine.redis_publisher","msg":"published 1 candles to bybit:GWEI/USDT:1h"}
{"ts":"2026-07-24 18:52:21,662","level":"INFO","logger":"app.data_engine.redis_publisher","msg":"published 1 candles to bybit:ETH/USDT:1h"}
{"ts":"2026-07-24 18:52:21,868","level":"INFO","logger":"app.data_engine.redis_publisher","msg":"published 1 candles to bybit:ACE/USDT:1h"}
{"ts":"2026-07-24 18:52:22,185","level":"INFO","logger":"app.data_engine.redis_publisher","msg":"published 1 candles to bybit:XRP/USDT:1h"}
{"ts":"2026-07-24 18:52:22,285","level":"INFO","logger":"app.data_engine.redis_publisher","msg":"published 1 candles to bybit:BTC/USDT:1h"}
{"ts":"2026-07-24 18:52:22,477","level":"INFO","logger":"app.data_engine.redis_publisher","msg":"published 1 candles to bybit:SNXX/USDT:1h"}
{"ts":"2026-07-24 18:52:22,577","level":"INFO","logger":"app.data_engine.redis_publisher","msg":"published 1 candles to bybit:SOL/USDT:1h"}
{"ts":"2026-07-24 18:52:22,780","level":"INFO","logger":"app.data_engine.redis_publisher","msg":"published 1 candles to bybit:SOXL/USDT:1h"}
{"ts":"2026-07-24 18:52:22,883","level":"INFO","logger":"app.data_engine.redis_publisher","msg":"published 1 candles to bybit:BANK/USDT:1h"}
{"ts":"2026-07-24 18:52:23,080","level":"INFO","logger":"app.data_engine.redis_publisher","msg":"published 1 candles to bybit:SNDK/USDT:1h"}
{"ts":"2026-07-24 18:52:23,209","level":"INFO","logger":"app.data_engine.redis_publisher","msg":"published 1 candles to bybit:PLAYSOUT/USDT:1h"}
{"ts":"2026-07-24 18:52:23,307","level":"INFO","logger":"app.data_engine.redis_publisher","msg":"published 1 candles to bybit:MU/USDT:1h"}
{"ts":"2026-07-24 18:52:23,630","level":"INFO","logger":"app.data_engine.redis_publisher","msg":"published 1 candles to bybit:SKHY/USDT:1h"}
{"ts":"2026-07-24 18:52:23,752","level":"INFO","logger":"app.data_engine.redis_publisher","msg":"published 1 candles to bybit:HYPE/USDT:1h"}
{"ts":"2026-07-24 18:52:23,874","level":"INFO","logger":"app.data_engine.redis_publisher","msg":"published 1 candles to bybit:BEAT/USDT:1h"}
{"ts":"2026-07-24 18:52:24,006","level":"INFO","logger":"app.data_engine.redis_publisher","msg":"published 1 candles to bybit:KORU/USDT:1h"}
{"ts":"2026-07-24 18:52:24,106","level":"INFO","logger":"app.data_engine.redis_publisher","msg":"published 1 candles to bybit:SKHYNIX/USDT:1h"}
{"ts":"2026-07-24 18:52:24,431","level":"INFO","logger":"app.data_engine.redis_publisher","msg":"published 1 candles to bybit:DOGE/USDT:1h"}
{"ts":"2026-07-24 18:52:24,496","level":"INFO","logger":"app.data_engine.redis_publisher","msg":"published 1 candles to bybit:AERGO/USDT:1h"}
{"ts":"2026-07-24 18:52:24,597","level":"INFO","logger":"app.data_engine.redis_publisher","msg":"published 1 candles to bybit:CL/USDT:1h"}
{"ts":"2026-07-24 18:52:24,707","level":"INFO","logger":"app.data_engine.redis_publisher","msg":"published 1 candles to bybit:ZEC/USDT:1h"}
{"ts":"2026-07-24 18:52:24,813","level":"INFO","logger":"app.data_engine.redis_publisher","msg":"published 1 candles to bybit:XAU/USDT:1h"}
{"ts":"2026-07-24 18:52:24,911","level":"INFO","logger":"app.data_engine.redis_publisher","msg":"published 1 candles to bybit:LA/USDT:1h"}
{"ts":"2026-07-24 18:52:25,017","level":"INFO","logger":"app.data_engine.redis_publisher","msg":"published 1 candles to bybit:NEAR/USDT:1h"}
{"ts":"2026-07-24 18:52:25,112","level":"INFO","logger":"app.data_engine.redis_publisher","msg":"published 1 candles to bybit:VELVET/USDT:1h"}
{"ts":"2026-07-24 18:52:25,214","level":"INFO","logger":"app.data_engine.redis_publisher","msg":"published 1 candles to bybit:INTC/USDT:1h"}
{"ts":"2026-07-24 18:53:09,413","level":"INFO","logger":"app.data_engine.redis_publisher","msg":"published 1 candles to bybit:SPCX/USDT:1h"}
{"ts":"2026-07-24 18:53:09,414","level":"INFO","logger":"app.data_engine.redis_publisher","msg":"published 1 candles to bybit:SOXS/USDT:1h"}
{"ts":"2026-07-24 18:53:16,099","level":"INFO","logger":"app.data_engine.redis_publisher","msg":"published 1 candles to bybit:HEMI/USDT:1h"}
{"ts":"2026-07-24 18:53:16,224","level":"INFO","logger":"app.data_engine.redis_publisher","msg":"published 1 candles to bybit:ORDER/USDT:1h"}
{"ts":"2026-07-24 18:53:16,461","level":"INFO","logger":"app.data_engine.redis_publisher","msg":"published 1 candles to bybit:BLESS/USDT:1h"}
{"ts":"2026-07-24 18:53:18,397","level":"INFO","logger":"app.data_engine.redis_publisher","msg":"published 1 candles to bybit:RE/USDT:1h"}
{"ts":"2026-07-24 18:53:18,836","level":"INFO","logger":"app.data_engine.redis_publisher","msg":"published 1 candles to bybit:AKE/USDT:1h"}
{"ts":"2026-07-24 18:53:19,406","level":"INFO","logger":"app.data_engine.redis_publisher","msg":"published 1 candles to bybit:B2/USDT:1h"}
{"ts":"2026-07-24 18:53:19,697","level":"INFO","logger":"app.data_engine.redis_publisher","msg":"published 1 candles to bybit:DEXE/USDT:1h"}
{"ts":"2026-07-24 18:53:20,295","level":"INFO","logger":"app.data_engine.redis_publisher","msg":"published 1 candles to bybit:TOWNS/USDT:1h"}
{"ts":"2026-07-24 18:53:20,540","level":"INFO","logger":"app.data_engine.redis_publisher","msg":"published 1 candles to bybit:CAP/USDT:1h"}
{"ts":"2026-07-24 18:53:21,050","level":"INFO","logger":"app.data_engine.redis_publisher","msg":"published 1 candles to bybit:BEAM/USDT:1h"}
{"ts":"2026-07-24 18:53:21,373","level":"INFO","logger":"app.data_engine.redis_publisher","msg":"published 1 candles to bybit:ESPORTS/USDT:1h"}
{"ts":"2026-07-24 18:53:21,599","level":"INFO","logger":"app.data_engine.redis_publisher","msg":"published 1 candles to bybit:APR/USDT:1h"}
{"ts":"2026-07-24 18:53:21,879","level":"INFO","logger":"app.data_engine.redis_publisher","msg":"published 1 candles to bybit:GWEI/USDT:1h"}
{"ts":"2026-07-24 18:53:21,979","level":"INFO","logger":"app.data_engine.redis_publisher","msg":"published 1 candles to bybit:ETH/USDT:1h"}
{"ts":"2026-07-24 18:53:22,186","level":"INFO","logger":"app.data_engine.redis_publisher","msg":"published 1 candles to bybit:ACE/USDT:1h"}
{"ts":"2026-07-24 18:53:22,496","level":"INFO","logger":"app.data_engine.redis_publisher","msg":"published 1 candles to bybit:XRP/USDT:1h"}
{"ts":"2026-07-24 18:53:22,595","level":"INFO","logger":"app.data_engine.redis_publisher","msg":"published 1 candles to bybit:BTC/USDT:1h"}
{"ts":"2026-07-24 18:53:22,789","level":"INFO","logger":"app.data_engine.redis_publisher","msg":"published 1 candles to bybit:SNXX/USDT:1h"}
{"ts":"2026-07-24 18:53:22,887","level":"INFO","logger":"app.data_engine.redis_publisher","msg":"published 1 candles to bybit:SOL/USDT:1h"}
{"ts":"2026-07-24 18:53:23,090","level":"INFO","logger":"app.data_engine.redis_publisher","msg":"published 1 candles to bybit:SOXL/USDT:1h"}
{"ts":"2026-07-24 18:53:23,196","level":"INFO","logger":"app.data_engine.redis_publisher","msg":"published 1 candles to bybit:BANK/USDT:1h"}
{"ts":"2026-07-24 18:53:23,391","level":"INFO","logger":"app.data_engine.redis_publisher","msg":"published 1 candles to bybit:SNDK/USDT:1h"}
{"ts":"2026-07-24 18:53:23,517","level":"INFO","logger":"app.data_engine.redis_publisher","msg":"published 1 candles to bybit:PLAYSOUT/USDT:1h"}
{"ts":"2026-07-24 18:53:23,617","level":"INFO","logger":"app.data_engine.redis_publisher","msg":"published 1 candles to bybit:MU/USDT:1h"}
{"ts":"2026-07-24 18:53:23,944","level":"INFO","logger":"app.data_engine.redis_publisher","msg":"published 1 candles to bybit:SKHY/USDT:1h"}
{"ts":"2026-07-24 18:53:24,062","level":"INFO","logger":"app.data_engine.redis_publisher","msg":"published 1 candles to bybit:HYPE/USDT:1h"}
{"ts":"2026-07-24 18:53:24,184","level":"INFO","logger":"app.data_engine.redis_publisher","msg":"published 1 candles to bybit:BEAT/USDT:1h"}
{"ts":"2026-07-24 18:53:24,315","level":"INFO","logger":"app.data_engine.redis_publisher","msg":"published 1 candles to bybit:KORU/USDT:1h"}
{"ts":"2026-07-24 18:53:24,416","level":"INFO","logger":"app.data_engine.redis_publisher","msg":"published 1 candles to bybit:SKHYNIX/USDT:1h"}
{"ts":"2026-07-24 18:53:24,741","level":"INFO","logger":"app.data_engine.redis_publisher","msg":"published 1 candles to bybit:DOGE/USDT:1h"}
{"ts":"2026-07-24 18:53:24,840","level":"INFO","logger":"app.data_engine.redis_publisher","msg":"published 1 candles to bybit:AERGO/USDT:1h"}
{"ts":"2026-07-24 18:53:25,040","level":"INFO","logger":"app.data_engine.redis_publisher","msg":"published 1 candles to bybit:ZEC/USDT:1h"}
{"ts":"2026-07-24 18:53:25,143","level":"INFO","logger":"app.data_engine.redis_publisher","msg":"published 1 candles to bybit:XAU/USDT:1h"}
{"ts":"2026-07-24 18:53:25,166","level":"INFO","logger":"app.data_engine.redis_publisher","msg":"published 1 candles to bybit:CL/USDT:1h"}
{"ts":"2026-07-24 18:53:25,340","level":"INFO","logger":"app.data_engine.redis_publisher","msg":"published 1 candles to bybit:NEAR/USDT:1h"}
{"ts":"2026-07-24 18:53:25,445","level":"INFO","logger":"app.data_engine.redis_publisher","msg":"published 1 candles to bybit:VELVET/USDT:1h"}
{"ts":"2026-07-24 18:53:25,465","level":"INFO","logger":"app.data_engine.redis_publisher","msg":"published 1 candles to bybit:LA/USDT:1h"}
{"ts":"2026-07-24 18:53:25,541","level":"INFO","logger":"app.data_engine.redis_publisher","msg":"published 1 candles to bybit:INTC/USDT:1h"}
{"ts":"2026-07-24 18:54:09,956","level":"INFO","logger":"app.data_engine.redis_publisher","msg":"published 1 candles to bybit:SPCX/USDT:1h"}
{"ts":"2026-07-24 18:54:10,047","level":"INFO","logger":"app.data_engine.redis_publisher","msg":"published 1 candles to bybit:SOXS/USDT:1h"}
{"ts":"2026-07-24 18:54:16,412","level":"INFO","logger":"app.data_engine.redis_publisher","msg":"published 1 candles to bybit:HEMI/USDT:1h"}
{"ts":"2026-07-24 18:54:16,536","level":"INFO","logger":"app.data_engine.redis_publisher","msg":"published 1 candles to bybit:ORDER/USDT:1h"}
{"ts":"2026-07-24 18:54:16,777","level":"INFO","logger":"app.data_engine.redis_publisher","msg":"published 1 candles to bybit:BLESS/USDT:1h"}
{"ts":"2026-07-24 18:54:18,706","level":"INFO","logger":"app.data_engine.redis_publisher","msg":"published 1 candles to bybit:RE/USDT:1h"}
{"ts":"2026-07-24 18:54:19,147","level":"INFO","logger":"app.data_engine.redis_publisher","msg":"published 1 candles to bybit:AKE/USDT:1h"}
{"ts":"2026-07-24 18:54:19,717","level":"INFO","logger":"app.data_engine.redis_publisher","msg":"published 1 candles to bybit:B2/USDT:1h"}
{"ts":"2026-07-24 18:54:20,008","level":"INFO","logger":"app.data_engine.redis_publisher","msg":"published 1 candles to bybit:DEXE/USDT:1h"}
{"ts":"2026-07-24 18:54:20,607","level":"INFO","logger":"app.data_engine.redis_publisher","msg":"published 1 candles to bybit:TOWNS/USDT:1h"}
{"ts":"2026-07-24 18:54:20,848","level":"INFO","logger":"app.data_engine.redis_publisher","msg":"published 1 candles to bybit:CAP/USDT:1h"}
{"ts":"2026-07-24 18:54:21,359","level":"INFO","logger":"app.data_engine.redis_publisher","msg":"published 1 candles to bybit:BEAM/USDT:1h"}
{"ts":"2026-07-24 18:54:21,685","level":"INFO","logger":"app.data_engine.redis_publisher","msg":"published 1 candles to bybit:ESPORTS/USDT:1h"}
{"ts":"2026-07-24 18:54:21,921","level":"INFO","logger":"app.data_engine.redis_publisher","msg":"published 1 candles to bybit:APR/USDT:1h"}
{"ts":"2026-07-24 18:54:22,187","level":"INFO","logger":"app.data_engine.redis_publisher","msg":"published 1 candles to bybit:GWEI/USDT:1h"}
{"ts":"2026-07-24 18:54:22,290","level":"INFO","logger":"app.data_engine.redis_publisher","msg":"published 1 candles to bybit:ETH/USDT:1h"}
{"ts":"2026-07-24 18:54:22,494","level":"INFO","logger":"app.data_engine.redis_publisher","msg":"published 1 candles to bybit:ACE/USDT:1h"}
{"ts":"2026-07-24 18:54:22,806","level":"INFO","logger":"app.data_engine.redis_publisher","msg":"published 1 candles to bybit:XRP/USDT:1h"}
{"ts":"2026-07-24 18:54:22,906","level":"INFO","logger":"app.data_engine.redis_publisher","msg":"published 1 candles to bybit:BTC/USDT:1h"}
{"ts":"2026-07-24 18:54:23,103","level":"INFO","logger":"app.data_engine.redis_publisher","msg":"published 1 candles to bybit:SNXX/USDT:1h"}
{"ts":"2026-07-24 18:54:23,199","level":"INFO","logger":"app.data_engine.redis_publisher","msg":"published 1 candles to bybit:SOL/USDT:1h"}
{"ts":"2026-07-24 18:54:23,402","level":"INFO","logger":"app.data_engine.redis_publisher","msg":"published 1 candles to bybit:SOXL/USDT:1h"}
{"ts":"2026-07-24 18:54:23,520","level":"INFO","logger":"app.data_engine.redis_publisher","msg":"published 1 candles to bybit:BANK/USDT:1h"}
{"ts":"2026-07-24 18:54:23,702","level":"INFO","logger":"app.data_engine.redis_publisher","msg":"published 1 candles to bybit:SNDK/USDT:1h"}
{"ts":"2026-07-24 18:54:23,825","level":"INFO","logger":"app.data_engine.redis_publisher","msg":"published 1 candles to bybit:PLAYSOUT/USDT:1h"}
{"ts":"2026-07-24 18:54:23,935","level":"INFO","logger":"app.data_engine.redis_publisher","msg":"published 1 candles to bybit:MU/USDT:1h"}
{"ts":"2026-07-24 18:54:24,262","level":"INFO","logger":"app.data_engine.redis_publisher","msg":"published 1 candles to bybit:SKHY/USDT:1h"}
{"ts":"2026-07-24 18:54:24,377","level":"INFO","logger":"app.data_engine.redis_publisher","msg":"published 1 candles to bybit:HYPE/USDT:1h"}
{"ts":"2026-07-24 18:54:24,494","level":"INFO","logger":"app.data_engine.redis_publisher","msg":"published 1 candles to bybit:BEAT/USDT:1h"}
{"ts":"2026-07-24 18:54:24,625","level":"INFO","logger":"app.data_engine.redis_publisher","msg":"published 1 candles to bybit:KORU/USDT:1h"}
{"ts":"2026-07-24 18:54:24,913","level":"INFO","logger":"app.data_engine.redis_publisher","msg":"published 1 candles to bybit:SKHYNIX/USDT:1h"}
{"ts":"2026-07-24 18:54:25,053","level":"INFO","logger":"app.data_engine.redis_publisher","msg":"published 1 candles to bybit:DOGE/USDT:1h"}
{"ts":"2026-07-24 18:54:25,152","level":"INFO","logger":"app.data_engine.redis_publisher","msg":"published 1 candles to bybit:AERGO/USDT:1h"}
{"ts":"2026-07-24 18:54:25,350","level":"INFO","logger":"app.data_engine.redis_publisher","msg":"published 1 candles to bybit:ZEC/USDT:1h"}
{"ts":"2026-07-24 18:54:25,635","level":"INFO","logger":"app.data_engine.redis_publisher","msg":"published 1 candles to bybit:XAU/USDT:1h"}
{"ts":"2026-07-24 18:54:25,653","level":"INFO","logger":"app.data_engine.redis_publisher","msg":"published 1 candles to bybit:NEAR/USDT:1h"}
{"ts":"2026-07-24 18:54:25,780","level":"INFO","logger":"app.data_engine.redis_publisher","msg":"published 1 candles to bybit:CL/USDT:1h"}
{"ts":"2026-07-24 18:54:25,957","level":"INFO","logger":"app.data_engine.redis_publisher","msg":"published 1 candles to bybit:INTC/USDT:1h"}
{"ts":"2026-07-24 18:54:25,987","level":"INFO","logger":"app.data_engine.redis_publisher","msg":"published 1 candles to bybit:VELVET/USDT:1h"}
{"ts":"2026-07-24 18:54:26,043","level":"INFO","logger":"app.data_engine.redis_publisher","msg":"published 1 candles to bybit:LA/USDT:1h"}
{"ts":"2026-07-24 18:55:05,063","level":"INFO","logger":"app.data_engine.exchange_connector","msg":"fetched 2160 candles for KAITO/USDT 1h (90 days)"}
{"ts":"2026-07-24 18:55:05,424","level":"INFO","logger":"app.data_engine.redis_publisher","msg":"published 10 candles to bybit:KAITO/USDT:1h"}
{"ts":"2026-07-24 18:55:10,259","level":"INFO","logger":"app.data_engine.redis_publisher","msg":"published 1 candles to bybit:SPCX/USDT:1h"}
{"ts":"2026-07-24 18:55:10,586","level":"INFO","logger":"app.data_engine.redis_publisher","msg":"published 1 candles to bybit:SOXS/USDT:1h"}
{"ts":"2026-07-24 18:55:16,723","level":"INFO","logger":"app.data_engine.redis_publisher","msg":"published 1 candles to bybit:HEMI/USDT:1h"}
{"ts":"2026-07-24 18:55:16,844","level":"INFO","logger":"app.data_engine.redis_publisher","msg":"published 1 candles to bybit:ORDER/USDT:1h"}
{"ts":"2026-07-24 18:55:17,086","level":"INFO","logger":"app.data_engine.redis_publisher","msg":"published 1 candles to bybit:BLESS/USDT:1h"}
{"ts":"2026-07-24 18:55:19,023","level":"INFO","logger":"app.data_engine.redis_publisher","msg":"published 1 candles to bybit:RE/USDT:1h"}
{"ts":"2026-07-24 18:55:19,453","level":"INFO","logger":"app.data_engine.redis_publisher","msg":"published 1 candles to bybit:AKE/USDT:1h"}
{"ts":"2026-07-24 18:55:20,027","level":"INFO","logger":"app.data_engine.redis_publisher","msg":"published 1 candles to bybit:B2/USDT:1h"}
{"ts":"2026-07-24 18:55:20,319","level":"INFO","logger":"app.data_engine.redis_publisher","msg":"published 1 candles to bybit:DEXE/USDT:1h"}
{"ts":"2026-07-24 18:55:20,918","level":"INFO","logger":"app.data_engine.redis_publisher","msg":"published 1 candles to bybit:TOWNS/USDT:1h"}
{"ts":"2026-07-24 18:55:21,157","level":"INFO","logger":"app.data_engine.redis_publisher","msg":"published 1 candles to bybit:CAP/USDT:1h"}
{"ts":"2026-07-24 18:55:21,668","level":"INFO","logger":"app.data_engine.redis_publisher","msg":"published 1 candles to bybit:BEAM/USDT:1h"}
{"ts":"2026-07-24 18:55:21,993","level":"INFO","logger":"app.data_engine.redis_publisher","msg":"published 1 candles to bybit:ESPORTS/USDT:1h"}
{"ts":"2026-07-24 18:55:22,233","level":"INFO","logger":"app.data_engine.redis_publisher","msg":"published 1 candles to bybit:APR/USDT:1h"}
{"ts":"2026-07-24 18:55:22,494","level":"INFO","logger":"app.data_engine.redis_publisher","msg":"published 1 candles to bybit:GWEI/USDT:1h"}
{"ts":"2026-07-24 18:55:22,603","level":"INFO","logger":"app.data_engine.redis_publisher","msg":"published 1 candles to bybit:ETH/USDT:1h"}
{"ts":"2026-07-24 18:55:22,803","level":"INFO","logger":"app.data_engine.redis_publisher","msg":"published 1 candles to bybit:ACE/USDT:1h"}
{"ts":"2026-07-24 18:55:23,116","level":"INFO","logger":"app.data_engine.redis_publisher","msg":"published 1 candles to bybit:XRP/USDT:1h"}
{"ts":"2026-07-24 18:55:23,216","level":"INFO","logger":"app.data_engine.redis_publisher","msg":"published 1 candles to bybit:BTC/USDT:1h"}
{"ts":"2026-07-24 18:55:23,410","level":"INFO","logger":"app.data_engine.redis_publisher","msg":"published 1 candles to bybit:SNXX/USDT:1h"}
{"ts":"2026-07-24 18:55:23,510","level":"INFO","logger":"app.data_engine.redis_publisher","msg":"published 1 candles to bybit:SOL/USDT:1h"}
{"ts":"2026-07-24 18:55:23,712","level":"INFO","logger":"app.data_engine.redis_publisher","msg":"published 1 candles to bybit:SOXL/USDT:1h"}
{"ts":"2026-07-24 18:55:23,830","level":"INFO","logger":"app.data_engine.redis_publisher","msg":"published 1 candles to bybit:BANK/USDT:1h"}
{"ts":"2026-07-24 18:55:24,012","level":"INFO","logger":"app.data_engine.redis_publisher","msg":"published 1 candles to bybit:SNDK/USDT:1h"}
{"ts":"2026-07-24 18:55:24,135","level":"INFO","logger":"app.data_engine.redis_publisher","msg":"published 1 candles to bybit:PLAYSOUT/USDT:1h"}
{"ts":"2026-07-24 18:55:24,246","level":"INFO","logger":"app.data_engine.redis_publisher","msg":"published 1 candles to bybit:MU/USDT:1h"}
{"ts":"2026-07-24 18:55:24,576","level":"INFO","logger":"app.data_engine.redis_publisher","msg":"published 1 candles to bybit:SKHY/USDT:1h"}
{"ts":"2026-07-24 18:55:24,690","level":"INFO","logger":"app.data_engine.redis_publisher","msg":"published 1 candles to bybit:HYPE/USDT:1h"}
{"ts":"2026-07-24 18:55:24,804","level":"INFO","logger":"app.data_engine.redis_publisher","msg":"published 1 candles to bybit:BEAT/USDT:1h"}
{"ts":"2026-07-24 18:55:24,935","level":"INFO","logger":"app.data_engine.redis_publisher","msg":"published 1 candles to bybit:KORU/USDT:1h"}
{"ts":"2026-07-24 18:55:25,222","level":"INFO","logger":"app.data_engine.redis_publisher","msg":"published 1 candles to bybit:SKHYNIX/USDT:1h"}
{"ts":"2026-07-24 18:55:25,363","level":"INFO","logger":"app.data_engine.redis_publisher","msg":"published 1 candles to bybit:DOGE/USDT:1h"}
{"ts":"2026-07-24 18:55:25,463","level":"INFO","logger":"app.data_engine.redis_publisher","msg":"published 1 candles to bybit:AERGO/USDT:1h"}
{"ts":"2026-07-24 18:55:25,663","level":"INFO","logger":"app.data_engine.redis_publisher","msg":"published 1 candles to bybit:ZEC/USDT:1h"}
{"ts":"2026-07-24 18:55:25,948","level":"INFO","logger":"app.data_engine.redis_publisher","msg":"published 1 candles to bybit:XAU/USDT:1h"}
{"ts":"2026-07-24 18:55:26,047","level":"INFO","logger":"app.data_engine.redis_publisher","msg":"published 1 candles to bybit:NEAR/USDT:1h"}
{"ts":"2026-07-24 18:55:26,268","level":"INFO","logger":"app.data_engine.redis_publisher","msg":"published 1 candles to bybit:INTC/USDT:1h"}
{"ts":"2026-07-24 18:55:26,365","level":"INFO","logger":"app.data_engine.redis_publisher","msg":"published 1 candles to bybit:VELVET/USDT:1h"}
{"ts":"2026-07-24 18:55:26,373","level":"INFO","logger":"app.data_engine.redis_publisher","msg":"published 1 candles to bybit:CL/USDT:1h"}
{"ts":"2026-07-24 18:56:05,963","level":"INFO","logger":"app.data_engine.redis_publisher","msg":"published 1 candles to bybit:KAITO/USDT:1h"}
{"ts":"2026-07-24 18:56:10,571","level":"INFO","logger":"app.data_engine.redis_publisher","msg":"published 1 candles to bybit:SPCX/USDT:1h"}
{"ts":"2026-07-24 18:56:10,898","level":"INFO","logger":"app.data_engine.redis_publisher","msg":"published 1 candles to bybit:SOXS/USDT:1h"}
{"ts":"2026-07-24 18:56:17,038","level":"INFO","logger":"app.data_engine.redis_publisher","msg":"published 1 candles to bybit:HEMI/USDT:1h"}
{"ts":"2026-07-24 18:56:17,382","level":"INFO","logger":"app.data_engine.redis_publisher","msg":"published 1 candles to bybit:ORDER/USDT:1h"}
{"ts":"2026-07-24 18:56:17,407","level":"INFO","logger":"app.data_engine.redis_publisher","msg":"published 1 candles to bybit:BLESS/USDT:1h"}
{"ts":"2026-07-24 18:56:19,333","level":"INFO","logger":"app.data_engine.redis_publisher","msg":"published 1 candles to bybit:RE/USDT:1h"}
{"ts":"2026-07-24 18:56:19,762","level":"INFO","logger":"app.data_engine.redis_publisher","msg":"published 1 candles to bybit:AKE/USDT:1h"}
{"ts":"2026-07-24 18:56:20,337","level":"INFO","logger":"app.data_engine.redis_publisher","msg":"published 1 candles to bybit:B2/USDT:1h"}
{"ts":"2026-07-24 18:56:20,626","level":"INFO","logger":"app.data_engine.redis_publisher","msg":"published 1 candles to bybit:DEXE/USDT:1h"}
{"ts":"2026-07-24 18:56:21,227","level":"INFO","logger":"app.data_engine.redis_publisher","msg":"published 1 candles to bybit:TOWNS/USDT:1h"}
{"ts":"2026-07-24 18:56:21,466","level":"INFO","logger":"app.data_engine.redis_publisher","msg":"published 1 candles to bybit:CAP/USDT:1h"}
{"ts":"2026-07-24 18:56:21,979","level":"INFO","logger":"app.data_engine.redis_publisher","msg":"published 1 candles to bybit:BEAM/USDT:1h"}
{"ts":"2026-07-24 18:56:22,307","level":"INFO","logger":"app.data_engine.redis_publisher","msg":"published 1 candles to bybit:ESPORTS/USDT:1h"}
{"ts":"2026-07-24 18:56:22,543","level":"INFO","logger":"app.data_engine.redis_publisher","msg":"published 1 candles to bybit:APR/USDT:1h"}
{"ts":"2026-07-24 18:56:22,803","level":"INFO","logger":"app.data_engine.redis_publisher","msg":"published 1 candles to bybit:GWEI/USDT:1h"}
{"ts":"2026-07-24 18:56:22,915","level":"INFO","logger":"app.data_engine.redis_publisher","msg":"published 1 candles to bybit:ETH/USDT:1h"}
{"ts":"2026-07-24 18:56:23,114","level":"INFO","logger":"app.data_engine.redis_publisher","msg":"published 1 candles to bybit:ACE/USDT:1h"}
{"ts":"2026-07-24 18:56:23,425","level":"INFO","logger":"app.data_engine.redis_publisher","msg":"published 1 candles to bybit:XRP/USDT:1h"}
{"ts":"2026-07-24 18:56:23,526","level":"INFO","logger":"app.data_engine.redis_publisher","msg":"published 1 candles to bybit:BTC/USDT:1h"}
{"ts":"2026-07-24 18:56:23,721","level":"INFO","logger":"app.data_engine.redis_publisher","msg":"published 1 candles to bybit:SNXX/USDT:1h"}
{"ts":"2026-07-24 18:56:23,821","level":"INFO","logger":"app.data_engine.redis_publisher","msg":"published 1 candles to bybit:SOL/USDT:1h"}
{"ts":"2026-07-24 18:56:24,020","level":"INFO","logger":"app.data_engine.redis_publisher","msg":"published 1 candles to bybit:SOXL/USDT:1h"}
{"ts":"2026-07-24 18:56:24,139","level":"INFO","logger":"app.data_engine.redis_publisher","msg":"published 1 candles to bybit:BANK/USDT:1h"}
{"ts":"2026-07-24 18:56:24,324","level":"INFO","logger":"app.data_engine.redis_publisher","msg":"published 1 candles to bybit:SNDK/USDT:1h"}
{"ts":"2026-07-24 18:56:24,447","level":"INFO","logger":"app.data_engine.redis_publisher","msg":"published 1 candles to bybit:PLAYSOUT/USDT:1h"}
{"ts":"2026-07-24 18:56:24,557","level":"INFO","logger":"app.data_engine.redis_publisher","msg":"published 1 candles to bybit:MU/USDT:1h"}
{"ts":"2026-07-24 18:56:24,886","level":"INFO","logger":"app.data_engine.redis_publisher","msg":"published 1 candles to bybit:SKHY/USDT:1h"}
{"ts":"2026-07-24 18:56:25,002","level":"INFO","logger":"app.data_engine.redis_publisher","msg":"published 1 candles to bybit:HYPE/USDT:1h"}
{"ts":"2026-07-24 18:56:25,114","level":"INFO","logger":"app.data_engine.redis_publisher","msg":"published 1 candles to bybit:BEAT/USDT:1h"}
{"ts":"2026-07-24 18:56:25,243","level":"INFO","logger":"app.data_engine.redis_publisher","msg":"published 1 candles to bybit:KORU/USDT:1h"}
{"ts":"2026-07-24 18:56:25,536","level":"INFO","logger":"app.data_engine.redis_publisher","msg":"published 1 candles to bybit:SKHYNIX/USDT:1h"}
{"ts":"2026-07-24 18:56:25,673","level":"INFO","logger":"app.data_engine.redis_publisher","msg":"published 1 candles to bybit:DOGE/USDT:1h"}
{"ts":"2026-07-24 18:56:25,772","level":"INFO","logger":"app.data_engine.redis_publisher","msg":"published 1 candles to bybit:AERGO/USDT:1h"}
{"ts":"2026-07-24 18:56:25,972","level":"INFO","logger":"app.data_engine.redis_publisher","msg":"published 1 candles to bybit:ZEC/USDT:1h"}
{"ts":"2026-07-24 18:56:26,258","level":"INFO","logger":"app.data_engine.redis_publisher","msg":"published 1 candles to bybit:XAU/USDT:1h"}
{"ts":"2026-07-24 18:56:26,356","level":"INFO","logger":"app.data_engine.redis_publisher","msg":"published 1 candles to bybit:NEAR/USDT:1h"}
{"ts":"2026-07-24 18:56:26,577","level":"INFO","logger":"app.data_engine.redis_publisher","msg":"published 1 candles to bybit:INTC/USDT:1h"}
{"ts":"2026-07-24 18:56:26,676","level":"INFO","logger":"app.data_engine.redis_publisher","msg":"published 1 candles to bybit:VELVET/USDT:1h"}
{"ts":"2026-07-24 18:56:27,004","level":"INFO","logger":"app.data_engine.redis_publisher","msg":"published 1 candles to bybit:CL/USDT:1h"}
{"ts":"2026-07-24 18:57:06,847","level":"INFO","logger":"app.data_engine.redis_publisher","msg":"published 1 candles to bybit:KAITO/USDT:1h"}
{"ts":"2026-07-24 18:57:10,880","level":"INFO","logger":"app.data_engine.redis_publisher","msg":"published 1 candles to bybit:SPCX/USDT:1h"}
{"ts":"2026-07-24 18:57:11,208","level":"INFO","logger":"app.data_engine.redis_publisher","msg":"published 1 candles to bybit:SOXS/USDT:1h"}
{"ts":"2026-07-24 18:57:17,346","level":"INFO","logger":"app.data_engine.redis_publisher","msg":"published 1 candles to bybit:HEMI/USDT:1h"}
{"ts":"2026-07-24 18:57:17,714","level":"INFO","logger":"app.data_engine.redis_publisher","msg":"published 1 candles to bybit:ORDER/USDT:1h"}
{"ts":"2026-07-24 18:57:18,026","level":"INFO","logger":"app.data_engine.redis_publisher","msg":"published 1 candles to bybit:BLESS/USDT:1h"}
{"ts":"2026-07-24 18:57:19,644","level":"INFO","logger":"app.data_engine.redis_publisher","msg":"published 1 candles to bybit:RE/USDT:1h"}
{"ts":"2026-07-24 18:57:20,074","level":"INFO","logger":"app.data_engine.redis_publisher","msg":"published 1 candles to bybit:AKE/USDT:1h"}
{"ts":"2026-07-24 18:57:20,646","level":"INFO","logger":"app.data_engine.redis_publisher","msg":"published 1 candles to bybit:B2/USDT:1h"}
{"ts":"2026-07-24 18:57:20,937","level":"INFO","logger":"app.data_engine.redis_publisher","msg":"published 1 candles to bybit:DEXE/USDT:1h"}
{"ts":"2026-07-24 18:57:21,536","level":"INFO","logger":"app.data_engine.redis_publisher","msg":"published 1 candles to bybit:TOWNS/USDT:1h"}
{"ts":"2026-07-24 18:57:21,780","level":"INFO","logger":"app.data_engine.redis_publisher","msg":"published 1 candles to bybit:CAP/USDT:1h"}
{"ts":"2026-07-24 18:57:22,284","level":"INFO","logger":"app.data_engine.redis_publisher","msg":"published 1 candles to bybit:BEAM/USDT:1h"}
{"ts":"2026-07-24 18:57:22,619","level":"INFO","logger":"app.data_engine.redis_publisher","msg":"published 1 candles to bybit:ESPORTS/USDT:1h"}
{"ts":"2026-07-24 18:57:22,853","level":"INFO","logger":"app.data_engine.redis_publisher","msg":"published 1 candles to bybit:APR/USDT:1h"}
{"ts":"2026-07-24 18:57:23,111","level":"INFO","logger":"app.data_engine.redis_publisher","msg":"published 1 candles to bybit:GWEI/USDT:1h"}
{"ts":"2026-07-24 18:57:23,225","level":"INFO","logger":"app.data_engine.redis_publisher","msg":"published 1 candles to bybit:ETH/USDT:1h"}
{"ts":"2026-07-24 18:57:23,425","level":"INFO","logger":"app.data_engine.redis_publisher","msg":"published 1 candles to bybit:ACE/USDT:1h"}
{"ts":"2026-07-24 18:57:23,735","level":"INFO","logger":"app.data_engine.redis_publisher","msg":"published 1 candles to bybit:XRP/USDT:1h"}
{"ts":"2026-07-24 18:57:23,843","level":"INFO","logger":"app.data_engine.redis_publisher","msg":"published 1 candles to bybit:BTC/USDT:1h"}
{"ts":"2026-07-24 18:57:24,033","level":"INFO","logger":"app.data_engine.redis_publisher","msg":"published 1 candles to bybit:SNXX/USDT:1h"}
{"ts":"2026-07-24 18:57:24,133","level":"INFO","logger":"app.data_engine.redis_publisher","msg":"published 1 candles to bybit:SOL/USDT:1h"}
{"ts":"2026-07-24 18:57:24,327","level":"INFO","logger":"app.data_engine.redis_publisher","msg":"published 1 candles to bybit:SOXL/USDT:1h"}
{"ts":"2026-07-24 18:57:24,448","level":"INFO","logger":"app.data_engine.redis_publisher","msg":"published 1 candles to bybit:BANK/USDT:1h"}
{"ts":"2026-07-24 18:57:24,637","level":"INFO","logger":"app.data_engine.redis_publisher","msg":"published 1 candles to bybit:SNDK/USDT:1h"}
{"ts":"2026-07-24 18:57:24,755","level":"INFO","logger":"app.data_engine.redis_publisher","msg":"published 1 candles to bybit:PLAYSOUT/USDT:1h"}
{"ts":"2026-07-24 18:57:24,868","level":"INFO","logger":"app.data_engine.redis_publisher","msg":"published 1 candles to bybit:MU/USDT:1h"}
{"ts":"2026-07-24 18:57:25,196","level":"INFO","logger":"app.data_engine.redis_publisher","msg":"published 1 candles to bybit:SKHY/USDT:1h"}
{"ts":"2026-07-24 18:57:25,314","level":"INFO","logger":"app.data_engine.redis_publisher","msg":"published 1 candles to bybit:HYPE/USDT:1h"}
{"ts":"2026-07-24 18:57:25,424","level":"INFO","logger":"app.data_engine.redis_publisher","msg":"published 1 candles to bybit:BEAT/USDT:1h"}
{"ts":"2026-07-24 18:57:25,553","level":"INFO","logger":"app.data_engine.redis_publisher","msg":"published 1 candles to bybit:KORU/USDT:1h"}
{"ts":"2026-07-24 18:57:25,849","level":"INFO","logger":"app.data_engine.redis_publisher","msg":"published 1 candles to bybit:SKHYNIX/USDT:1h"}
{"ts":"2026-07-24 18:57:25,981","level":"INFO","logger":"app.data_engine.redis_publisher","msg":"published 1 candles to bybit:DOGE/USDT:1h"}
{"ts":"2026-07-24 18:57:26,083","level":"INFO","logger":"app.data_engine.redis_publisher","msg":"published 1 candles to bybit:AERGO/USDT:1h"}
{"ts":"2026-07-24 18:57:26,280","level":"INFO","logger":"app.data_engine.redis_publisher","msg":"published 1 candles to bybit:ZEC/USDT:1h"}
{"ts":"2026-07-24 18:57:26,585","level":"INFO","logger":"app.data_engine.redis_publisher","msg":"published 1 candles to bybit:XAU/USDT:1h"}
{"ts":"2026-07-24 18:57:26,669","level":"INFO","logger":"app.data_engine.redis_publisher","msg":"published 1 candles to bybit:NEAR/USDT:1h"}
{"ts":"2026-07-24 18:57:26,887","level":"INFO","logger":"app.data_engine.redis_publisher","msg":"published 1 candles to bybit:INTC/USDT:1h"}
{"ts":"2026-07-24 18:57:26,991","level":"INFO","logger":"app.data_engine.redis_publisher","msg":"published 1 candles to bybit:VELVET/USDT:1h"}
{"ts":"2026-07-24 18:57:27,313","level":"INFO","logger":"app.data_engine.redis_publisher","msg":"published 1 candles to bybit:CL/USDT:1h"}
{"ts":"2026-07-24 18:58:07,389","level":"INFO","logger":"app.data_engine.redis_publisher","msg":"published 1 candles to bybit:KAITO/USDT:1h"}
{"ts":"2026-07-24 18:58:11,217","level":"INFO","logger":"app.data_engine.redis_publisher","msg":"published 1 candles to bybit:SPCX/USDT:1h"}
{"ts":"2026-07-24 18:58:11,517","level":"INFO","logger":"app.data_engine.redis_publisher","msg":"published 1 candles to bybit:SOXS/USDT:1h"}
{"ts":"2026-07-24 18:58:17,666","level":"INFO","logger":"app.data_engine.redis_publisher","msg":"published 1 candles to bybit:HEMI/USDT:1h"}
{"ts":"2026-07-24 18:58:18,038","level":"INFO","logger":"app.data_engine.redis_publisher","msg":"published 1 candles to bybit:ORDER/USDT:1h"}
{"ts":"2026-07-24 18:58:18,362","level":"INFO","logger":"app.data_engine.redis_publisher","msg":"published 1 candles to bybit:BLESS/USDT:1h"}
{"ts":"2026-07-24 18:58:19,949","level":"INFO","logger":"app.data_engine.redis_publisher","msg":"published 1 candles to bybit:RE/USDT:1h"}
{"ts":"2026-07-24 18:58:20,383","level":"INFO","logger":"app.data_engine.redis_publisher","msg":"published 1 candles to bybit:AKE/USDT:1h"}
{"ts":"2026-07-24 18:58:20,955","level":"INFO","logger":"app.data_engine.redis_publisher","msg":"published 1 candles to bybit:B2/USDT:1h"}
{"ts":"2026-07-24 18:58:21,247","level":"INFO","logger":"app.data_engine.redis_publisher","msg":"published 1 candles to bybit:DEXE/USDT:1h"}
{"ts":"2026-07-24 18:58:21,863","level":"INFO","logger":"app.data_engine.redis_publisher","msg":"published 1 candles to bybit:TOWNS/USDT:1h"}
{"ts":"2026-07-24 18:58:22,088","level":"INFO","logger":"app.data_engine.redis_publisher","msg":"published 1 candles to bybit:CAP/USDT:1h"}
{"ts":"2026-07-24 18:58:22,595","level":"INFO","logger":"app.data_engine.redis_publisher","msg":"published 1 candles to bybit:BEAM/USDT:1h"}
{"ts":"2026-07-24 18:58:22,928","level":"INFO","logger":"app.data_engine.redis_publisher","msg":"published 1 candles to bybit:ESPORTS/USDT:1h"}
{"ts":"2026-07-24 18:58:23,164","level":"INFO","logger":"app.data_engine.redis_publisher","msg":"published 1 candles to bybit:APR/USDT:1h"}
{"ts":"2026-07-24 18:58:23,420","level":"INFO","logger":"app.data_engine.redis_publisher","msg":"published 1 candles to bybit:GWEI/USDT:1h"}
{"ts":"2026-07-24 18:58:23,732","level":"INFO","logger":"app.data_engine.redis_publisher","msg":"published 1 candles to bybit:ACE/USDT:1h"}
{"ts":"2026-07-24 18:58:24,047","level":"INFO","logger":"app.data_engine.redis_publisher","msg":"published 1 candles to bybit:XRP/USDT:1h"}
{"ts":"2026-07-24 18:58:24,126","level":"INFO","logger":"app.data_engine.redis_publisher","msg":"published 1 candles to bybit:ETH/USDT:1h"}
{"ts":"2026-07-24 18:58:24,341","level":"INFO","logger":"app.data_engine.redis_publisher","msg":"published 1 candles to bybit:SNXX/USDT:1h"}
{"ts":"2026-07-24 18:58:24,379","level":"INFO","logger":"app.data_engine.redis_publisher","msg":"published 1 candles to bybit:BTC/USDT:1h"}
{"ts":"2026-07-24 18:58:24,445","level":"INFO","logger":"app.data_engine.redis_publisher","msg":"published 1 candles to bybit:SOL/USDT:1h"}
{"ts":"2026-07-24 18:58:24,634","level":"INFO","logger":"app.data_engine.redis_publisher","msg":"published 1 candles to bybit:SOXL/USDT:1h"}
{"ts":"2026-07-24 18:58:24,757","level":"INFO","logger":"app.data_engine.redis_publisher","msg":"published 1 candles to bybit:BANK/USDT:1h"}
{"ts":"2026-07-24 18:58:24,949","level":"INFO","logger":"app.data_engine.redis_publisher","msg":"published 1 candles to bybit:SNDK/USDT:1h"}
{"ts":"2026-07-24 18:58:25,064","level":"INFO","logger":"app.data_engine.redis_publisher","msg":"published 1 candles to bybit:PLAYSOUT/USDT:1h"}
{"ts":"2026-07-24 18:58:25,177","level":"INFO","logger":"app.data_engine.redis_publisher","msg":"published 1 candles to bybit:MU/USDT:1h"}
{"ts":"2026-07-24 18:58:25,509","level":"INFO","logger":"app.data_engine.redis_publisher","msg":"published 1 candles to bybit:SKHY/USDT:1h"}
{"ts":"2026-07-24 18:58:25,625","level":"INFO","logger":"app.data_engine.redis_publisher","msg":"published 1 candles to bybit:HYPE/USDT:1h"}
{"ts":"2026-07-24 18:58:25,737","level":"INFO","logger":"app.data_engine.redis_publisher","msg":"published 1 candles to bybit:BEAT/USDT:1h"}
{"ts":"2026-07-24 18:58:25,865","level":"INFO","logger":"app.data_engine.redis_publisher","msg":"published 1 candles to bybit:KORU/USDT:1h"}
{"ts":"2026-07-24 18:58:26,164","level":"INFO","logger":"app.data_engine.redis_publisher","msg":"published 1 candles to bybit:SKHYNIX/USDT:1h"}
{"ts":"2026-07-24 18:58:26,291","level":"INFO","logger":"app.data_engine.redis_publisher","msg":"published 1 candles to bybit:DOGE/USDT:1h"}
{"ts":"2026-07-24 18:58:26,391","level":"INFO","logger":"app.data_engine.redis_publisher","msg":"published 1 candles to bybit:AERGO/USDT:1h"}
{"ts":"2026-07-24 18:58:26,598","level":"INFO","logger":"app.data_engine.redis_publisher","msg":"published 1 candles to bybit:ZEC/USDT:1h"}
{"ts":"2026-07-24 18:58:26,895","level":"INFO","logger":"app.data_engine.redis_publisher","msg":"published 1 candles to bybit:XAU/USDT:1h"}
{"ts":"2026-07-24 18:58:26,996","level":"INFO","logger":"app.data_engine.redis_publisher","msg":"published 1 candles to bybit:NEAR/USDT:1h"}
{"ts":"2026-07-24 18:58:27,199","level":"INFO","logger":"app.data_engine.redis_publisher","msg":"published 1 candles to bybit:INTC/USDT:1h"}
{"ts":"2026-07-24 18:58:27,302","level":"INFO","logger":"app.data_engine.redis_publisher","msg":"published 1 candles to bybit:VELVET/USDT:1h"}
{"ts":"2026-07-24 18:58:27,628","level":"INFO","logger":"app.data_engine.redis_publisher","msg":"published 1 candles to bybit:CL/USDT:1h"}
{"ts":"2026-07-24 18:59:07,938","level":"INFO","logger":"app.data_engine.redis_publisher","msg":"published 1 candles to bybit:KAITO/USDT:1h"}
{"ts":"2026-07-24 18:59:11,526","level":"INFO","logger":"app.data_engine.redis_publisher","msg":"published 1 candles to bybit:SPCX/USDT:1h"}
{"ts":"2026-07-24 18:59:11,825","level":"INFO","logger":"app.data_engine.redis_publisher","msg":"published 1 candles to bybit:SOXS/USDT:1h"}
{"ts":"2026-07-24 18:59:17,979","level":"INFO","logger":"app.data_engine.redis_publisher","msg":"published 1 candles to bybit:HEMI/USDT:1h"}
{"ts":"2026-07-24 18:59:18,346","level":"INFO","logger":"app.data_engine.redis_publisher","msg":"published 1 candles to bybit:ORDER/USDT:1h"}
{"ts":"2026-07-24 18:59:18,686","level":"INFO","logger":"app.data_engine.redis_publisher","msg":"published 1 candles to bybit:BLESS/USDT:1h"}
{"ts":"2026-07-24 18:59:20,257","level":"INFO","logger":"app.data_engine.redis_publisher","msg":"published 1 candles to bybit:RE/USDT:1h"}
{"ts":"2026-07-24 18:59:20,696","level":"INFO","logger":"app.data_engine.redis_publisher","msg":"published 1 candles to bybit:AKE/USDT:1h"}
{"ts":"2026-07-24 18:59:21,264","level":"INFO","logger":"app.data_engine.redis_publisher","msg":"published 1 candles to bybit:B2/USDT:1h"}
{"ts":"2026-07-24 18:59:21,556","level":"INFO","logger":"app.data_engine.redis_publisher","msg":"published 1 candles to bybit:DEXE/USDT:1h"}
{"ts":"2026-07-24 18:59:22,177","level":"INFO","logger":"app.data_engine.redis_publisher","msg":"published 1 candles to bybit:TOWNS/USDT:1h"}
{"ts":"2026-07-24 18:59:22,395","level":"INFO","logger":"app.data_engine.redis_publisher","msg":"published 1 candles to bybit:CAP/USDT:1h"}
{"ts":"2026-07-24 18:59:22,905","level":"INFO","logger":"app.data_engine.redis_publisher","msg":"published 1 candles to bybit:BEAM/USDT:1h"}
{"ts":"2026-07-24 18:59:23,238","level":"INFO","logger":"app.data_engine.redis_publisher","msg":"published 1 candles to bybit:ESPORTS/USDT:1h"}
{"ts":"2026-07-24 18:59:23,473","level":"INFO","logger":"app.data_engine.redis_publisher","msg":"published 1 candles to bybit:APR/USDT:1h"}
{"ts":"2026-07-24 18:59:23,726","level":"INFO","logger":"app.data_engine.redis_publisher","msg":"published 1 candles to bybit:GWEI/USDT:1h"}
{"ts":"2026-07-24 18:59:24,041","level":"INFO","logger":"app.data_engine.redis_publisher","msg":"published 1 candles to bybit:ACE/USDT:1h"}
{"ts":"2026-07-24 18:59:24,365","level":"INFO","logger":"app.data_engine.redis_publisher","msg":"published 1 candles to bybit:XRP/USDT:1h"}
{"ts":"2026-07-24 18:59:24,650","level":"INFO","logger":"app.data_engine.redis_publisher","msg":"published 1 candles to bybit:SNXX/USDT:1h"}
{"ts":"2026-07-24 18:59:24,951","level":"INFO","logger":"app.data_engine.redis_publisher","msg":"published 1 candles to bybit:SOXL/USDT:1h"}
{"ts":"2026-07-24 18:59:25,022","level":"INFO","logger":"app.data_engine.redis_publisher","msg":"published 1 candles to bybit:BTC/USDT:1h"}
{"ts":"2026-07-24 18:59:25,023","level":"INFO","logger":"app.data_engine.redis_publisher","msg":"published 1 candles to bybit:ETH/USDT:1h"}
{"ts":"2026-07-24 18:59:25,073","level":"INFO","logger":"app.data_engine.redis_publisher","msg":"published 1 candles to bybit:SOL/USDT:1h"}
{"ts":"2026-07-24 18:59:25,258","level":"INFO","logger":"app.data_engine.redis_publisher","msg":"published 1 candles to bybit:SNDK/USDT:1h"}
{"ts":"2026-07-24 18:59:25,288","level":"INFO","logger":"app.data_engine.redis_publisher","msg":"published 1 candles to bybit:BANK/USDT:1h"}
{"ts":"2026-07-24 18:59:25,372","level":"INFO","logger":"app.data_engine.redis_publisher","msg":"published 1 candles to bybit:PLAYSOUT/USDT:1h"}
{"ts":"2026-07-24 18:59:25,483","level":"INFO","logger":"app.data_engine.redis_publisher","msg":"published 1 candles to bybit:MU/USDT:1h"}
{"ts":"2026-07-24 18:59:25,933","level":"INFO","logger":"app.data_engine.redis_publisher","msg":"published 1 candles to bybit:HYPE/USDT:1h"}
{"ts":"2026-07-24 18:59:26,003","level":"INFO","logger":"app.data_engine.redis_publisher","msg":"published 1 candles to bybit:SKHY/USDT:1h"}
{"ts":"2026-07-24 18:59:26,054","level":"INFO","logger":"app.data_engine.redis_publisher","msg":"published 1 candles to bybit:BEAT/USDT:1h"}
{"ts":"2026-07-24 18:59:26,179","level":"INFO","logger":"app.data_engine.redis_publisher","msg":"published 1 candles to bybit:KORU/USDT:1h"}
{"ts":"2026-07-24 18:59:26,477","level":"INFO","logger":"app.data_engine.redis_publisher","msg":"published 1 candles to bybit:SKHYNIX/USDT:1h"}
{"ts":"2026-07-24 18:59:26,604","level":"INFO","logger":"app.data_engine.redis_publisher","msg":"published 1 candles to bybit:DOGE/USDT:1h"}
{"ts":"2026-07-24 18:59:26,884","level":"INFO","logger":"app.data_engine.redis_publisher","msg":"published 1 candles to bybit:AERGO/USDT:1h"}
{"ts":"2026-07-24 18:59:26,917","level":"INFO","logger":"app.data_engine.redis_publisher","msg":"published 1 candles to bybit:ZEC/USDT:1h"}
{"ts":"2026-07-24 18:59:27,213","level":"INFO","logger":"app.data_engine.redis_publisher","msg":"published 1 candles to bybit:XAU/USDT:1h"}
{"ts":"2026-07-24 18:59:27,306","level":"INFO","logger":"app.data_engine.redis_publisher","msg":"published 1 candles to bybit:NEAR/USDT:1h"}
{"ts":"2026-07-24 18:59:27,510","level":"INFO","logger":"app.data_engine.redis_publisher","msg":"published 1 candles to bybit:INTC/USDT:1h"}
{"ts":"2026-07-24 18:59:27,609","level":"INFO","logger":"app.data_engine.redis_publisher","msg":"published 1 candles to bybit:VELVET/USDT:1h"}
{"ts":"2026-07-24 18:59:27,937","level":"INFO","logger":"app.data_engine.redis_publisher","msg":"published 1 candles to bybit:CL/USDT:1h"}
{"ts":"2026-07-24 19:00:08,480","level":"INFO","logger":"app.data_engine.redis_publisher","msg":"published 2 candles to bybit:KAITO/USDT:1h"}
{"ts":"2026-07-24 19:00:11,836","level":"INFO","logger":"app.data_engine.redis_publisher","msg":"published 2 candles to bybit:SPCX/USDT:1h"}
{"ts":"2026-07-24 19:00:12,148","level":"INFO","logger":"app.data_engine.redis_publisher","msg":"published 2 candles to bybit:SOXS/USDT:1h"}
{"ts":"2026-07-24 19:00:18,303","level":"INFO","logger":"app.data_engine.redis_publisher","msg":"published 2 candles to bybit:HEMI/USDT:1h"}
{"ts":"2026-07-24 19:00:18,664","level":"INFO","logger":"app.data_engine.redis_publisher","msg":"published 2 candles to bybit:ORDER/USDT:1h"}
{"ts":"2026-07-24 19:00:18,995","level":"INFO","logger":"app.data_engine.redis_publisher","msg":"published 2 candles to bybit:BLESS/USDT:1h"}
{"ts":"2026-07-24 19:00:20,566","level":"INFO","logger":"app.data_engine.redis_publisher","msg":"published 2 candles to bybit:RE/USDT:1h"}
{"ts":"2026-07-24 19:00:21,012","level":"INFO","logger":"app.data_engine.redis_publisher","msg":"published 2 candles to bybit:AKE/USDT:1h"}
{"ts":"2026-07-24 19:00:21,593","level":"INFO","logger":"app.data_engine.redis_publisher","msg":"published 2 candles to bybit:B2/USDT:1h"}
{"ts":"2026-07-24 19:00:21,873","level":"INFO","logger":"app.data_engine.redis_publisher","msg":"published 2 candles to bybit:DEXE/USDT:1h"}
{"ts":"2026-07-24 19:00:22,493","level":"INFO","logger":"app.data_engine.redis_publisher","msg":"published 2 candles to bybit:TOWNS/USDT:1h"}
{"ts":"2026-07-24 19:00:22,925","level":"INFO","logger":"app.data_engine.redis_publisher","msg":"published 2 candles to bybit:CAP/USDT:1h"}
{"ts":"2026-07-24 19:00:23,214","level":"INFO","logger":"app.data_engine.redis_publisher","msg":"published 2 candles to bybit:BEAM/USDT:1h"}
{"ts":"2026-07-24 19:00:23,548","level":"INFO","logger":"app.data_engine.redis_publisher","msg":"published 2 candles to bybit:ESPORTS/USDT:1h"}
{"ts":"2026-07-24 19:00:23,781","level":"INFO","logger":"app.data_engine.redis_publisher","msg":"published 2 candles to bybit:APR/USDT:1h"}
{"ts":"2026-07-24 19:00:24,038","level":"INFO","logger":"app.data_engine.redis_publisher","msg":"published 2 candles to bybit:GWEI/USDT:1h"}
{"ts":"2026-07-24 19:00:24,350","level":"INFO","logger":"app.data_engine.redis_publisher","msg":"published 2 candles to bybit:ACE/USDT:1h"}
{"ts":"2026-07-24 19:00:24,674","level":"INFO","logger":"app.data_engine.redis_publisher","msg":"published 2 candles to bybit:XRP/USDT:1h"}
{"ts":"2026-07-24 19:00:24,960","level":"INFO","logger":"app.data_engine.redis_publisher","msg":"published 2 candles to bybit:SNXX/USDT:1h"}
{"ts":"2026-07-24 19:00:25,259","level":"INFO","logger":"app.data_engine.redis_publisher","msg":"published 2 candles to bybit:SOXL/USDT:1h"}
{"ts":"2026-07-24 19:00:25,359","level":"INFO","logger":"app.data_engine.redis_publisher","msg":"published 2 candles to bybit:BTC/USDT:1h"}
{"ts":"2026-07-24 19:00:25,559","level":"INFO","logger":"app.data_engine.redis_publisher","msg":"published 2 candles to bybit:SOL/USDT:1h"}
{"ts":"2026-07-24 19:00:25,662","level":"INFO","logger":"app.data_engine.redis_publisher","msg":"published 2 candles to bybit:SNDK/USDT:1h"}
{"ts":"2026-07-24 19:00:25,701","level":"INFO","logger":"app.data_engine.redis_publisher","msg":"published 2 candles to bybit:ETH/USDT:1h"}
{"ts":"2026-07-24 19:00:25,862","level":"INFO","logger":"app.data_engine.redis_publisher","msg":"published 2 candles to bybit:PLAYSOUT/USDT:1h"}
{"ts":"2026-07-24 19:00:25,961","level":"INFO","logger":"app.data_engine.redis_publisher","msg":"published 2 candles to bybit:MU/USDT:1h"}
{"ts":"2026-07-24 19:00:25,990","level":"INFO","logger":"app.data_engine.redis_publisher","msg":"published 2 candles to bybit:BANK/USDT:1h"}
{"ts":"2026-07-24 19:00:26,245","level":"INFO","logger":"app.data_engine.redis_publisher","msg":"published 2 candles to bybit:HYPE/USDT:1h"}
{"ts":"2026-07-24 19:00:26,354","level":"INFO","logger":"app.data_engine.redis_publisher","msg":"published 2 candles to bybit:SKHY/USDT:1h"}
{"ts":"2026-07-24 19:00:26,440","level":"INFO","logger":"app.data_engine.redis_publisher","msg":"published 2 candles to bybit:BEAT/USDT:1h"}
{"ts":"2026-07-24 19:00:26,548","level":"INFO","logger":"app.data_engine.redis_publisher","msg":"published 2 candles to bybit:KORU/USDT:1h"}
{"ts":"2026-07-24 19:00:26,778","level":"INFO","logger":"app.data_engine.redis_publisher","msg":"published 2 candles to bybit:SKHYNIX/USDT:1h"}
{"ts":"2026-07-24 19:00:26,915","level":"INFO","logger":"app.data_engine.redis_publisher","msg":"published 2 candles to bybit:DOGE/USDT:1h"}
{"ts":"2026-07-24 19:00:27,191","level":"INFO","logger":"app.data_engine.redis_publisher","msg":"published 2 candles to bybit:AERGO/USDT:1h"}
{"ts":"2026-07-24 19:00:27,292","level":"INFO","logger":"app.data_engine.redis_publisher","msg":"published 2 candles to bybit:ZEC/USDT:1h"}
{"ts":"2026-07-24 19:00:27,522","level":"INFO","logger":"app.data_engine.redis_publisher","msg":"published 2 candles to bybit:XAU/USDT:1h"}
{"ts":"2026-07-24 19:00:27,622","level":"INFO","logger":"app.data_engine.redis_publisher","msg":"published 2 candles to bybit:NEAR/USDT:1h"}
{"ts":"2026-07-24 19:00:27,822","level":"INFO","logger":"app.data_engine.redis_publisher","msg":"published 2 candles to bybit:INTC/USDT:1h"}
{"ts":"2026-07-24 19:00:27,922","level":"INFO","logger":"app.data_engine.redis_publisher","msg":"published 2 candles to bybit:VELVET/USDT:1h"}
{"ts":"2026-07-24 19:00:28,245","level":"INFO","logger":"app.data_engine.redis_publisher","msg":"published 2 candles to bybit:CL/USDT:1h"}
{"ts":"2026-07-24 19:01:09,068","level":"INFO","logger":"app.data_engine.redis_publisher","msg":"published 1 candles to bybit:KAITO/USDT:1h"}
{"ts":"2026-07-24 19:01:12,154","level":"INFO","logger":"app.data_engine.redis_publisher","msg":"published 1 candles to bybit:SPCX/USDT:1h"}
{"ts":"2026-07-24 19:01:12,460","level":"INFO","logger":"app.data_engine.redis_publisher","msg":"published 1 candles to bybit:SOXS/USDT:1h"}
{"ts":"2026-07-24 19:01:18,627","level":"INFO","logger":"app.data_engine.redis_publisher","msg":"published 1 candles to bybit:HEMI/USDT:1h"}
{"ts":"2026-07-24 19:01:18,974","level":"INFO","logger":"app.data_engine.redis_publisher","msg":"published 1 candles to bybit:ORDER/USDT:1h"}
{"ts":"2026-07-24 19:01:19,306","level":"INFO","logger":"app.data_engine.redis_publisher","msg":"published 1 candles to bybit:BLESS/USDT:1h"}
{"ts":"2026-07-24 19:01:20,885","level":"INFO","logger":"app.data_engine.redis_publisher","msg":"published 1 candles to bybit:RE/USDT:1h"}
{"ts":"2026-07-24 19:01:21,339","level":"INFO","logger":"app.data_engine.redis_publisher","msg":"published 1 candles to bybit:AKE/USDT:1h"}
{"ts":"2026-07-24 19:01:21,922","level":"INFO","logger":"app.data_engine.redis_publisher","msg":"published 1 candles to bybit:B2/USDT:1h"}
{"ts":"2026-07-24 19:01:22,192","level":"INFO","logger":"app.data_engine.redis_publisher","msg":"published 1 candles to bybit:DEXE/USDT:1h"}
{"ts":"2026-07-24 19:01:22,810","level":"INFO","logger":"app.data_engine.redis_publisher","msg":"published 1 candles to bybit:TOWNS/USDT:1h"}
{"ts":"2026-07-24 19:01:23,234","level":"INFO","logger":"app.data_engine.redis_publisher","msg":"published 1 candles to bybit:CAP/USDT:1h"}
{"ts":"2026-07-24 19:01:23,524","level":"INFO","logger":"app.data_engine.redis_publisher","msg":"published 1 candles to bybit:BEAM/USDT:1h"}
{"ts":"2026-07-24 19:01:23,860","level":"INFO","logger":"app.data_engine.redis_publisher","msg":"published 1 candles to bybit:ESPORTS/USDT:1h"}
{"ts":"2026-07-24 19:01:24,095","level":"INFO","logger":"app.data_engine.redis_publisher","msg":"published 1 candles to bybit:APR/USDT:1h"}
{"ts":"2026-07-24 19:01:24,351","level":"INFO","logger":"app.data_engine.redis_publisher","msg":"published 1 candles to bybit:GWEI/USDT:1h"}
{"ts":"2026-07-24 19:01:24,657","level":"INFO","logger":"app.data_engine.redis_publisher","msg":"published 1 candles to bybit:ACE/USDT:1h"}
{"ts":"2026-07-24 19:01:24,986","level":"INFO","logger":"app.data_engine.redis_publisher","msg":"published 1 candles to bybit:XRP/USDT:1h"}
{"ts":"2026-07-24 19:01:25,271","level":"INFO","logger":"app.data_engine.redis_publisher","msg":"published 1 candles to bybit:SNXX/USDT:1h"}
{"ts":"2026-07-24 19:01:25,570","level":"INFO","logger":"app.data_engine.redis_publisher","msg":"published 1 candles to bybit:SOXL/USDT:1h"}
{"ts":"2026-07-24 19:01:25,869","level":"INFO","logger":"app.data_engine.redis_publisher","msg":"published 1 candles to bybit:SOL/USDT:1h"}
{"ts":"2026-07-24 19:01:25,903","level":"INFO","logger":"app.data_engine.redis_publisher","msg":"published 1 candles to bybit:BTC/USDT:1h"}
{"ts":"2026-07-24 19:01:26,077","level":"INFO","logger":"app.data_engine.redis_publisher","msg":"published 1 candles to bybit:ETH/USDT:1h"}
{"ts":"2026-07-24 19:01:26,180","level":"INFO","logger":"app.data_engine.redis_publisher","msg":"published 1 candles to bybit:PLAYSOUT/USDT:1h"}
{"ts":"2026-07-24 19:01:26,206","level":"INFO","logger":"app.data_engine.redis_publisher","msg":"published 1 candles to bybit:SNDK/USDT:1h"}
{"ts":"2026-07-24 19:01:26,379","level":"INFO","logger":"app.data_engine.redis_publisher","msg":"published 1 candles to bybit:BANK/USDT:1h"}
{"ts":"2026-07-24 19:01:26,508","level":"INFO","logger":"app.data_engine.redis_publisher","msg":"published 1 candles to bybit:MU/USDT:1h"}
{"ts":"2026-07-24 19:01:26,555","level":"INFO","logger":"app.data_engine.redis_publisher","msg":"published 1 candles to bybit:HYPE/USDT:1h"}
{"ts":"2026-07-24 19:01:26,671","level":"INFO","logger":"app.data_engine.redis_publisher","msg":"published 1 candles to bybit:SKHY/USDT:1h"}
{"ts":"2026-07-24 19:01:26,771","level":"INFO","logger":"app.data_engine.redis_publisher","msg":"published 1 candles to bybit:BEAT/USDT:1h"}
{"ts":"2026-07-24 19:01:26,871","level":"INFO","logger":"app.data_engine.redis_publisher","msg":"published 1 candles to bybit:KORU/USDT:1h"}
{"ts":"2026-07-24 19:01:27,098","level":"INFO","logger":"app.data_engine.redis_publisher","msg":"published 1 candles to bybit:SKHYNIX/USDT:1h"}
{"ts":"2026-07-24 19:01:27,227","level":"INFO","logger":"app.data_engine.redis_publisher","msg":"published 1 candles to bybit:DOGE/USDT:1h"}
{"ts":"2026-07-24 19:01:27,501","level":"INFO","logger":"app.data_engine.redis_publisher","msg":"published 1 candles to bybit:AERGO/USDT:1h"}
{"ts":"2026-07-24 19:01:27,602","level":"INFO","logger":"app.data_engine.redis_publisher","msg":"published 1 candles to bybit:ZEC/USDT:1h"}
{"ts":"2026-07-24 19:01:27,831","level":"INFO","logger":"app.data_engine.redis_publisher","msg":"published 1 candles to bybit:XAU/USDT:1h"}
{"ts":"2026-07-24 19:01:27,935","level":"INFO","logger":"app.data_engine.redis_publisher","msg":"published 1 candles to bybit:NEAR/USDT:1h"}
{"ts":"2026-07-24 19:01:28,135","level":"INFO","logger":"app.data_engine.redis_publisher","msg":"published 1 candles to bybit:INTC/USDT:1h"}
{"ts":"2026-07-24 19:01:28,236","level":"INFO","logger":"app.data_engine.redis_publisher","msg":"published 1 candles to bybit:VELVET/USDT:1h"}
{"ts":"2026-07-24 19:01:28,567","level":"INFO","logger":"app.data_engine.redis_publisher","msg":"published 1 candles to bybit:CL/USDT:1h"}
2026-07-24 19:02:02.121 | INFO     | app.data.universe_scanner:refresh:176 - UniverseScanner: %d candidates above $%.0f volume
2026-07-24 19:02:03.147 | DEBUG    | app.data.universe_scanner:refresh:188 - UniverseScanner: ATR failed for SOXL/USDT
2026-07-24 19:02:03.458 | DEBUG    | app.data.universe_scanner:refresh:188 - UniverseScanner: ATR failed for AKE/USDT
2026-07-24 19:02:03.458 | DEBUG    | app.data.universe_scanner:refresh:188 - UniverseScanner: ATR failed for DEXE/USDT
2026-07-24 19:02:03.767 | DEBUG    | app.data.universe_scanner:refresh:188 - UniverseScanner: ATR failed for BANK/USDT
2026-07-24 19:02:03.767 | DEBUG    | app.data.universe_scanner:refresh:188 - UniverseScanner: ATR failed for SNDK/USDT
2026-07-24 19:02:04.076 | DEBUG    | app.data.universe_scanner:refresh:188 - UniverseScanner: ATR failed for XAU/USDT
2026-07-24 19:02:04.076 | DEBUG    | app.data.universe_scanner:refresh:188 - UniverseScanner: ATR failed for CL/USDT
2026-07-24 19:02:04.076 | DEBUG    | app.data.universe_scanner:refresh:188 - UniverseScanner: ATR failed for MU/USDT
2026-07-24 19:02:04.076 | DEBUG    | app.data.universe_scanner:refresh:188 - UniverseScanner: ATR failed for ZEC/USDT
2026-07-24 19:02:04.076 | DEBUG    | app.data.universe_scanner:refresh:188 - UniverseScanner: ATR failed for ESPORTS/USDT
2026-07-24 19:02:04.387 | DEBUG    | app.data.universe_scanner:refresh:188 - UniverseScanner: ATR failed for SKHYNIX/USDT
2026-07-24 19:02:04.387 | DEBUG    | app.data.universe_scanner:refresh:188 - UniverseScanner: ATR failed for SPCX/USDT
2026-07-24 19:02:04.697 | DEBUG    | app.data.universe_scanner:refresh:188 - UniverseScanner: ATR failed for SKHY/USDT
2026-07-24 19:02:04.697 | DEBUG    | app.data.universe_scanner:refresh:188 - UniverseScanner: ATR failed for INTC/USDT
2026-07-24 19:02:05.327 | DEBUG    | app.data.universe_scanner:refresh:188 - UniverseScanner: ATR failed for RE/USDT
2026-07-24 19:02:05.327 | DEBUG    | app.data.universe_scanner:refresh:188 - UniverseScanner: ATR failed for 1000PEPE/USDT
2026-07-24 19:02:05.636 | DEBUG    | app.data.universe_scanner:refresh:188 - UniverseScanner: ATR failed for BEAT/USDT
2026-07-24 19:02:05.636 | DEBUG    | app.data.universe_scanner:refresh:188 - UniverseScanner: ATR failed for SNXX/USDT
2026-07-24 19:02:05.636 | DEBUG    | app.data.universe_scanner:refresh:188 - UniverseScanner: ATR failed for KORU/USDT
2026-07-24 19:02:05.945 | DEBUG    | app.data.universe_scanner:refresh:188 - UniverseScanner: ATR failed for XAG/USDT
2026-07-24 19:02:06.575 | DEBUG    | app.data.universe_scanner:refresh:188 - UniverseScanner: ATR failed for KAITO/USDT
2026-07-24 19:02:06.884 | DEBUG    | app.data.universe_scanner:refresh:188 - UniverseScanner: ATR failed for CBRS/USDT
2026-07-24 19:02:08.118 | DEBUG    | app.data.universe_scanner:refresh:188 - UniverseScanner: ATR failed for TAO/USDT
2026-07-24 19:02:08.118 | DEBUG    | app.data.universe_scanner:refresh:188 - UniverseScanner: ATR failed for PUMPFUN/USDT
2026-07-24 19:02:08.735 | DEBUG    | app.data.universe_scanner:refresh:188 - UniverseScanner: ATR failed for FARTCOIN/USDT
2026-07-24 19:02:09.364 | DEBUG    | app.data.universe_scanner:refresh:188 - UniverseScanner: ATR failed for EWY/USDT
2026-07-24 19:02:09.364 | DEBUG    | app.data.universe_scanner:refresh:188 - UniverseScanner: ATR failed for INTW/USDT
{"ts":"2026-07-24 19:02:09,604","level":"INFO","logger":"app.data_engine.redis_publisher","msg":"published 1 candles to bybit:KAITO/USDT:1h"}
2026-07-24 19:02:10.294 | DEBUG    | app.data.universe_scanner:refresh:188 - UniverseScanner: ATR failed for VELVET/USDT
2026-07-24 19:02:10.294 | DEBUG    | app.data.universe_scanner:refresh:188 - UniverseScanner: ATR failed for DRAM/USDT
2026-07-24 19:02:10.294 | DEBUG    | app.data.universe_scanner:refresh:188 - UniverseScanner: ATR failed for TSLA/USDT
2026-07-24 19:02:10.605 | DEBUG    | app.data.universe_scanner:refresh:188 - UniverseScanner: ATR failed for ALLO/USDT
2026-07-24 19:02:11.534 | DEBUG    | app.data.universe_scanner:refresh:188 - UniverseScanner: ATR failed for XMR/USDT
2026-07-24 19:02:11.844 | DEBUG    | app.data.universe_scanner:refresh:188 - UniverseScanner: ATR failed for AAL/USDT
{"ts":"2026-07-24 19:02:12,469","level":"INFO","logger":"app.data_engine.redis_publisher","msg":"published 1 candles to bybit:SPCX/USDT:1h"}
2026-07-24 19:02:12.771 | DEBUG    | app.data.universe_scanner:refresh:188 - UniverseScanner: ATR failed for LAB/USDT
{"ts":"2026-07-24 19:02:12,772","level":"INFO","logger":"app.data_engine.redis_publisher","msg":"published 1 candles to bybit:SOXS/USDT:1h"}
2026-07-24 19:02:13.078 | DEBUG    | app.data.universe_scanner:refresh:188 - UniverseScanner: ATR failed for US/USDT
2026-07-24 19:02:13.694 | DEBUG    | app.data.universe_scanner:refresh:188 - UniverseScanner: ATR failed for O/USDT
2026-07-24 19:02:13.694 | DEBUG    | app.data.universe_scanner:refresh:188 - UniverseScanner: ATR failed for MRVL/USDT
2026-07-24 19:02:13.694 | DEBUG    | app.data.universe_scanner:refresh:188 - UniverseScanner: ATR failed for TSEM/USDT
2026-07-24 19:02:14.314 | DEBUG    | app.data.universe_scanner:refresh:188 - UniverseScanner: ATR failed for ACE/USDT
2026-07-24 19:02:14.314 | DEBUG    | app.data.universe_scanner:refresh:188 - UniverseScanner: ATR failed for GWEI/USDT
2026-07-24 19:02:14.314 | DEBUG    | app.data.universe_scanner:refresh:188 - UniverseScanner: ATR failed for 1000BONK/USDT
2026-07-24 19:02:14.314 | DEBUG    | app.data.universe_scanner:refresh:188 - UniverseScanner: ATR failed for GOOGL/USDT
2026-07-24 19:02:14.314 | DEBUG    | app.data.universe_scanner:refresh:188 - UniverseScanner: ATR failed for NBIS/USDT
2026-07-24 19:02:14.935 | DEBUG    | app.data.universe_scanner:refresh:188 - UniverseScanner: ATR failed for MUU/USDT
2026-07-24 19:02:15.243 | DEBUG    | app.data.universe_scanner:refresh:188 - UniverseScanner: ATR failed for CRCL/USDT
2026-07-24 19:02:15.244 | DEBUG    | app.data.universe_scanner:refresh:188 - UniverseScanner: ATR failed for PENGSTOCK/USDT
2026-07-24 19:02:15.554 | DEBUG    | app.data.universe_scanner:refresh:188 - UniverseScanner: ATR failed for SOXS/USDT
2026-07-24 19:02:15.862 | DEBUG    | app.data.universe_scanner:refresh:188 - UniverseScanner: ATR failed for MARA/USDT
2026-07-24 19:02:16.478 | DEBUG    | app.data.universe_scanner:refresh:188 - UniverseScanner: ATR failed for AEHR/USDT
2026-07-24 19:02:16.848 | DEBUG    | app.data.universe_scanner:refresh:188 - UniverseScanner: ATR failed for B2/USDT
2026-07-24 19:02:17.463 | DEBUG    | app.data.universe_scanner:refresh:188 - UniverseScanner: ATR failed for GS/USDT
2026-07-24 19:02:17.774 | DEBUG    | app.data.universe_scanner:refresh:188 - UniverseScanner: ATR failed for MSTR/USDT
2026-07-24 19:02:18.084 | DEBUG    | app.data.universe_scanner:refresh:188 - UniverseScanner: ATR failed for RDW/USDT
2026-07-24 19:02:18.395 | DEBUG    | app.data.universe_scanner:refresh:188 - UniverseScanner: ATR failed for AERGO/USDT
2026-07-24 19:02:18.395 | DEBUG    | app.data.universe_scanner:refresh:188 - UniverseScanner: ATR failed for SHIB1000/USDT
2026-07-24 19:02:18.395 | DEBUG    | app.data.universe_scanner:refresh:188 - UniverseScanner: ATR failed for EVAA/USDT
{"ts":"2026-07-24 19:02:18,937","level":"INFO","logger":"app.data_engine.redis_publisher","msg":"published 1 candles to bybit:HEMI/USDT:1h"}
2026-07-24 19:02:19.012 | DEBUG    | app.data.universe_scanner:refresh:188 - UniverseScanner: ATR failed for APR/USDT
2026-07-24 19:02:19.012 | DEBUG    | app.data.universe_scanner:refresh:188 - UniverseScanner: ATR failed for POET/USDT
{"ts":"2026-07-24 19:02:19,283","level":"INFO","logger":"app.data_engine.redis_publisher","msg":"published 1 candles to bybit:ORDER/USDT:1h"}
{"ts":"2026-07-24 19:02:19,616","level":"INFO","logger":"app.data_engine.redis_publisher","msg":"published 1 candles to bybit:BLESS/USDT:1h"}
2026-07-24 19:02:19.628 | DEBUG    | app.data.universe_scanner:refresh:188 - UniverseScanner: ATR failed for EPIC/USDT
2026-07-24 19:02:19.628 | DEBUG    | app.data.universe_scanner:refresh:188 - UniverseScanner: ATR failed for AXTI/USDT
2026-07-24 19:02:20.560 | DEBUG    | app.data.universe_scanner:refresh:188 - UniverseScanner: ATR failed for XLV/USDT
2026-07-24 19:02:20.867 | DEBUG    | app.data.universe_scanner:refresh:188 - UniverseScanner: ATR failed for IONQ/USDT
{"ts":"2026-07-24 19:02:21,202","level":"INFO","logger":"app.data_engine.redis_publisher","msg":"published 1 candles to bybit:RE/USDT:1h"}
2026-07-24 19:02:21.488 | DEBUG    | app.data.universe_scanner:refresh:188 - UniverseScanner: ATR failed for SAMSUNG/USDT
2026-07-24 19:02:21.488 | DEBUG    | app.data.universe_scanner:refresh:188 - UniverseScanner: ATR failed for AAOI/USDT
{"ts":"2026-07-24 19:02:21,653","level":"INFO","logger":"app.data_engine.redis_publisher","msg":"published 1 candles to bybit:AKE/USDT:1h"}
2026-07-24 19:02:22.105 | DEBUG    | app.data.universe_scanner:refresh:188 - UniverseScanner: ATR failed for AMDSTOCK/USDT
{"ts":"2026-07-24 19:02:22,231","level":"INFO","logger":"app.data_engine.redis_publisher","msg":"published 1 candles to bybit:B2/USDT:1h"}
2026-07-24 19:02:22.415 | DEBUG    | app.data.universe_scanner:refresh:188 - UniverseScanner: ATR failed for XLK/USDT
2026-07-24 19:02:22.415 | DEBUG    | app.data.universe_scanner:refresh:188 - UniverseScanner: ATR failed for APLD/USDT
2026-07-24 19:02:22.415 | DEBUG    | app.data.universe_scanner:refresh:188 - UniverseScanner: ATR failed for UB/USDT
{"ts":"2026-07-24 19:02:22,503","level":"INFO","logger":"app.data_engine.redis_publisher","msg":"published 1 candles to bybit:DEXE/USDT:1h"}
{"ts":"2026-07-24 19:02:23,124","level":"INFO","logger":"app.data_engine.redis_publisher","msg":"published 1 candles to bybit:TOWNS/USDT:1h"}
{"ts":"2026-07-24 19:02:23,542","level":"INFO","logger":"app.data_engine.redis_publisher","msg":"published 1 candles to bybit:CAP/USDT:1h"}
2026-07-24 19:02:23.652 | DEBUG    | app.data.universe_scanner:refresh:188 - UniverseScanner: ATR failed for BZ/USDT
{"ts":"2026-07-24 19:02:23,836","level":"INFO","logger":"app.data_engine.redis_publisher","msg":"published 1 candles to bybit:BEAM/USDT:1h"}
2026-07-24 19:02:23.961 | DEBUG    | app.data.universe_scanner:refresh:188 - UniverseScanner: ATR failed for APPSTOCK/USDT
2026-07-24 19:02:23.961 | DEBUG    | app.data.universe_scanner:refresh:188 - UniverseScanner: ATR failed for TLM/USDT
{"ts":"2026-07-24 19:02:24,174","level":"INFO","logger":"app.data_engine.redis_publisher","msg":"published 1 candles to bybit:ESPORTS/USDT:1h"}
2026-07-24 19:02:24.268 | DEBUG    | app.data.universe_scanner:refresh:188 - UniverseScanner: ATR failed for ONDS/USDT
2026-07-24 19:02:24.268 | DEBUG    | app.data.universe_scanner:refresh:188 - UniverseScanner: ATR failed for WENSTOCK/USDT
2026-07-24 19:02:24.268 | DEBUG    | app.data.universe_scanner:refresh:188 - UniverseScanner: ATR failed for DASH/USDT
{"ts":"2026-07-24 19:02:24,409","level":"INFO","logger":"app.data_engine.redis_publisher","msg":"published 1 candles to bybit:APR/USDT:1h"}
2026-07-24 19:02:24.579 | DEBUG    | app.data.universe_scanner:refresh:188 - UniverseScanner: ATR failed for PAXG/USDT
{"ts":"2026-07-24 19:02:24,659","level":"INFO","logger":"app.data_engine.redis_publisher","msg":"published 1 candles to bybit:GWEI/USDT:1h"}
2026-07-24 19:02:24.892 | DEBUG    | app.data.universe_scanner:refresh:188 - UniverseScanner: ATR failed for BIO/USDT
2026-07-24 19:02:24.892 | DEBUG    | app.data.universe_scanner:refresh:188 - UniverseScanner: ATR failed for QQQ/USDT
2026-07-24 19:02:24.894 | INFO     | app.data.universe_scanner:refresh:232 - UniverseScanner: refreshed — %d symbols, top=%s (score=%.3f)
{"ts":"2026-07-24 19:02:24,966","level":"INFO","logger":"app.data_engine.redis_publisher","msg":"published 1 candles to bybit:ACE/USDT:1h"}
{"ts":"2026-07-24 19:02:25,293","level":"INFO","logger":"app.data_engine.redis_publisher","msg":"published 1 candles to bybit:XRP/USDT:1h"}
{"ts":"2026-07-24 19:02:25,581","level":"INFO","logger":"app.data_engine.redis_publisher","msg":"published 1 candles to bybit:SNXX/USDT:1h"}
{"ts":"2026-07-24 19:02:25,879","level":"INFO","logger":"app.data_engine.redis_publisher","msg":"published 1 candles to bybit:SOXL/USDT:1h"}
{"ts":"2026-07-24 19:02:26,182","level":"INFO","logger":"app.data_engine.redis_publisher","msg":"published 1 candles to bybit:SOL/USDT:1h"}
{"ts":"2026-07-24 19:02:26,500","level":"INFO","logger":"app.data_engine.redis_publisher","msg":"published 1 candles to bybit:PLAYSOUT/USDT:1h"}
{"ts":"2026-07-24 19:02:26,512","level":"INFO","logger":"app.data_engine.redis_publisher","msg":"published 1 candles to bybit:BTC/USDT:1h"}
{"ts":"2026-07-24 19:02:26,614","level":"INFO","logger":"app.data_engine.redis_publisher","msg":"published 1 candles to bybit:ETH/USDT:1h"}
{"ts":"2026-07-24 19:02:26,819","level":"INFO","logger":"app.data_engine.redis_publisher","msg":"published 1 candles to bybit:MU/USDT:1h"}
{"ts":"2026-07-24 19:02:26,826","level":"INFO","logger":"app.data_engine.redis_publisher","msg":"published 1 candles to bybit:SNDK/USDT:1h"}
{"ts":"2026-07-24 19:02:26,918","level":"INFO","logger":"app.data_engine.redis_publisher","msg":"published 1 candles to bybit:HYPE/USDT:1h"}
{"ts":"2026-07-24 19:02:26,925","level":"INFO","logger":"app.data_engine.redis_publisher","msg":"published 1 candles to bybit:BANK/USDT:1h"}
{"ts":"2026-07-24 19:02:27,018","level":"INFO","logger":"app.data_engine.redis_publisher","msg":"published 1 candles to bybit:SKHY/USDT:1h"}
{"ts":"2026-07-24 19:02:27,118","level":"INFO","logger":"app.data_engine.redis_publisher","msg":"published 1 candles to bybit:BEAT/USDT:1h"}
{"ts":"2026-07-24 19:02:27,216","level":"INFO","logger":"app.data_engine.redis_publisher","msg":"published 1 candles to bybit:KORU/USDT:1h"}
{"ts":"2026-07-24 19:02:27,410","level":"INFO","logger":"app.data_engine.redis_publisher","msg":"published 1 candles to bybit:SKHYNIX/USDT:1h"}
{"ts":"2026-07-24 19:02:27,538","level":"INFO","logger":"app.data_engine.redis_publisher","msg":"published 1 candles to bybit:DOGE/USDT:1h"}
{"ts":"2026-07-24 19:02:27,814","level":"INFO","logger":"app.data_engine.redis_publisher","msg":"published 1 candles to bybit:AERGO/USDT:1h"}
{"ts":"2026-07-24 19:02:27,913","level":"INFO","logger":"app.data_engine.redis_publisher","msg":"published 1 candles to bybit:ZEC/USDT:1h"}
{"ts":"2026-07-24 19:02:28,140","level":"INFO","logger":"app.data_engine.redis_publisher","msg":"published 1 candles to bybit:XAU/USDT:1h"}
{"ts":"2026-07-24 19:02:28,243","level":"INFO","logger":"app.data_engine.redis_publisher","msg":"published 1 candles to bybit:NEAR/USDT:1h"}
{"ts":"2026-07-24 19:02:28,451","level":"INFO","logger":"app.data_engine.redis_publisher","msg":"published 1 candles to bybit:INTC/USDT:1h"}
{"ts":"2026-07-24 19:02:28,550","level":"INFO","logger":"app.data_engine.redis_publisher","msg":"published 1 candles to bybit:VELVET/USDT:1h"}
{"ts":"2026-07-24 19:02:28,876","level":"INFO","logger":"app.data_engine.redis_publisher","msg":"published 1 candles to bybit:CL/USDT:1h"}
{"ts":"2026-07-24 19:03:10,140","level":"INFO","logger":"app.data_engine.redis_publisher","msg":"published 1 candles to bybit:KAITO/USDT:1h"}
{"ts":"2026-07-24 19:03:12,785","level":"INFO","logger":"app.data_engine.redis_publisher","msg":"published 1 candles to bybit:SPCX/USDT:1h"}
{"ts":"2026-07-24 19:03:13,084","level":"INFO","logger":"app.data_engine.redis_publisher","msg":"published 1 candles to bybit:SOXS/USDT:1h"}
{"ts":"2026-07-24 19:03:19,244","level":"INFO","logger":"app.data_engine.redis_publisher","msg":"published 1 candles to bybit:HEMI/USDT:1h"}
{"ts":"2026-07-24 19:03:19,593","level":"INFO","logger":"app.data_engine.redis_publisher","msg":"published 1 candles to bybit:ORDER/USDT:1h"}
{"ts":"2026-07-24 19:03:19,925","level":"INFO","logger":"app.data_engine.redis_publisher","msg":"published 1 candles to bybit:BLESS/USDT:1h"}
{"ts":"2026-07-24 19:03:21,528","level":"INFO","logger":"app.data_engine.redis_publisher","msg":"published 1 candles to bybit:RE/USDT:1h"}
{"ts":"2026-07-24 19:03:21,962","level":"INFO","logger":"app.data_engine.redis_publisher","msg":"published 1 candles to bybit:AKE/USDT:1h"}
{"ts":"2026-07-24 19:03:22,545","level":"INFO","logger":"app.data_engine.redis_publisher","msg":"published 1 candles to bybit:B2/USDT:1h"}
{"ts":"2026-07-24 19:03:22,813","level":"INFO","logger":"app.data_engine.redis_publisher","msg":"published 1 candles to bybit:DEXE/USDT:1h"}
{"ts":"2026-07-24 19:03:23,434","level":"INFO","logger":"app.data_engine.redis_publisher","msg":"published 1 candles to bybit:TOWNS/USDT:1h"}
{"ts":"2026-07-24 19:03:23,849","level":"INFO","logger":"app.data_engine.redis_publisher","msg":"published 1 candles to bybit:CAP/USDT:1h"}
{"ts":"2026-07-24 19:03:24,147","level":"INFO","logger":"app.data_engine.redis_publisher","msg":"published 1 candles to bybit:BEAM/USDT:1h"}
{"ts":"2026-07-24 19:03:24,485","level":"INFO","logger":"app.data_engine.redis_publisher","msg":"published 1 candles to bybit:ESPORTS/USDT:1h"}
{"ts":"2026-07-24 19:03:24,716","level":"INFO","logger":"app.data_engine.redis_publisher","msg":"published 1 candles to bybit:APR/USDT:1h"}
{"ts":"2026-07-24 19:03:24,967","level":"INFO","logger":"app.data_engine.redis_publisher","msg":"published 1 candles to bybit:GWEI/USDT:1h"}
{"ts":"2026-07-24 19:03:25,277","level":"INFO","logger":"app.data_engine.redis_publisher","msg":"published 1 candles to bybit:ACE/USDT:1h"}
{"ts":"2026-07-24 19:03:25,605","level":"INFO","logger":"app.data_engine.redis_publisher","msg":"published 1 candles to bybit:XRP/USDT:1h"}
{"ts":"2026-07-24 19:03:25,890","level":"INFO","logger":"app.data_engine.redis_publisher","msg":"published 1 candles to bybit:SNXX/USDT:1h"}
{"ts":"2026-07-24 19:03:26,187","level":"INFO","logger":"app.data_engine.redis_publisher","msg":"published 1 candles to bybit:SOXL/USDT:1h"}
{"ts":"2026-07-24 19:03:26,504","level":"INFO","logger":"app.data_engine.redis_publisher","msg":"published 1 candles to bybit:SOL/USDT:1h"}
{"ts":"2026-07-24 19:03:26,809","level":"INFO","logger":"app.data_engine.redis_publisher","msg":"published 1 candles to bybit:PLAYSOUT/USDT:1h"}
{"ts":"2026-07-24 19:03:27,131","level":"INFO","logger":"app.data_engine.redis_publisher","msg":"published 1 candles to bybit:MU/USDT:1h"}
{"ts":"2026-07-24 19:03:27,137","level":"INFO","logger":"app.data_engine.redis_publisher","msg":"published 1 candles to bybit:BTC/USDT:1h"}
{"ts":"2026-07-24 19:03:27,236","level":"INFO","logger":"app.data_engine.redis_publisher","msg":"published 1 candles to bybit:ETH/USDT:1h"}
{"ts":"2026-07-24 19:03:27,432","level":"INFO","logger":"app.data_engine.redis_publisher","msg":"published 1 candles to bybit:BANK/USDT:1h"}
{"ts":"2026-07-24 19:03:27,455","level":"INFO","logger":"app.data_engine.redis_publisher","msg":"published 1 candles to bybit:SNDK/USDT:1h"}
{"ts":"2026-07-24 19:03:27,532","level":"INFO","logger":"app.data_engine.redis_publisher","msg":"published 1 candles to bybit:SKHY/USDT:1h"}
{"ts":"2026-07-24 19:03:27,555","level":"INFO","logger":"app.data_engine.redis_publisher","msg":"published 1 candles to bybit:HYPE/USDT:1h"}
{"ts":"2026-07-24 19:03:27,634","level":"INFO","logger":"app.data_engine.redis_publisher","msg":"published 1 candles to bybit:BEAT/USDT:1h"}
{"ts":"2026-07-24 19:03:27,732","level":"INFO","logger":"app.data_engine.redis_publisher","msg":"published 1 candles to bybit:KORU/USDT:1h"}
{"ts":"2026-07-24 19:03:27,829","level":"INFO","logger":"app.data_engine.redis_publisher","msg":"published 1 candles to bybit:SKHYNIX/USDT:1h"}
{"ts":"2026-07-24 19:03:27,932","level":"INFO","logger":"app.data_engine.redis_publisher","msg":"published 1 candles to bybit:DOGE/USDT:1h"}
{"ts":"2026-07-24 19:03:28,125","level":"INFO","logger":"app.data_engine.redis_publisher","msg":"published 1 candles to bybit:AERGO/USDT:1h"}
{"ts":"2026-07-24 19:03:28,226","level":"INFO","logger":"app.data_engine.redis_publisher","msg":"published 1 candles to bybit:ZEC/USDT:1h"}
{"ts":"2026-07-24 19:03:28,455","level":"INFO","logger":"app.data_engine.redis_publisher","msg":"published 1 candles to bybit:XAU/USDT:1h"}
{"ts":"2026-07-24 19:03:28,550","level":"INFO","logger":"app.data_engine.redis_publisher","msg":"published 1 candles to bybit:NEAR/USDT:1h"}
{"ts":"2026-07-24 19:03:28,763","level":"INFO","logger":"app.data_engine.redis_publisher","msg":"published 1 candles to bybit:INTC/USDT:1h"}
{"ts":"2026-07-24 19:03:28,863","level":"INFO","logger":"app.data_engine.redis_publisher","msg":"published 1 candles to bybit:VELVET/USDT:1h"}
{"ts":"2026-07-24 19:03:29,184","level":"INFO","logger":"app.data_engine.redis_publisher","msg":"published 1 candles to bybit:CL/USDT:1h"}
{"ts":"2026-07-24 19:04:11,024","level":"INFO","logger":"app.data_engine.redis_publisher","msg":"published 1 candles to bybit:KAITO/USDT:1h"}
{"ts":"2026-07-24 19:04:13,096","level":"INFO","logger":"app.data_engine.redis_publisher","msg":"published 1 candles to bybit:SPCX/USDT:1h"}
{"ts":"2026-07-24 19:04:13,394","level":"INFO","logger":"app.data_engine.redis_publisher","msg":"published 1 candles to bybit:SOXS/USDT:1h"}
2026-07-24 19:04:18.591 | INFO     | app.data.ohlcv_fetcher:fetch:62 - OHLCV fetched: BTC/USDT 1h 200 candles
{"ts":"2026-07-24 19:04:19,555","level":"INFO","logger":"app.data_engine.redis_publisher","msg":"published 1 candles to bybit:HEMI/USDT:1h"}
{"ts":"2026-07-24 19:04:19,908","level":"INFO","logger":"app.data_engine.redis_publisher","msg":"published 1 candles to bybit:ORDER/USDT:1h"}
{"ts":"2026-07-24 19:04:20,232","level":"INFO","logger":"app.data_engine.redis_publisher","msg":"published 1 candles to bybit:BLESS/USDT:1h"}
{"ts":"2026-07-24 19:04:21,840","level":"INFO","logger":"app.data_engine.redis_publisher","msg":"published 1 candles to bybit:RE/USDT:1h"}
{"ts":"2026-07-24 19:04:22,277","level":"INFO","logger":"app.data_engine.redis_publisher","msg":"published 1 candles to bybit:AKE/USDT:1h"}
{"ts":"2026-07-24 19:04:22,862","level":"INFO","logger":"app.data_engine.redis_publisher","msg":"published 1 candles to bybit:B2/USDT:1h"}
{"ts":"2026-07-24 19:04:23,130","level":"INFO","logger":"app.data_engine.redis_publisher","msg":"published 1 candles to bybit:DEXE/USDT:1h"}
{"ts":"2026-07-24 19:04:23,742","level":"INFO","logger":"app.data_engine.redis_publisher","msg":"published 1 candles to bybit:TOWNS/USDT:1h"}
{"ts":"2026-07-24 19:04:24,159","level":"INFO","logger":"app.data_engine.redis_publisher","msg":"published 1 candles to bybit:CAP/USDT:1h"}
{"ts":"2026-07-24 19:04:24,456","level":"INFO","logger":"app.data_engine.redis_publisher","msg":"published 1 candles to bybit:BEAM/USDT:1h"}
{"ts":"2026-07-24 19:04:24,796","level":"INFO","logger":"app.data_engine.redis_publisher","msg":"published 1 candles to bybit:ESPORTS/USDT:1h"}
{"ts":"2026-07-24 19:04:25,039","level":"INFO","logger":"app.data_engine.redis_publisher","msg":"published 1 candles to bybit:APR/USDT:1h"}
{"ts":"2026-07-24 19:04:25,275","level":"INFO","logger":"app.data_engine.redis_publisher","msg":"published 1 candles to bybit:GWEI/USDT:1h"}
{"ts":"2026-07-24 19:04:25,587","level":"INFO","logger":"app.data_engine.redis_publisher","msg":"published 1 candles to bybit:ACE/USDT:1h"}
{"ts":"2026-07-24 19:04:25,915","level":"INFO","logger":"app.data_engine.redis_publisher","msg":"published 1 candles to bybit:XRP/USDT:1h"}
{"ts":"2026-07-24 19:04:26,211","level":"INFO","logger":"app.data_engine.redis_publisher","msg":"published 1 candles to bybit:SNXX/USDT:1h"}
{"ts":"2026-07-24 19:04:26,497","level":"INFO","logger":"app.data_engine.redis_publisher","msg":"published 1 candles to bybit:SOXL/USDT:1h"}
{"ts":"2026-07-24 19:04:26,824","level":"INFO","logger":"app.data_engine.redis_publisher","msg":"published 1 candles to bybit:SOL/USDT:1h"}
{"ts":"2026-07-24 19:04:27,116","level":"INFO","logger":"app.data_engine.redis_publisher","msg":"published 1 candles to bybit:PLAYSOUT/USDT:1h"}
{"ts":"2026-07-24 19:04:27,451","level":"INFO","logger":"app.data_engine.redis_publisher","msg":"published 1 candles to bybit:MU/USDT:1h"}
{"ts":"2026-07-24 19:04:27,743","level":"INFO","logger":"app.data_engine.redis_publisher","msg":"published 1 candles to bybit:BANK/USDT:1h"}
{"ts":"2026-07-24 19:04:27,777","level":"INFO","logger":"app.data_engine.redis_publisher","msg":"published 1 candles to bybit:BTC/USDT:1h"}
{"ts":"2026-07-24 19:04:27,867","level":"INFO","logger":"app.data_engine.redis_publisher","msg":"published 1 candles to bybit:ETH/USDT:1h"}
{"ts":"2026-07-24 19:04:28,041","level":"INFO","logger":"app.data_engine.redis_publisher","msg":"published 1 candles to bybit:HYPE/USDT:1h"}
{"ts":"2026-07-24 19:04:28,067","level":"INFO","logger":"app.data_engine.redis_publisher","msg":"published 1 candles to bybit:SNDK/USDT:1h"}
{"ts":"2026-07-24 19:04:28,141","level":"INFO","logger":"app.data_engine.redis_publisher","msg":"published 1 candles to bybit:BEAT/USDT:1h"}
{"ts":"2026-07-24 19:04:28,169","level":"INFO","logger":"app.data_engine.redis_publisher","msg":"published 1 candles to bybit:SKHY/USDT:1h"}
{"ts":"2026-07-24 19:04:28,244","level":"INFO","logger":"app.data_engine.redis_publisher","msg":"published 1 candles to bybit:KORU/USDT:1h"}
{"ts":"2026-07-24 19:04:28,342","level":"INFO","logger":"app.data_engine.redis_publisher","msg":"published 1 candles to bybit:SKHYNIX/USDT:1h"}
{"ts":"2026-07-24 19:04:28,441","level":"INFO","logger":"app.data_engine.redis_publisher","msg":"published 1 candles to bybit:DOGE/USDT:1h"}
{"ts":"2026-07-24 19:04:28,548","level":"INFO","logger":"app.data_engine.redis_publisher","msg":"published 1 candles to bybit:AERGO/USDT:1h"}
{"ts":"2026-07-24 19:04:28,653","level":"INFO","logger":"app.data_engine.redis_publisher","msg":"published 1 candles to bybit:ZEC/USDT:1h"}
{"ts":"2026-07-24 19:04:28,766","level":"INFO","logger":"app.data_engine.redis_publisher","msg":"published 1 candles to bybit:XAU/USDT:1h"}
{"ts":"2026-07-24 19:04:28,864","level":"INFO","logger":"app.data_engine.redis_publisher","msg":"published 1 candles to bybit:NEAR/USDT:1h"}
{"ts":"2026-07-24 19:04:29,080","level":"INFO","logger":"app.data_engine.redis_publisher","msg":"published 1 candles to bybit:INTC/USDT:1h"}
{"ts":"2026-07-24 19:04:29,177","level":"INFO","logger":"app.data_engine.redis_publisher","msg":"published 1 candles to bybit:VELVET/USDT:1h"}
{"ts":"2026-07-24 19:04:29,508","level":"INFO","logger":"app.data_engine.redis_publisher","msg":"published 1 candles to bybit:CL/USDT:1h"}
{"ts":"2026-07-24 19:05:06,161","level":"INFO","logger":"app.data_engine.exchange_connector","msg":"fetched 252 candles for INTW/USDT 1h (90 days)"}
{"ts":"2026-07-24 19:05:06,488","level":"INFO","logger":"app.data_engine.redis_publisher","msg":"published 10 candles to bybit:INTW/USDT:1h"}
{"ts":"2026-07-24 19:05:11,334","level":"INFO","logger":"app.data_engine.redis_publisher","msg":"published 1 candles to bybit:KAITO/USDT:1h"}
{"ts":"2026-07-24 19:05:13,711","level":"INFO","logger":"app.data_engine.redis_publisher","msg":"published 1 candles to bybit:SOXS/USDT:1h"}
{"ts":"2026-07-24 19:05:19,869","level":"INFO","logger":"app.data_engine.redis_publisher","msg":"published 1 candles to bybit:HEMI/USDT:1h"}
{"ts":"2026-07-24 19:05:20,220","level":"INFO","logger":"app.data_engine.redis_publisher","msg":"published 1 candles to bybit:ORDER/USDT:1h"}
{"ts":"2026-07-24 19:05:20,543","level":"INFO","logger":"app.data_engine.redis_publisher","msg":"published 1 candles to bybit:BLESS/USDT:1h"}
{"ts":"2026-07-24 19:05:22,176","level":"INFO","logger":"app.data_engine.redis_publisher","msg":"published 1 candles to bybit:RE/USDT:1h"}
{"ts":"2026-07-24 19:05:22,587","level":"INFO","logger":"app.data_engine.redis_publisher","msg":"published 1 candles to bybit:AKE/USDT:1h"}
{"ts":"2026-07-24 19:05:23,171","level":"INFO","logger":"app.data_engine.redis_publisher","msg":"published 1 candles to bybit:B2/USDT:1h"}
{"ts":"2026-07-24 19:05:23,445","level":"INFO","logger":"app.data_engine.redis_publisher","msg":"published 1 candles to bybit:DEXE/USDT:1h"}
{"ts":"2026-07-24 19:05:24,051","level":"INFO","logger":"app.data_engine.redis_publisher","msg":"published 1 candles to bybit:TOWNS/USDT:1h"}
{"ts":"2026-07-24 19:05:24,468","level":"INFO","logger":"app.data_engine.redis_publisher","msg":"published 1 candles to bybit:CAP/USDT:1h"}
{"ts":"2026-07-24 19:05:24,765","level":"INFO","logger":"app.data_engine.redis_publisher","msg":"published 1 candles to bybit:BEAM/USDT:1h"}
{"ts":"2026-07-24 19:05:25,109","level":"INFO","logger":"app.data_engine.redis_publisher","msg":"published 1 candles to bybit:ESPORTS/USDT:1h"}
{"ts":"2026-07-24 19:05:25,354","level":"INFO","logger":"app.data_engine.redis_publisher","msg":"published 1 candles to bybit:APR/USDT:1h"}
{"ts":"2026-07-24 19:05:25,584","level":"INFO","logger":"app.data_engine.redis_publisher","msg":"published 1 candles to bybit:GWEI/USDT:1h"}
{"ts":"2026-07-24 19:05:25,898","level":"INFO","logger":"app.data_engine.redis_publisher","msg":"published 1 candles to bybit:ACE/USDT:1h"}
{"ts":"2026-07-24 19:05:26,228","level":"INFO","logger":"app.data_engine.redis_publisher","msg":"published 1 candles to bybit:XRP/USDT:1h"}
{"ts":"2026-07-24 19:05:26,523","level":"INFO","logger":"app.data_engine.redis_publisher","msg":"published 1 candles to bybit:SNXX/USDT:1h"}
{"ts":"2026-07-24 19:05:26,806","level":"INFO","logger":"app.data_engine.redis_publisher","msg":"published 1 candles to bybit:SOXL/USDT:1h"}
{"ts":"2026-07-24 19:05:27,133","level":"INFO","logger":"app.data_engine.redis_publisher","msg":"published 1 candles to bybit:SOL/USDT:1h"}
{"ts":"2026-07-24 19:05:27,431","level":"INFO","logger":"app.data_engine.redis_publisher","msg":"published 1 candles to bybit:PLAYSOUT/USDT:1h"}
{"ts":"2026-07-24 19:05:27,766","level":"INFO","logger":"app.data_engine.redis_publisher","msg":"published 1 candles to bybit:MU/USDT:1h"}
{"ts":"2026-07-24 19:05:28,057","level":"INFO","logger":"app.data_engine.redis_publisher","msg":"published 1 candles to bybit:BANK/USDT:1h"}
{"ts":"2026-07-24 19:05:28,354","level":"INFO","logger":"app.data_engine.redis_publisher","msg":"published 1 candles to bybit:HYPE/USDT:1h"}
{"ts":"2026-07-24 19:05:28,383","level":"INFO","logger":"app.data_engine.redis_publisher","msg":"published 1 candles to bybit:BTC/USDT:1h"}
{"ts":"2026-07-24 19:05:28,482","level":"INFO","logger":"app.data_engine.redis_publisher","msg":"published 1 candles to bybit:ETH/USDT:1h"}
{"ts":"2026-07-24 19:05:28,657","level":"INFO","logger":"app.data_engine.redis_publisher","msg":"published 1 candles to bybit:SKHY/USDT:1h"}
{"ts":"2026-07-24 19:05:28,761","level":"INFO","logger":"app.data_engine.redis_publisher","msg":"published 1 candles to bybit:KORU/USDT:1h"}
{"ts":"2026-07-24 19:05:28,785","level":"INFO","logger":"app.data_engine.redis_publisher","msg":"published 1 candles to bybit:BEAT/USDT:1h"}
{"ts":"2026-07-24 19:05:28,855","level":"INFO","logger":"app.data_engine.redis_publisher","msg":"published 1 candles to bybit:SKHYNIX/USDT:1h"}
{"ts":"2026-07-24 19:05:28,864","level":"INFO","logger":"app.data_engine.redis_publisher","msg":"published 1 candles to bybit:SNDK/USDT:1h"}
{"ts":"2026-07-24 19:05:28,954","level":"INFO","logger":"app.data_engine.redis_publisher","msg":"published 1 candles to bybit:DOGE/USDT:1h"}
{"ts":"2026-07-24 19:05:29,056","level":"INFO","logger":"app.data_engine.redis_publisher","msg":"published 1 candles to bybit:AERGO/USDT:1h"}
{"ts":"2026-07-24 19:05:29,155","level":"INFO","logger":"app.data_engine.redis_publisher","msg":"published 1 candles to bybit:ZEC/USDT:1h"}
{"ts":"2026-07-24 19:05:29,255","level":"INFO","logger":"app.data_engine.redis_publisher","msg":"published 1 candles to bybit:XAU/USDT:1h"}
{"ts":"2026-07-24 19:05:29,359","level":"INFO","logger":"app.data_engine.redis_publisher","msg":"published 1 candles to bybit:NEAR/USDT:1h"}
{"ts":"2026-07-24 19:05:29,457","level":"INFO","logger":"app.data_engine.redis_publisher","msg":"published 1 candles to bybit:INTC/USDT:1h"}
{"ts":"2026-07-24 19:05:29,554","level":"INFO","logger":"app.data_engine.redis_publisher","msg":"published 1 candles to bybit:VELVET/USDT:1h"}
{"ts":"2026-07-24 19:05:29,825","level":"INFO","logger":"app.data_engine.redis_publisher","msg":"published 1 candles to bybit:CL/USDT:1h"}
{"ts":"2026-07-24 19:06:07,029","level":"INFO","logger":"app.data_engine.redis_publisher","msg":"published 1 candles to bybit:INTW/USDT:1h"}
{"ts":"2026-07-24 19:06:11,645","level":"INFO","logger":"app.data_engine.redis_publisher","msg":"published 1 candles to bybit:KAITO/USDT:1h"}
{"ts":"2026-07-24 19:06:14,022","level":"INFO","logger":"app.data_engine.redis_publisher","msg":"published 1 candles to bybit:SOXS/USDT:1h"}
{"ts":"2026-07-24 19:06:20,178","level":"INFO","logger":"app.data_engine.redis_publisher","msg":"published 1 candles to bybit:HEMI/USDT:1h"}
{"ts":"2026-07-24 19:06:20,532","level":"INFO","logger":"app.data_engine.redis_publisher","msg":"published 1 candles to bybit:ORDER/USDT:1h"}
{"ts":"2026-07-24 19:06:20,857","level":"INFO","logger":"app.data_engine.redis_publisher","msg":"published 1 candles to bybit:BLESS/USDT:1h"}
{"ts":"2026-07-24 19:06:22,487","level":"INFO","logger":"app.data_engine.redis_publisher","msg":"published 1 candles to bybit:RE/USDT:1h"}
{"ts":"2026-07-24 19:06:22,897","level":"INFO","logger":"app.data_engine.redis_publisher","msg":"published 1 candles to bybit:AKE/USDT:1h"}
{"ts":"2026-07-24 19:06:23,480","level":"INFO","logger":"app.data_engine.redis_publisher","msg":"published 1 candles to bybit:B2/USDT:1h"}
{"ts":"2026-07-24 19:06:23,754","level":"INFO","logger":"app.data_engine.redis_publisher","msg":"published 1 candles to bybit:DEXE/USDT:1h"}
{"ts":"2026-07-24 19:06:24,545","level":"INFO","logger":"app.data_engine.redis_publisher","msg":"published 1 candles to bybit:TOWNS/USDT:1h"}
{"ts":"2026-07-24 19:06:24,962","level":"INFO","logger":"app.data_engine.redis_publisher","msg":"published 1 candles to bybit:CAP/USDT:1h"}
{"ts":"2026-07-24 19:06:25,304","level":"INFO","logger":"app.data_engine.redis_publisher","msg":"published 1 candles to bybit:BEAM/USDT:1h"}
{"ts":"2026-07-24 19:06:25,423","level":"INFO","logger":"app.data_engine.redis_publisher","msg":"published 1 candles to bybit:ESPORTS/USDT:1h"}
{"ts":"2026-07-24 19:06:25,667","level":"INFO","logger":"app.data_engine.redis_publisher","msg":"published 1 candles to bybit:APR/USDT:1h"}
{"ts":"2026-07-24 19:06:25,891","level":"INFO","logger":"app.data_engine.redis_publisher","msg":"published 1 candles to bybit:GWEI/USDT:1h"}
{"ts":"2026-07-24 19:06:26,210","level":"INFO","logger":"app.data_engine.redis_publisher","msg":"published 1 candles to bybit:ACE/USDT:1h"}
{"ts":"2026-07-24 19:06:26,536","level":"INFO","logger":"app.data_engine.redis_publisher","msg":"published 1 candles to bybit:XRP/USDT:1h"}
{"ts":"2026-07-24 19:06:26,834","level":"INFO","logger":"app.data_engine.redis_publisher","msg":"published 1 candles to bybit:SNXX/USDT:1h"}
{"ts":"2026-07-24 19:06:27,115","level":"INFO","logger":"app.data_engine.redis_publisher","msg":"published 1 candles to bybit:SOXL/USDT:1h"}
{"ts":"2026-07-24 19:06:27,444","level":"INFO","logger":"app.data_engine.redis_publisher","msg":"published 1 candles to bybit:SOL/USDT:1h"}
{"ts":"2026-07-24 19:06:27,746","level":"INFO","logger":"app.data_engine.redis_publisher","msg":"published 1 candles to bybit:PLAYSOUT/USDT:1h"}
{"ts":"2026-07-24 19:06:28,076","level":"INFO","logger":"app.data_engine.redis_publisher","msg":"published 1 candles to bybit:MU/USDT:1h"}
{"ts":"2026-07-24 19:06:28,563","level":"INFO","logger":"app.data_engine.redis_publisher","msg":"published 1 candles to bybit:BANK/USDT:1h"}
{"ts":"2026-07-24 19:06:28,777","level":"INFO","logger":"app.data_engine.redis_publisher","msg":"published 1 candles to bybit:BTC/USDT:1h"}
{"ts":"2026-07-24 19:06:28,808","level":"INFO","logger":"app.data_engine.redis_publisher","msg":"published 1 candles to bybit:HYPE/USDT:1h"}
{"ts":"2026-07-24 19:06:29,071","level":"INFO","logger":"app.data_engine.redis_publisher","msg":"published 1 candles to bybit:KORU/USDT:1h"}
{"ts":"2026-07-24 19:06:29,173","level":"INFO","logger":"app.data_engine.redis_publisher","msg":"published 1 candles to bybit:BEAT/USDT:1h"}
{"ts":"2026-07-24 19:06:29,193","level":"INFO","logger":"app.data_engine.redis_publisher","msg":"published 1 candles to bybit:SKHY/USDT:1h"}
{"ts":"2026-07-24 19:06:29,276","level":"INFO","logger":"app.data_engine.redis_publisher","msg":"published 1 candles to bybit:ETH/USDT:1h"}
{"ts":"2026-07-24 19:06:29,387","level":"INFO","logger":"app.data_engine.redis_publisher","msg":"published 1 candles to bybit:SNDK/USDT:1h"}
{"ts":"2026-07-24 19:06:29,471","level":"INFO","logger":"app.data_engine.redis_publisher","msg":"published 1 candles to bybit:DOGE/USDT:1h"}
{"ts":"2026-07-24 19:06:29,499","level":"INFO","logger":"app.data_engine.redis_publisher","msg":"published 1 candles to bybit:SKHYNIX/USDT:1h"}
{"ts":"2026-07-24 19:06:29,571","level":"INFO","logger":"app.data_engine.redis_publisher","msg":"published 1 candles to bybit:AERGO/USDT:1h"}
{"ts":"2026-07-24 19:06:29,673","level":"INFO","logger":"app.data_engine.redis_publisher","msg":"published 1 candles to bybit:ZEC/USDT:1h"}
{"ts":"2026-07-24 19:06:29,803","level":"INFO","logger":"app.data_engine.redis_publisher","msg":"published 1 candles to bybit:XAU/USDT:1h"}
{"ts":"2026-07-24 19:06:29,873","level":"INFO","logger":"app.data_engine.redis_publisher","msg":"published 1 candles to bybit:NEAR/USDT:1h"}
{"ts":"2026-07-24 19:06:29,973","level":"INFO","logger":"app.data_engine.redis_publisher","msg":"published 1 candles to bybit:INTC/USDT:1h"}
{"ts":"2026-07-24 19:06:30,072","level":"INFO","logger":"app.data_engine.redis_publisher","msg":"published 1 candles to bybit:VELVET/USDT:1h"}
{"ts":"2026-07-24 19:06:30,171","level":"INFO","logger":"app.data_engine.redis_publisher","msg":"published 1 candles to bybit:CL/USDT:1h"}
{"ts":"2026-07-24 19:07:07,918","level":"INFO","logger":"app.data_engine.redis_publisher","msg":"published 1 candles to bybit:INTW/USDT:1h"}
{"ts":"2026-07-24 19:07:11,955","level":"INFO","logger":"app.data_engine.redis_publisher","msg":"published 1 candles to bybit:KAITO/USDT:1h"}
{"ts":"2026-07-24 19:07:14,338","level":"INFO","logger":"app.data_engine.redis_publisher","msg":"published 1 candles to bybit:SOXS/USDT:1h"}
{"ts":"2026-07-24 19:07:20,488","level":"INFO","logger":"app.data_engine.redis_publisher","msg":"published 1 candles to bybit:HEMI/USDT:1h"}
{"ts":"2026-07-24 19:07:20,844","level":"INFO","logger":"app.data_engine.redis_publisher","msg":"published 1 candles to bybit:ORDER/USDT:1h"}
{"ts":"2026-07-24 19:07:21,168","level":"INFO","logger":"app.data_engine.redis_publisher","msg":"published 1 candles to bybit:BLESS/USDT:1h"}
{"ts":"2026-07-24 19:07:22,800","level":"INFO","logger":"app.data_engine.redis_publisher","msg":"published 1 candles to bybit:RE/USDT:1h"}
{"ts":"2026-07-24 19:07:23,207","level":"INFO","logger":"app.data_engine.redis_publisher","msg":"published 1 candles to bybit:AKE/USDT:1h"}
{"ts":"2026-07-24 19:07:23,976","level":"INFO","logger":"app.data_engine.redis_publisher","msg":"published 1 candles to bybit:B2/USDT:1h"}
{"ts":"2026-07-24 19:07:24,291","level":"INFO","logger":"app.data_engine.redis_publisher","msg":"published 1 candles to bybit:DEXE/USDT:1h"}
{"ts":"2026-07-24 19:07:24,852","level":"INFO","logger":"app.data_engine.redis_publisher","msg":"published 1 candles to bybit:TOWNS/USDT:1h"}
{"ts":"2026-07-24 19:07:25,275","level":"INFO","logger":"app.data_engine.redis_publisher","msg":"published 1 candles to bybit:CAP/USDT:1h"}
{"ts":"2026-07-24 19:07:25,736","level":"INFO","logger":"app.data_engine.redis_publisher","msg":"published 1 candles to bybit:ESPORTS/USDT:1h"}
{"ts":"2026-07-24 19:07:25,801","level":"INFO","logger":"app.data_engine.redis_publisher","msg":"published 1 candles to bybit:BEAM/USDT:1h"}
{"ts":"2026-07-24 19:07:25,979","level":"INFO","logger":"app.data_engine.redis_publisher","msg":"published 1 candles to bybit:APR/USDT:1h"}
{"ts":"2026-07-24 19:07:26,198","level":"INFO","logger":"app.data_engine.redis_publisher","msg":"published 1 candles to bybit:GWEI/USDT:1h"}
{"ts":"2026-07-24 19:07:26,520","level":"INFO","logger":"app.data_engine.redis_publisher","msg":"published 1 candles to bybit:ACE/USDT:1h"}
{"ts":"2026-07-24 19:07:26,844","level":"INFO","logger":"app.data_engine.redis_publisher","msg":"published 1 candles to bybit:XRP/USDT:1h"}
{"ts":"2026-07-24 19:07:27,144","level":"INFO","logger":"app.data_engine.redis_publisher","msg":"published 1 candles to bybit:SNXX/USDT:1h"}
{"ts":"2026-07-24 19:07:27,423","level":"INFO","logger":"app.data_engine.redis_publisher","msg":"published 1 candles to bybit:SOXL/USDT:1h"}
{"ts":"2026-07-24 19:07:27,754","level":"INFO","logger":"app.data_engine.redis_publisher","msg":"published 1 candles to bybit:SOL/USDT:1h"}
{"ts":"2026-07-24 19:07:28,056","level":"INFO","logger":"app.data_engine.redis_publisher","msg":"published 1 candles to bybit:PLAYSOUT/USDT:1h"}
{"ts":"2026-07-24 19:07:28,385","level":"INFO","logger":"app.data_engine.redis_publisher","msg":"published 1 candles to bybit:MU/USDT:1h"}
{"ts":"2026-07-24 19:07:28,879","level":"INFO","logger":"app.data_engine.redis_publisher","msg":"published 1 candles to bybit:BANK/USDT:1h"}
{"ts":"2026-07-24 19:07:29,089","level":"INFO","logger":"app.data_engine.redis_publisher","msg":"published 1 candles to bybit:BTC/USDT:1h"}
{"ts":"2026-07-24 19:07:29,186","level":"INFO","logger":"app.data_engine.redis_publisher","msg":"published 1 candles to bybit:HYPE/USDT:1h"}
{"ts":"2026-07-24 19:07:29,380","level":"INFO","logger":"app.data_engine.redis_publisher","msg":"published 1 candles to bybit:KORU/USDT:1h"}
{"ts":"2026-07-24 19:07:29,684","level":"INFO","logger":"app.data_engine.redis_publisher","msg":"published 1 candles to bybit:ETH/USDT:1h"}
{"ts":"2026-07-24 19:07:29,759","level":"INFO","logger":"app.data_engine.redis_publisher","msg":"published 1 candles to bybit:BEAT/USDT:1h"}
{"ts":"2026-07-24 19:07:29,807","level":"INFO","logger":"app.data_engine.redis_publisher","msg":"published 1 candles to bybit:SKHY/USDT:1h"}
{"ts":"2026-07-24 19:07:29,987","level":"INFO","logger":"app.data_engine.redis_publisher","msg":"published 1 candles to bybit:SKHYNIX/USDT:1h"}
{"ts":"2026-07-24 19:07:30,009","level":"INFO","logger":"app.data_engine.redis_publisher","msg":"published 1 candles to bybit:SNDK/USDT:1h"}
{"ts":"2026-07-24 19:07:30,185","level":"INFO","logger":"app.data_engine.redis_publisher","msg":"published 1 candles to bybit:ZEC/USDT:1h"}
{"ts":"2026-07-24 19:07:30,264","level":"INFO","logger":"app.data_engine.redis_publisher","msg":"published 1 candles to bybit:AERGO/USDT:1h"}
{"ts":"2026-07-24 19:07:30,284","level":"INFO","logger":"app.data_engine.redis_publisher","msg":"published 1 candles to bybit:XAU/USDT:1h"}
{"ts":"2026-07-24 19:07:30,293","level":"INFO","logger":"app.data_engine.redis_publisher","msg":"published 1 candles to bybit:DOGE/USDT:1h"}
{"ts":"2026-07-24 19:07:30,393","level":"INFO","logger":"app.data_engine.redis_publisher","msg":"published 1 candles to bybit:NEAR/USDT:1h"}
{"ts":"2026-07-24 19:07:30,485","level":"INFO","logger":"app.data_engine.redis_publisher","msg":"published 1 candles to bybit:INTC/USDT:1h"}
{"ts":"2026-07-24 19:07:30,583","level":"INFO","logger":"app.data_engine.redis_publisher","msg":"published 1 candles to bybit:VELVET/USDT:1h"}
{"ts":"2026-07-24 19:07:30,683","level":"INFO","logger":"app.data_engine.redis_publisher","msg":"published 1 candles to bybit:CL/USDT:1h"}
{"ts":"2026-07-24 19:08:08,799","level":"INFO","logger":"app.data_engine.redis_publisher","msg":"published 1 candles to bybit:INTW/USDT:1h"}
{"ts":"2026-07-24 19:08:12,266","level":"INFO","logger":"app.data_engine.redis_publisher","msg":"published 1 candles to bybit:KAITO/USDT:1h"}
{"ts":"2026-07-24 19:08:14,650","level":"INFO","logger":"app.data_engine.redis_publisher","msg":"published 1 candles to bybit:SOXS/USDT:1h"}
{"ts":"2026-07-24 19:08:20,798","level":"INFO","logger":"app.data_engine.redis_publisher","msg":"published 1 candles to bybit:HEMI/USDT:1h"}
{"ts":"2026-07-24 19:08:21,153","level":"INFO","logger":"app.data_engine.redis_publisher","msg":"published 1 candles to bybit:ORDER/USDT:1h"}
{"ts":"2026-07-24 19:08:21,479","level":"INFO","logger":"app.data_engine.redis_publisher","msg":"published 1 candles to bybit:BLESS/USDT:1h"}
{"ts":"2026-07-24 19:08:23,108","level":"INFO","logger":"app.data_engine.redis_publisher","msg":"published 1 candles to bybit:RE/USDT:1h"}
{"ts":"2026-07-24 19:08:23,517","level":"INFO","logger":"app.data_engine.redis_publisher","msg":"published 1 candles to bybit:AKE/USDT:1h"}
{"ts":"2026-07-24 19:08:24,286","level":"INFO","logger":"app.data_engine.redis_publisher","msg":"published 1 candles to bybit:B2/USDT:1h"}
{"ts":"2026-07-24 19:08:24,603","level":"INFO","logger":"app.data_engine.redis_publisher","msg":"published 1 candles to bybit:DEXE/USDT:1h"}
{"ts":"2026-07-24 19:08:25,180","level":"INFO","logger":"app.data_engine.redis_publisher","msg":"published 1 candles to bybit:TOWNS/USDT:1h"}
{"ts":"2026-07-24 19:08:25,769","level":"INFO","logger":"app.data_engine.redis_publisher","msg":"published 1 candles to bybit:CAP/USDT:1h"}
{"ts":"2026-07-24 19:08:26,047","level":"INFO","logger":"app.data_engine.redis_publisher","msg":"published 1 candles to bybit:ESPORTS/USDT:1h"}
{"ts":"2026-07-24 19:08:26,287","level":"INFO","logger":"app.data_engine.redis_publisher","msg":"published 1 candles to bybit:APR/USDT:1h"}
{"ts":"2026-07-24 19:08:26,386","level":"INFO","logger":"app.data_engine.redis_publisher","msg":"published 1 candles to bybit:BEAM/USDT:1h"}
{"ts":"2026-07-24 19:08:26,510","level":"INFO","logger":"app.data_engine.redis_publisher","msg":"published 1 candles to bybit:GWEI/USDT:1h"}
{"ts":"2026-07-24 19:08:26,832","level":"INFO","logger":"app.data_engine.redis_publisher","msg":"published 1 candles to bybit:ACE/USDT:1h"}
{"ts":"2026-07-24 19:08:27,155","level":"INFO","logger":"app.data_engine.redis_publisher","msg":"published 1 candles to bybit:XRP/USDT:1h"}
{"ts":"2026-07-24 19:08:27,455","level":"INFO","logger":"app.data_engine.redis_publisher","msg":"published 1 candles to bybit:SNXX/USDT:1h"}
{"ts":"2026-07-24 19:08:27,731","level":"INFO","logger":"app.data_engine.redis_publisher","msg":"published 1 candles to bybit:SOXL/USDT:1h"}
{"ts":"2026-07-24 19:08:28,064","level":"INFO","logger":"app.data_engine.redis_publisher","msg":"published 1 candles to bybit:SOL/USDT:1h"}
{"ts":"2026-07-24 19:08:28,363","level":"INFO","logger":"app.data_engine.redis_publisher","msg":"published 1 candles to bybit:PLAYSOUT/USDT:1h"}
{"ts":"2026-07-24 19:08:28,693","level":"INFO","logger":"app.data_engine.redis_publisher","msg":"published 1 candles to bybit:MU/USDT:1h"}
{"ts":"2026-07-24 19:08:29,190","level":"INFO","logger":"app.data_engine.redis_publisher","msg":"published 1 candles to bybit:BANK/USDT:1h"}
{"ts":"2026-07-24 19:08:29,396","level":"INFO","logger":"app.data_engine.redis_publisher","msg":"published 1 candles to bybit:BTC/USDT:1h"}
{"ts":"2026-07-24 19:08:29,516","level":"INFO","logger":"app.data_engine.redis_publisher","msg":"published 1 candles to bybit:HYPE/USDT:1h"}
{"ts":"2026-07-24 19:08:29,696","level":"INFO","logger":"app.data_engine.redis_publisher","msg":"published 1 candles to bybit:KORU/USDT:1h"}
{"ts":"2026-07-24 19:08:29,997","level":"INFO","logger":"app.data_engine.redis_publisher","msg":"published 1 candles to bybit:ETH/USDT:1h"}
{"ts":"2026-07-24 19:08:30,103","level":"INFO","logger":"app.data_engine.redis_publisher","msg":"published 1 candles to bybit:BEAT/USDT:1h"}
{"ts":"2026-07-24 19:08:30,309","level":"INFO","logger":"app.data_engine.redis_publisher","msg":"published 1 candles to bybit:SKHYNIX/USDT:1h"}
{"ts":"2026-07-24 19:08:30,408","level":"INFO","logger":"app.data_engine.redis_publisher","msg":"published 1 candles to bybit:SNDK/USDT:1h"}
{"ts":"2026-07-24 19:08:30,434","level":"INFO","logger":"app.data_engine.redis_publisher","msg":"published 1 candles to bybit:SKHY/USDT:1h"}
{"ts":"2026-07-24 19:08:30,601","level":"INFO","logger":"app.data_engine.redis_publisher","msg":"published 1 candles to bybit:AERGO/USDT:1h"}
{"ts":"2026-07-24 19:08:30,697","level":"INFO","logger":"app.data_engine.redis_publisher","msg":"published 1 candles to bybit:XAU/USDT:1h"}
{"ts":"2026-07-24 19:08:30,738","level":"INFO","logger":"app.data_engine.redis_publisher","msg":"published 1 candles to bybit:ZEC/USDT:1h"}
{"ts":"2026-07-24 19:08:30,796","level":"INFO","logger":"app.data_engine.redis_publisher","msg":"published 1 candles to bybit:DOGE/USDT:1h"}
{"ts":"2026-07-24 19:08:30,903","level":"INFO","logger":"app.data_engine.redis_publisher","msg":"published 1 candles to bybit:NEAR/USDT:1h"}
{"ts":"2026-07-24 19:08:30,995","level":"INFO","logger":"app.data_engine.redis_publisher","msg":"published 1 candles to bybit:INTC/USDT:1h"}
{"ts":"2026-07-24 19:08:31,098","level":"INFO","logger":"app.data_engine.redis_publisher","msg":"published 1 candles to bybit:VELVET/USDT:1h"}
{"ts":"2026-07-24 19:08:31,198","level":"INFO","logger":"app.data_engine.redis_publisher","msg":"published 1 candles to bybit:CL/USDT:1h"}
{"ts":"2026-07-24 19:09:09,681","level":"INFO","logger":"app.data_engine.redis_publisher","msg":"published 1 candles to bybit:INTW/USDT:1h"}
{"ts":"2026-07-24 19:09:12,576","level":"INFO","logger":"app.data_engine.redis_publisher","msg":"published 1 candles to bybit:KAITO/USDT:1h"}
{"ts":"2026-07-24 19:09:14,960","level":"INFO","logger":"app.data_engine.redis_publisher","msg":"published 1 candles to bybit:SOXS/USDT:1h"}
{"ts":"2026-07-24 19:09:21,108","level":"INFO","logger":"app.data_engine.redis_publisher","msg":"published 1 candles to bybit:HEMI/USDT:1h"}
{"ts":"2026-07-24 19:09:21,464","level":"INFO","logger":"app.data_engine.redis_publisher","msg":"published 1 candles to bybit:ORDER/USDT:1h"}
{"ts":"2026-07-24 19:09:21,789","level":"INFO","logger":"app.data_engine.redis_publisher","msg":"published 1 candles to bybit:BLESS/USDT:1h"}
{"ts":"2026-07-24 19:09:23,421","level":"INFO","logger":"app.data_engine.redis_publisher","msg":"published 1 candles to bybit:RE/USDT:1h"}
{"ts":"2026-07-24 19:09:23,827","level":"INFO","logger":"app.data_engine.redis_publisher","msg":"published 1 candles to bybit:AKE/USDT:1h"}
{"ts":"2026-07-24 19:09:24,598","level":"INFO","logger":"app.data_engine.redis_publisher","msg":"published 1 candles to bybit:B2/USDT:1h"}
{"ts":"2026-07-24 19:09:24,913","level":"INFO","logger":"app.data_engine.redis_publisher","msg":"published 1 candles to bybit:DEXE/USDT:1h"}
{"ts":"2026-07-24 19:09:25,490","level":"INFO","logger":"app.data_engine.redis_publisher","msg":"published 1 candles to bybit:TOWNS/USDT:1h"}
{"ts":"2026-07-24 19:09:26,079","level":"INFO","logger":"app.data_engine.redis_publisher","msg":"published 1 candles to bybit:CAP/USDT:1h"}
{"ts":"2026-07-24 19:09:26,357","level":"INFO","logger":"app.data_engine.redis_publisher","msg":"published 1 candles to bybit:ESPORTS/USDT:1h"}
{"ts":"2026-07-24 19:09:26,595","level":"INFO","logger":"app.data_engine.redis_publisher","msg":"published 1 candles to bybit:APR/USDT:1h"}
{"ts":"2026-07-24 19:09:26,818","level":"INFO","logger":"app.data_engine.redis_publisher","msg":"published 1 candles to bybit:GWEI/USDT:1h"}
{"ts":"2026-07-24 19:09:26,922","level":"INFO","logger":"app.data_engine.redis_publisher","msg":"published 1 candles to bybit:BEAM/USDT:1h"}
{"ts":"2026-07-24 19:09:27,142","level":"INFO","logger":"app.data_engine.redis_publisher","msg":"published 1 candles to bybit:ACE/USDT:1h"}
{"ts":"2026-07-24 19:09:27,466","level":"INFO","logger":"app.data_engine.redis_publisher","msg":"published 1 candles to bybit:XRP/USDT:1h"}
{"ts":"2026-07-24 19:09:27,764","level":"INFO","logger":"app.data_engine.redis_publisher","msg":"published 1 candles to bybit:SNXX/USDT:1h"}
{"ts":"2026-07-24 19:09:28,046","level":"INFO","logger":"app.data_engine.redis_publisher","msg":"published 1 candles to bybit:SOXL/USDT:1h"}
{"ts":"2026-07-24 19:09:28,376","level":"INFO","logger":"app.data_engine.redis_publisher","msg":"published 1 candles to bybit:SOL/USDT:1h"}
{"ts":"2026-07-24 19:09:28,670","level":"INFO","logger":"app.data_engine.redis_publisher","msg":"published 1 candles to bybit:PLAYSOUT/USDT:1h"}
{"ts":"2026-07-24 19:09:29,005","level":"INFO","logger":"app.data_engine.redis_publisher","msg":"published 1 candles to bybit:MU/USDT:1h"}
{"ts":"2026-07-24 19:09:29,497","level":"INFO","logger":"app.data_engine.redis_publisher","msg":"published 1 candles to bybit:BANK/USDT:1h"}
{"ts":"2026-07-24 19:09:29,708","level":"INFO","logger":"app.data_engine.redis_publisher","msg":"published 1 candles to bybit:BTC/USDT:1h"}
{"ts":"2026-07-24 19:09:29,830","level":"INFO","logger":"app.data_engine.redis_publisher","msg":"published 1 candles to bybit:HYPE/USDT:1h"}
{"ts":"2026-07-24 19:09:30,006","level":"INFO","logger":"app.data_engine.redis_publisher","msg":"published 1 candles to bybit:KORU/USDT:1h"}
{"ts":"2026-07-24 19:09:30,306","level":"INFO","logger":"app.data_engine.redis_publisher","msg":"published 1 candles to bybit:ETH/USDT:1h"}
{"ts":"2026-07-24 19:09:30,413","level":"INFO","logger":"app.data_engine.redis_publisher","msg":"published 1 candles to bybit:BEAT/USDT:1h"}
{"ts":"2026-07-24 19:09:30,627","level":"INFO","logger":"app.data_engine.redis_publisher","msg":"published 1 candles to bybit:SKHYNIX/USDT:1h"}
{"ts":"2026-07-24 19:09:30,736","level":"INFO","logger":"app.data_engine.redis_publisher","msg":"published 1 candles to bybit:SNDK/USDT:1h"}
{"ts":"2026-07-24 19:09:30,835","level":"INFO","logger":"app.data_engine.redis_publisher","msg":"published 1 candles to bybit:SKHY/USDT:1h"}
{"ts":"2026-07-24 19:09:31,037","level":"INFO","logger":"app.data_engine.redis_publisher","msg":"published 1 candles to bybit:XAU/USDT:1h"}
{"ts":"2026-07-24 19:09:31,135","level":"INFO","logger":"app.data_engine.redis_publisher","msg":"published 1 candles to bybit:ZEC/USDT:1h"}
{"ts":"2026-07-24 19:09:31,163","level":"INFO","logger":"app.data_engine.redis_publisher","msg":"published 1 candles to bybit:AERGO/USDT:1h"}
{"ts":"2026-07-24 19:09:31,338","level":"INFO","logger":"app.data_engine.redis_publisher","msg":"published 1 candles to bybit:NEAR/USDT:1h"}
{"ts":"2026-07-24 19:09:31,437","level":"INFO","logger":"app.data_engine.redis_publisher","msg":"published 1 candles to bybit:INTC/USDT:1h"}
{"ts":"2026-07-24 19:09:31,459","level":"INFO","logger":"app.data_engine.redis_publisher","msg":"published 1 candles to bybit:DOGE/USDT:1h"}
{"ts":"2026-07-24 19:09:31,535","level":"INFO","logger":"app.data_engine.redis_publisher","msg":"published 1 candles to bybit:VELVET/USDT:1h"}
{"ts":"2026-07-24 19:09:31,637","level":"INFO","logger":"app.data_engine.redis_publisher","msg":"published 1 candles to bybit:CL/USDT:1h"}
{"ts":"2026-07-24 19:10:10,569","level":"INFO","logger":"app.data_engine.redis_publisher","msg":"published 1 candles to bybit:INTW/USDT:1h"}
{"ts":"2026-07-24 19:10:12,884","level":"INFO","logger":"app.data_engine.redis_publisher","msg":"published 1 candles to bybit:KAITO/USDT:1h"}
{"ts":"2026-07-24 19:10:15,277","level":"INFO","logger":"app.data_engine.redis_publisher","msg":"published 1 candles to bybit:SOXS/USDT:1h"}
{"ts":"2026-07-24 19:10:21,419","level":"INFO","logger":"app.data_engine.redis_publisher","msg":"published 1 candles to bybit:HEMI/USDT:1h"}
{"ts":"2026-07-24 19:10:21,778","level":"INFO","logger":"app.data_engine.redis_publisher","msg":"published 1 candles to bybit:ORDER/USDT:1h"}
{"ts":"2026-07-24 19:10:22,097","level":"INFO","logger":"app.data_engine.redis_publisher","msg":"published 1 candles to bybit:BLESS/USDT:1h"}
{"ts":"2026-07-24 19:10:23,732","level":"INFO","logger":"app.data_engine.redis_publisher","msg":"published 1 candles to bybit:RE/USDT:1h"}
{"ts":"2026-07-24 19:10:24,138","level":"INFO","logger":"app.data_engine.redis_publisher","msg":"published 1 candles to bybit:AKE/USDT:1h"}
{"ts":"2026-07-24 19:10:24,912","level":"INFO","logger":"app.data_engine.redis_publisher","msg":"published 1 candles to bybit:B2/USDT:1h"}
{"ts":"2026-07-24 19:10:25,228","level":"INFO","logger":"app.data_engine.redis_publisher","msg":"published 1 candles to bybit:DEXE/USDT:1h"}
{"ts":"2026-07-24 19:10:25,799","level":"INFO","logger":"app.data_engine.redis_publisher","msg":"published 1 candles to bybit:TOWNS/USDT:1h"}
{"ts":"2026-07-24 19:10:26,396","level":"INFO","logger":"app.data_engine.redis_publisher","msg":"published 1 candles to bybit:CAP/USDT:1h"}
{"ts":"2026-07-24 19:10:26,679","level":"INFO","logger":"app.data_engine.redis_publisher","msg":"published 1 candles to bybit:ESPORTS/USDT:1h"}
{"ts":"2026-07-24 19:10:26,905","level":"INFO","logger":"app.data_engine.redis_publisher","msg":"published 1 candles to bybit:APR/USDT:1h"}
{"ts":"2026-07-24 19:10:27,135","level":"INFO","logger":"app.data_engine.redis_publisher","msg":"published 1 candles to bybit:GWEI/USDT:1h"}
{"ts":"2026-07-24 19:10:27,458","level":"INFO","logger":"app.data_engine.redis_publisher","msg":"published 1 candles to bybit:ACE/USDT:1h"}
{"ts":"2026-07-24 19:10:27,462","level":"INFO","logger":"app.data_engine.redis_publisher","msg":"published 1 candles to bybit:BEAM/USDT:1h"}
{"ts":"2026-07-24 19:10:27,780","level":"INFO","logger":"app.data_engine.redis_publisher","msg":"published 1 candles to bybit:XRP/USDT:1h"}
{"ts":"2026-07-24 19:10:28,072","level":"INFO","logger":"app.data_engine.redis_publisher","msg":"published 1 candles to bybit:SNXX/USDT:1h"}
{"ts":"2026-07-24 19:10:28,359","level":"INFO","logger":"app.data_engine.redis_publisher","msg":"published 1 candles to bybit:SOXL/USDT:1h"}
{"ts":"2026-07-24 19:10:28,690","level":"INFO","logger":"app.data_engine.redis_publisher","msg":"published 1 candles to bybit:SOL/USDT:1h"}
{"ts":"2026-07-24 19:10:28,980","level":"INFO","logger":"app.data_engine.redis_publisher","msg":"published 1 candles to bybit:PLAYSOUT/USDT:1h"}
{"ts":"2026-07-24 19:10:29,314","level":"INFO","logger":"app.data_engine.redis_publisher","msg":"published 1 candles to bybit:MU/USDT:1h"}
{"ts":"2026-07-24 19:10:29,817","level":"INFO","logger":"app.data_engine.redis_publisher","msg":"published 1 candles to bybit:BANK/USDT:1h"}
{"ts":"2026-07-24 19:10:30,018","level":"INFO","logger":"app.data_engine.redis_publisher","msg":"published 1 candles to bybit:BTC/USDT:1h"}
{"ts":"2026-07-24 19:10:30,137","level":"INFO","logger":"app.data_engine.redis_publisher","msg":"published 1 candles to bybit:HYPE/USDT:1h"}
{"ts":"2026-07-24 19:10:30,314","level":"INFO","logger":"app.data_engine.redis_publisher","msg":"published 1 candles to bybit:KORU/USDT:1h"}
{"ts":"2026-07-24 19:10:30,615","level":"INFO","logger":"app.data_engine.redis_publisher","msg":"published 1 candles to bybit:ETH/USDT:1h"}
{"ts":"2026-07-24 19:10:30,725","level":"INFO","logger":"app.data_engine.redis_publisher","msg":"published 1 candles to bybit:BEAT/USDT:1h"}
{"ts":"2026-07-24 19:10:30,938","level":"INFO","logger":"app.data_engine.redis_publisher","msg":"published 1 candles to bybit:SKHYNIX/USDT:1h"}
{"ts":"2026-07-24 19:10:31,047","level":"INFO","logger":"app.data_engine.redis_publisher","msg":"published 1 candles to bybit:SNDK/USDT:1h"}
{"ts":"2026-07-24 19:10:31,147","level":"INFO","logger":"app.data_engine.redis_publisher","msg":"published 1 candles to bybit:SKHY/USDT:1h"}
{"ts":"2026-07-24 19:10:31,364","level":"INFO","logger":"app.data_engine.redis_publisher","msg":"published 1 candles to bybit:XAU/USDT:1h"}
{"ts":"2026-07-24 19:10:31,461","level":"INFO","logger":"app.data_engine.redis_publisher","msg":"published 1 candles to bybit:ZEC/USDT:1h"}
{"ts":"2026-07-24 19:10:31,660","level":"INFO","logger":"app.data_engine.redis_publisher","msg":"published 1 candles to bybit:NEAR/USDT:1h"}
{"ts":"2026-07-24 19:10:31,759","level":"INFO","logger":"app.data_engine.redis_publisher","msg":"published 1 candles to bybit:INTC/USDT:1h"}
{"ts":"2026-07-24 19:10:31,785","level":"INFO","logger":"app.data_engine.redis_publisher","msg":"published 1 candles to bybit:AERGO/USDT:1h"}
{"ts":"2026-07-24 19:10:31,962","level":"INFO","logger":"app.data_engine.redis_publisher","msg":"published 1 candles to bybit:VELVET/USDT:1h"}
{"ts":"2026-07-24 19:10:32,062","level":"INFO","logger":"app.data_engine.redis_publisher","msg":"published 1 candles to bybit:CL/USDT:1h"}
{"ts":"2026-07-24 19:10:32,085","level":"INFO","logger":"app.data_engine.redis_publisher","msg":"published 1 candles to bybit:DOGE/USDT:1h"}
{"ts":"2026-07-24 19:11:11,484","level":"INFO","logger":"app.data_engine.redis_publisher","msg":"published 1 candles to bybit:INTW/USDT:1h"}
{"ts":"2026-07-24 19:11:13,196","level":"INFO","logger":"app.data_engine.redis_publisher","msg":"published 1 candles to bybit:KAITO/USDT:1h"}
{"ts":"2026-07-24 19:11:15,590","level":"INFO","logger":"app.data_engine.redis_publisher","msg":"published 1 candles to bybit:SOXS/USDT:1h"}
{"ts":"2026-07-24 19:11:21,733","level":"INFO","logger":"app.data_engine.redis_publisher","msg":"published 1 candles to bybit:HEMI/USDT:1h"}
{"ts":"2026-07-24 19:11:22,088","level":"INFO","logger":"app.data_engine.redis_publisher","msg":"published 1 candles to bybit:ORDER/USDT:1h"}
{"ts":"2026-07-24 19:11:22,407","level":"INFO","logger":"app.data_engine.redis_publisher","msg":"published 1 candles to bybit:BLESS/USDT:1h"}
{"ts":"2026-07-24 19:11:24,050","level":"INFO","logger":"app.data_engine.redis_publisher","msg":"published 1 candles to bybit:RE/USDT:1h"}
{"ts":"2026-07-24 19:11:24,457","level":"INFO","logger":"app.data_engine.redis_publisher","msg":"published 1 candles to bybit:AKE/USDT:1h"}
{"ts":"2026-07-24 19:11:25,222","level":"INFO","logger":"app.data_engine.redis_publisher","msg":"published 1 candles to bybit:B2/USDT:1h"}
{"ts":"2026-07-24 19:11:25,535","level":"INFO","logger":"app.data_engine.redis_publisher","msg":"published 1 candles to bybit:DEXE/USDT:1h"}
{"ts":"2026-07-24 19:11:26,111","level":"INFO","logger":"app.data_engine.redis_publisher","msg":"published 1 candles to bybit:TOWNS/USDT:1h"}
{"ts":"2026-07-24 19:11:26,718","level":"INFO","logger":"app.data_engine.redis_publisher","msg":"published 1 candles to bybit:CAP/USDT:1h"}
{"ts":"2026-07-24 19:11:26,993","level":"INFO","logger":"app.data_engine.redis_publisher","msg":"published 1 candles to bybit:ESPORTS/USDT:1h"}
{"ts":"2026-07-24 19:11:27,214","level":"INFO","logger":"app.data_engine.redis_publisher","msg":"published 1 candles to bybit:APR/USDT:1h"}
{"ts":"2026-07-24 19:11:27,447","level":"INFO","logger":"app.data_engine.redis_publisher","msg":"published 1 candles to bybit:GWEI/USDT:1h"}
{"ts":"2026-07-24 19:11:27,770","level":"INFO","logger":"app.data_engine.redis_publisher","msg":"published 1 candles to bybit:ACE/USDT:1h"}
{"ts":"2026-07-24 19:11:28,101","level":"INFO","logger":"app.data_engine.redis_publisher","msg":"published 1 candles to bybit:BEAM/USDT:1h"}
{"ts":"2026-07-24 19:11:28,103","level":"INFO","logger":"app.data_engine.redis_publisher","msg":"published 1 candles to bybit:XRP/USDT:1h"}
{"ts":"2026-07-24 19:11:28,379","level":"INFO","logger":"app.data_engine.redis_publisher","msg":"published 1 candles to bybit:SNXX/USDT:1h"}
{"ts":"2026-07-24 19:11:28,668","level":"INFO","logger":"app.data_engine.redis_publisher","msg":"published 1 candles to bybit:SOXL/USDT:1h"}
{"ts":"2026-07-24 19:11:29,003","level":"INFO","logger":"app.data_engine.redis_publisher","msg":"published 1 candles to bybit:SOL/USDT:1h"}
{"ts":"2026-07-24 19:11:29,288","level":"INFO","logger":"app.data_engine.redis_publisher","msg":"published 1 candles to bybit:PLAYSOUT/USDT:1h"}
{"ts":"2026-07-24 19:11:29,623","level":"INFO","logger":"app.data_engine.redis_publisher","msg":"published 1 candles to bybit:MU/USDT:1h"}
{"ts":"2026-07-24 19:11:30,127","level":"INFO","logger":"app.data_engine.redis_publisher","msg":"published 1 candles to bybit:BANK/USDT:1h"}
{"ts":"2026-07-24 19:11:30,324","level":"INFO","logger":"app.data_engine.redis_publisher","msg":"published 1 candles to bybit:BTC/USDT:1h"}
{"ts":"2026-07-24 19:11:30,446","level":"INFO","logger":"app.data_engine.redis_publisher","msg":"published 1 candles to bybit:HYPE/USDT:1h"}
{"ts":"2026-07-24 19:11:30,622","level":"INFO","logger":"app.data_engine.redis_publisher","msg":"published 1 candles to bybit:KORU/USDT:1h"}
{"ts":"2026-07-24 19:11:31,008","level":"INFO","logger":"app.data_engine.redis_publisher","msg":"published 1 candles to bybit:ETH/USDT:1h"}
{"ts":"2026-07-24 19:11:31,034","level":"INFO","logger":"app.data_engine.redis_publisher","msg":"published 1 candles to bybit:BEAT/USDT:1h"}
{"ts":"2026-07-24 19:11:31,247","level":"INFO","logger":"app.data_engine.redis_publisher","msg":"published 1 candles to bybit:SKHYNIX/USDT:1h"}
{"ts":"2026-07-24 19:11:31,355","level":"INFO","logger":"app.data_engine.redis_publisher","msg":"published 1 candles to bybit:SNDK/USDT:1h"}
{"ts":"2026-07-24 19:11:31,457","level":"INFO","logger":"app.data_engine.redis_publisher","msg":"published 1 candles to bybit:SKHY/USDT:1h"}
{"ts":"2026-07-24 19:11:31,674","level":"INFO","logger":"app.data_engine.redis_publisher","msg":"published 1 candles to bybit:XAU/USDT:1h"}
{"ts":"2026-07-24 19:11:31,772","level":"INFO","logger":"app.data_engine.redis_publisher","msg":"published 1 candles to bybit:ZEC/USDT:1h"}
{"ts":"2026-07-24 19:11:31,972","level":"INFO","logger":"app.data_engine.redis_publisher","msg":"published 1 candles to bybit:NEAR/USDT:1h"}
{"ts":"2026-07-24 19:11:32,074","level":"INFO","logger":"app.data_engine.redis_publisher","msg":"published 1 candles to bybit:INTC/USDT:1h"}
{"ts":"2026-07-24 19:11:32,274","level":"INFO","logger":"app.data_engine.redis_publisher","msg":"published 1 candles to bybit:VELVET/USDT:1h"}
{"ts":"2026-07-24 19:11:32,382","level":"INFO","logger":"app.data_engine.redis_publisher","msg":"published 1 candles to bybit:CL/USDT:1h"}
{"ts":"2026-07-24 19:11:32,395","level":"INFO","logger":"app.data_engine.redis_publisher","msg":"published 1 candles to bybit:AERGO/USDT:1h"}
{"ts":"2026-07-24 19:11:32,482","level":"INFO","logger":"app.data_engine.redis_publisher","msg":"published 1 candles to bybit:DOGE/USDT:1h"}
{"ts":"2026-07-24 19:12:12,365","level":"INFO","logger":"app.data_engine.redis_publisher","msg":"published 1 candles to bybit:INTW/USDT:1h"}
{"ts":"2026-07-24 19:12:13,507","level":"INFO","logger":"app.data_engine.redis_publisher","msg":"published 1 candles to bybit:KAITO/USDT:1h"}
{"ts":"2026-07-24 19:12:15,900","level":"INFO","logger":"app.data_engine.redis_publisher","msg":"published 1 candles to bybit:SOXS/USDT:1h"}
{"ts":"2026-07-24 19:12:22,046","level":"INFO","logger":"app.data_engine.redis_publisher","msg":"published 1 candles to bybit:HEMI/USDT:1h"}
{"ts":"2026-07-24 19:12:22,398","level":"INFO","logger":"app.data_engine.redis_publisher","msg":"published 1 candles to bybit:ORDER/USDT:1h"}
{"ts":"2026-07-24 19:12:22,715","level":"INFO","logger":"app.data_engine.redis_publisher","msg":"published 1 candles to bybit:BLESS/USDT:1h"}
{"ts":"2026-07-24 19:12:24,364","level":"INFO","logger":"app.data_engine.redis_publisher","msg":"published 1 candles to bybit:RE/USDT:1h"}
{"ts":"2026-07-24 19:12:24,769","level":"INFO","logger":"app.data_engine.redis_publisher","msg":"published 1 candles to bybit:AKE/USDT:1h"}
{"ts":"2026-07-24 19:12:25,532","level":"INFO","logger":"app.data_engine.redis_publisher","msg":"published 1 candles to bybit:B2/USDT:1h"}
2026-07-24 19:12:25.727 | INFO     | app.data.universe_scanner:refresh:176 - UniverseScanner: %d candidates above $%.0f volume
{"ts":"2026-07-24 19:12:25,853","level":"INFO","logger":"app.data_engine.redis_publisher","msg":"published 1 candles to bybit:DEXE/USDT:1h"}
{"ts":"2026-07-24 19:12:26,422","level":"INFO","logger":"app.data_engine.redis_publisher","msg":"published 1 candles to bybit:TOWNS/USDT:1h"}
2026-07-24 19:12:26.656 | DEBUG    | app.data.universe_scanner:refresh:188 - UniverseScanner: ATR failed for SOXL/USDT
2026-07-24 19:12:26.967 | DEBUG    | app.data.universe_scanner:refresh:188 - UniverseScanner: ATR failed for AKE/USDT
2026-07-24 19:12:26.967 | DEBUG    | app.data.universe_scanner:refresh:188 - UniverseScanner: ATR failed for DEXE/USDT
{"ts":"2026-07-24 19:12:27,027","level":"INFO","logger":"app.data_engine.redis_publisher","msg":"published 1 candles to bybit:CAP/USDT:1h"}
2026-07-24 19:12:27.279 | DEBUG    | app.data.universe_scanner:refresh:188 - UniverseScanner: ATR failed for BANK/USDT
2026-07-24 19:12:27.279 | DEBUG    | app.data.universe_scanner:refresh:188 - UniverseScanner: ATR failed for SNDK/USDT
{"ts":"2026-07-24 19:12:27,318","level":"INFO","logger":"app.data_engine.redis_publisher","msg":"published 1 candles to bybit:ESPORTS/USDT:1h"}
2026-07-24 19:12:27.586 | DEBUG    | app.data.universe_scanner:refresh:188 - UniverseScanner: ATR failed for XAU/USDT
2026-07-24 19:12:27.586 | DEBUG    | app.data.universe_scanner:refresh:188 - UniverseScanner: ATR failed for CL/USDT
2026-07-24 19:12:27.586 | DEBUG    | app.data.universe_scanner:refresh:188 - UniverseScanner: ATR failed for MU/USDT
2026-07-24 19:12:27.586 | DEBUG    | app.data.universe_scanner:refresh:188 - UniverseScanner: ATR failed for ZEC/USDT
2026-07-24 19:12:27.586 | DEBUG    | app.data.universe_scanner:refresh:188 - UniverseScanner: ATR failed for ESPORTS/USDT
{"ts":"2026-07-24 19:12:27,751","level":"INFO","logger":"app.data_engine.redis_publisher","msg":"published 1 candles to bybit:APR/USDT:1h"}
{"ts":"2026-07-24 19:12:27,756","level":"INFO","logger":"app.data_engine.redis_publisher","msg":"published 1 candles to bybit:GWEI/USDT:1h"}
2026-07-24 19:12:27.894 | DEBUG    | app.data.universe_scanner:refresh:188 - UniverseScanner: ATR failed for SKHYNIX/USDT
2026-07-24 19:12:27.894 | DEBUG    | app.data.universe_scanner:refresh:188 - UniverseScanner: ATR failed for SPCX/USDT
{"ts":"2026-07-24 19:12:28,079","level":"INFO","logger":"app.data_engine.redis_publisher","msg":"published 1 candles to bybit:ACE/USDT:1h"}
2026-07-24 19:12:28.204 | DEBUG    | app.data.universe_scanner:refresh:188 - UniverseScanner: ATR failed for SKHY/USDT
2026-07-24 19:12:28.204 | DEBUG    | app.data.universe_scanner:refresh:188 - UniverseScanner: ATR failed for INTC/USDT
{"ts":"2026-07-24 19:12:28,412","level":"INFO","logger":"app.data_engine.redis_publisher","msg":"published 1 candles to bybit:BEAM/USDT:1h"}
{"ts":"2026-07-24 19:12:28,513","level":"INFO","logger":"app.data_engine.redis_publisher","msg":"published 1 candles to bybit:XRP/USDT:1h"}
{"ts":"2026-07-24 19:12:28,688","level":"INFO","logger":"app.data_engine.redis_publisher","msg":"published 1 candles to bybit:SNXX/USDT:1h"}
2026-07-24 19:12:28.820 | DEBUG    | app.data.universe_scanner:refresh:188 - UniverseScanner: ATR failed for RE/USDT
2026-07-24 19:12:28.820 | DEBUG    | app.data.universe_scanner:refresh:188 - UniverseScanner: ATR failed for 1000PEPE/USDT
{"ts":"2026-07-24 19:12:28,977","level":"INFO","logger":"app.data_engine.redis_publisher","msg":"published 1 candles to bybit:SOXL/USDT:1h"}
2026-07-24 19:12:29.128 | DEBUG    | app.data.universe_scanner:refresh:188 - UniverseScanner: ATR failed for BEAT/USDT
2026-07-24 19:12:29.128 | DEBUG    | app.data.universe_scanner:refresh:188 - UniverseScanner: ATR failed for SNXX/USDT
2026-07-24 19:12:29.128 | DEBUG    | app.data.universe_scanner:refresh:188 - UniverseScanner: ATR failed for KORU/USDT
{"ts":"2026-07-24 19:12:29,313","level":"INFO","logger":"app.data_engine.redis_publisher","msg":"published 1 candles to bybit:SOL/USDT:1h"}
2026-07-24 19:12:29.438 | DEBUG    | app.data.universe_scanner:refresh:188 - UniverseScanner: ATR failed for XAG/USDT
{"ts":"2026-07-24 19:12:29,602","level":"INFO","logger":"app.data_engine.redis_publisher","msg":"published 1 candles to bybit:PLAYSOUT/USDT:1h"}
{"ts":"2026-07-24 19:12:29,931","level":"INFO","logger":"app.data_engine.redis_publisher","msg":"published 1 candles to bybit:MU/USDT:1h"}
2026-07-24 19:12:30.055 | DEBUG    | app.data.universe_scanner:refresh:188 - UniverseScanner: ATR failed for KAITO/USDT
2026-07-24 19:12:30.364 | DEBUG    | app.data.universe_scanner:refresh:188 - UniverseScanner: ATR failed for CBRS/USDT
{"ts":"2026-07-24 19:12:30,435","level":"INFO","logger":"app.data_engine.redis_publisher","msg":"published 1 candles to bybit:BANK/USDT:1h"}
{"ts":"2026-07-24 19:12:30,635","level":"INFO","logger":"app.data_engine.redis_publisher","msg":"published 1 candles to bybit:BTC/USDT:1h"}
{"ts":"2026-07-24 19:12:30,756","level":"INFO","logger":"app.data_engine.redis_publisher","msg":"published 1 candles to bybit:HYPE/USDT:1h"}
{"ts":"2026-07-24 19:12:30,931","level":"INFO","logger":"app.data_engine.redis_publisher","msg":"published 1 candles to bybit:KORU/USDT:1h"}
{"ts":"2026-07-24 19:12:31,338","level":"INFO","logger":"app.data_engine.redis_publisher","msg":"published 1 candles to bybit:ETH/USDT:1h"}
{"ts":"2026-07-24 19:12:31,434","level":"INFO","logger":"app.data_engine.redis_publisher","msg":"published 1 candles to bybit:BEAT/USDT:1h"}
{"ts":"2026-07-24 19:12:31,559","level":"INFO","logger":"app.data_engine.redis_publisher","msg":"published 1 candles to bybit:SKHYNIX/USDT:1h"}
2026-07-24 19:12:31.605 | DEBUG    | app.data.universe_scanner:refresh:188 - UniverseScanner: ATR failed for TAO/USDT
2026-07-24 19:12:31.605 | DEBUG    | app.data.universe_scanner:refresh:188 - UniverseScanner: ATR failed for PUMPFUN/USDT
{"ts":"2026-07-24 19:12:31,662","level":"INFO","logger":"app.data_engine.redis_publisher","msg":"published 1 candles to bybit:SNDK/USDT:1h"}
{"ts":"2026-07-24 19:12:31,766","level":"INFO","logger":"app.data_engine.redis_publisher","msg":"published 1 candles to bybit:SKHY/USDT:1h"}
{"ts":"2026-07-24 19:12:31,984","level":"INFO","logger":"app.data_engine.redis_publisher","msg":"published 1 candles to bybit:XAU/USDT:1h"}
{"ts":"2026-07-24 19:12:32,085","level":"INFO","logger":"app.data_engine.redis_publisher","msg":"published 1 candles to bybit:ZEC/USDT:1h"}
2026-07-24 19:12:32.224 | DEBUG    | app.data.universe_scanner:refresh:188 - UniverseScanner: ATR failed for FARTCOIN/USDT
{"ts":"2026-07-24 19:12:32,284","level":"INFO","logger":"app.data_engine.redis_publisher","msg":"published 1 candles to bybit:NEAR/USDT:1h"}
{"ts":"2026-07-24 19:12:32,385","level":"INFO","logger":"app.data_engine.redis_publisher","msg":"published 1 candles to bybit:INTC/USDT:1h"}
2026-07-24 19:12:32.534 | DEBUG    | app.data.universe_scanner:refresh:188 - UniverseScanner: ATR failed for INTW/USDT
{"ts":"2026-07-24 19:12:32,589","level":"INFO","logger":"app.data_engine.redis_publisher","msg":"published 1 candles to bybit:VELVET/USDT:1h"}
{"ts":"2026-07-24 19:12:32,693","level":"INFO","logger":"app.data_engine.redis_publisher","msg":"published 1 candles to bybit:CL/USDT:1h"}
{"ts":"2026-07-24 19:12:32,893","level":"INFO","logger":"app.data_engine.redis_publisher","msg":"published 1 candles to bybit:DOGE/USDT:1h"}
{"ts":"2026-07-24 19:12:33,019","level":"INFO","logger":"app.data_engine.redis_publisher","msg":"published 1 candles to bybit:AERGO/USDT:1h"}
2026-07-24 19:12:33.156 | DEBUG    | app.data.universe_scanner:refresh:188 - UniverseScanner: ATR failed for EWY/USDT
2026-07-24 19:12:33.827 | DEBUG    | app.data.universe_scanner:refresh:188 - UniverseScanner: ATR failed for DRAM/USDT
2026-07-24 19:12:33.827 | DEBUG    | app.data.universe_scanner:refresh:188 - UniverseScanner: ATR failed for VELVET/USDT
2026-07-24 19:12:33.827 | DEBUG    | app.data.universe_scanner:refresh:188 - UniverseScanner: ATR failed for TSLA/USDT
2026-07-24 19:12:34.134 | DEBUG    | app.data.universe_scanner:refresh:188 - UniverseScanner: ATR failed for ALLO/USDT
2026-07-24 19:12:35.393 | DEBUG    | app.data.universe_scanner:refresh:188 - UniverseScanner: ATR failed for XMR/USDT
2026-07-24 19:12:35.393 | DEBUG    | app.data.universe_scanner:refresh:188 - UniverseScanner: ATR failed for AAL/USDT
2026-07-24 19:12:36.324 | DEBUG    | app.data.universe_scanner:refresh:188 - UniverseScanner: ATR failed for LAB/USDT
2026-07-24 19:12:36.632 | DEBUG    | app.data.universe_scanner:refresh:188 - UniverseScanner: ATR failed for US/USDT
2026-07-24 19:12:37.252 | DEBUG    | app.data.universe_scanner:refresh:188 - UniverseScanner: ATR failed for O/USDT
2026-07-24 19:12:37.252 | DEBUG    | app.data.universe_scanner:refresh:188 - UniverseScanner: ATR failed for MRVL/USDT
2026-07-24 19:12:37.252 | DEBUG    | app.data.universe_scanner:refresh:188 - UniverseScanner: ATR failed for TSEM/USDT
2026-07-24 19:12:37.252 | DEBUG    | app.data.universe_scanner:refresh:188 - UniverseScanner: ATR failed for ACE/USDT
2026-07-24 19:12:37.871 | DEBUG    | app.data.universe_scanner:refresh:188 - UniverseScanner: ATR failed for GWEI/USDT
2026-07-24 19:12:37.871 | DEBUG    | app.data.universe_scanner:refresh:188 - UniverseScanner: ATR failed for 1000BONK/USDT
2026-07-24 19:12:37.871 | DEBUG    | app.data.universe_scanner:refresh:188 - UniverseScanner: ATR failed for GOOGL/USDT
2026-07-24 19:12:38.182 | DEBUG    | app.data.universe_scanner:refresh:188 - UniverseScanner: ATR failed for NBIS/USDT
2026-07-24 19:12:38.492 | DEBUG    | app.data.universe_scanner:refresh:188 - UniverseScanner: ATR failed for MUU/USDT
2026-07-24 19:12:38.800 | DEBUG    | app.data.universe_scanner:refresh:188 - UniverseScanner: ATR failed for PENGSTOCK/USDT
2026-07-24 19:12:39.109 | DEBUG    | app.data.universe_scanner:refresh:188 - UniverseScanner: ATR failed for CRCL/USDT
2026-07-24 19:12:39.109 | DEBUG    | app.data.universe_scanner:refresh:188 - UniverseScanner: ATR failed for SOXS/USDT
2026-07-24 19:12:39.418 | DEBUG    | app.data.universe_scanner:refresh:188 - UniverseScanner: ATR failed for MARA/USDT
2026-07-24 19:12:40.035 | DEBUG    | app.data.universe_scanner:refresh:188 - UniverseScanner: ATR failed for B2/USDT
2026-07-24 19:12:40.035 | DEBUG    | app.data.universe_scanner:refresh:188 - UniverseScanner: ATR failed for AEHR/USDT
2026-07-24 19:12:40.965 | DEBUG    | app.data.universe_scanner:refresh:188 - UniverseScanner: ATR failed for GS/USDT
2026-07-24 19:12:41.272 | DEBUG    | app.data.universe_scanner:refresh:188 - UniverseScanner: ATR failed for MSTR/USDT
2026-07-24 19:12:41.889 | DEBUG    | app.data.universe_scanner:refresh:188 - UniverseScanner: ATR failed for RDW/USDT
2026-07-24 19:12:41.889 | DEBUG    | app.data.universe_scanner:refresh:188 - UniverseScanner: ATR failed for AERGO/USDT
2026-07-24 19:12:41.890 | DEBUG    | app.data.universe_scanner:refresh:188 - UniverseScanner: ATR failed for SHIB1000/USDT
2026-07-24 19:12:41.890 | DEBUG    | app.data.universe_scanner:refresh:188 - UniverseScanner: ATR failed for EVAA/USDT
2026-07-24 19:12:42.201 | DEBUG    | app.data.universe_scanner:refresh:188 - UniverseScanner: ATR failed for APR/USDT
2026-07-24 19:12:42.510 | DEBUG    | app.data.universe_scanner:refresh:188 - UniverseScanner: ATR failed for POET/USDT
2026-07-24 19:12:43.127 | DEBUG    | app.data.universe_scanner:refresh:188 - UniverseScanner: ATR failed for EPIC/USDT
2026-07-24 19:12:43.127 | DEBUG    | app.data.universe_scanner:refresh:188 - UniverseScanner: ATR failed for AXTI/USDT
2026-07-24 19:12:44.051 | DEBUG    | app.data.universe_scanner:refresh:188 - UniverseScanner: ATR failed for XLV/USDT
2026-07-24 19:12:44.052 | DEBUG    | app.data.universe_scanner:refresh:188 - UniverseScanner: ATR failed for IONQ/USDT
2026-07-24 19:12:45.159 | DEBUG    | app.data.universe_scanner:refresh:188 - UniverseScanner: ATR failed for SAMSUNG/USDT
2026-07-24 19:12:45.661 | DEBUG    | app.data.universe_scanner:refresh:188 - UniverseScanner: ATR failed for AAOI/USDT
2026-07-24 19:12:45.970 | DEBUG    | app.data.universe_scanner:refresh:188 - UniverseScanner: ATR failed for AMDSTOCK/USDT
2026-07-24 19:12:45.970 | DEBUG    | app.data.universe_scanner:refresh:188 - UniverseScanner: ATR failed for XLK/USDT
2026-07-24 19:12:46.279 | DEBUG    | app.data.universe_scanner:refresh:188 - UniverseScanner: ATR failed for APLD/USDT
2026-07-24 19:12:46.588 | DEBUG    | app.data.universe_scanner:refresh:188 - UniverseScanner: ATR failed for UB/USDT
2026-07-24 19:12:47.511 | DEBUG    | app.data.universe_scanner:refresh:188 - UniverseScanner: ATR failed for APPSTOCK/USDT
2026-07-24 19:12:47.511 | DEBUG    | app.data.universe_scanner:refresh:188 - UniverseScanner: ATR failed for BZ/USDT
2026-07-24 19:12:47.819 | DEBUG    | app.data.universe_scanner:refresh:188 - UniverseScanner: ATR failed for TLM/USDT
2026-07-24 19:12:48.130 | DEBUG    | app.data.universe_scanner:refresh:188 - UniverseScanner: ATR failed for ONDS/USDT
2026-07-24 19:12:48.130 | DEBUG    | app.data.universe_scanner:refresh:188 - UniverseScanner: ATR failed for WENSTOCK/USDT
2026-07-24 19:12:48.440 | DEBUG    | app.data.universe_scanner:refresh:188 - UniverseScanner: ATR failed for DASH/USDT
2026-07-24 19:12:48.440 | DEBUG    | app.data.universe_scanner:refresh:188 - UniverseScanner: ATR failed for PAXG/USDT
2026-07-24 19:12:48.440 | DEBUG    | app.data.universe_scanner:refresh:188 - UniverseScanner: ATR failed for BIO/USDT
2026-07-24 19:12:48.749 | DEBUG    | app.data.universe_scanner:refresh:188 - UniverseScanner: ATR failed for NVDA/USDT
2026-07-24 19:12:48.750 | INFO     | app.data.universe_scanner:refresh:232 - UniverseScanner: refreshed — %d symbols, top=%s (score=%.3f)
{"ts":"2026-07-24 19:13:13,251","level":"INFO","logger":"app.data_engine.redis_publisher","msg":"published 1 candles to bybit:INTW/USDT:1h"}
{"ts":"2026-07-24 19:13:13,817","level":"INFO","logger":"app.data_engine.redis_publisher","msg":"published 1 candles to bybit:KAITO/USDT:1h"}
{"ts":"2026-07-24 19:13:16,209","level":"INFO","logger":"app.data_engine.redis_publisher","msg":"published 1 candles to bybit:SOXS/USDT:1h"}
{"ts":"2026-07-24 19:13:22,356","level":"INFO","logger":"app.data_engine.redis_publisher","msg":"published 1 candles to bybit:HEMI/USDT:1h"}
{"ts":"2026-07-24 19:13:22,707","level":"INFO","logger":"app.data_engine.redis_publisher","msg":"published 1 candles to bybit:ORDER/USDT:1h"}
{"ts":"2026-07-24 19:13:23,025","level":"INFO","logger":"app.data_engine.redis_publisher","msg":"published 1 candles to bybit:BLESS/USDT:1h"}
{"ts":"2026-07-24 19:13:24,671","level":"INFO","logger":"app.data_engine.redis_publisher","msg":"published 1 candles to bybit:RE/USDT:1h"}
{"ts":"2026-07-24 19:13:25,081","level":"INFO","logger":"app.data_engine.redis_publisher","msg":"published 1 candles to bybit:AKE/USDT:1h"}
{"ts":"2026-07-24 19:13:25,842","level":"INFO","logger":"app.data_engine.redis_publisher","msg":"published 1 candles to bybit:B2/USDT:1h"}
{"ts":"2026-07-24 19:13:26,164","level":"INFO","logger":"app.data_engine.redis_publisher","msg":"published 1 candles to bybit:DEXE/USDT:1h"}
{"ts":"2026-07-24 19:13:26,730","level":"INFO","logger":"app.data_engine.redis_publisher","msg":"published 1 candles to bybit:TOWNS/USDT:1h"}
{"ts":"2026-07-24 19:13:27,342","level":"INFO","logger":"app.data_engine.redis_publisher","msg":"published 1 candles to bybit:CAP/USDT:1h"}
{"ts":"2026-07-24 19:13:27,632","level":"INFO","logger":"app.data_engine.redis_publisher","msg":"published 1 candles to bybit:ESPORTS/USDT:1h"}
{"ts":"2026-07-24 19:13:28,060","level":"INFO","logger":"app.data_engine.redis_publisher","msg":"published 1 candles to bybit:APR/USDT:1h"}
{"ts":"2026-07-24 19:13:28,389","level":"INFO","logger":"app.data_engine.redis_publisher","msg":"published 1 candles to bybit:GWEI/USDT:1h"}
{"ts":"2026-07-24 19:13:28,390","level":"INFO","logger":"app.data_engine.redis_publisher","msg":"published 1 candles to bybit:ACE/USDT:1h"}
{"ts":"2026-07-24 19:13:28,725","level":"INFO","logger":"app.data_engine.redis_publisher","msg":"published 1 candles to bybit:BEAM/USDT:1h"}
{"ts":"2026-07-24 19:13:28,824","level":"INFO","logger":"app.data_engine.redis_publisher","msg":"published 1 candles to bybit:XRP/USDT:1h"}
{"ts":"2026-07-24 19:13:28,999","level":"INFO","logger":"app.data_engine.redis_publisher","msg":"published 1 candles to bybit:SNXX/USDT:1h"}
{"ts":"2026-07-24 19:13:29,292","level":"INFO","logger":"app.data_engine.redis_publisher","msg":"published 1 candles to bybit:SOXL/USDT:1h"}
{"ts":"2026-07-24 19:13:29,622","level":"INFO","logger":"app.data_engine.redis_publisher","msg":"published 1 candles to bybit:SOL/USDT:1h"}
{"ts":"2026-07-24 19:13:29,919","level":"INFO","logger":"app.data_engine.redis_publisher","msg":"published 1 candles to bybit:PLAYSOUT/USDT:1h"}
{"ts":"2026-07-24 19:13:30,247","level":"INFO","logger":"app.data_engine.redis_publisher","msg":"published 1 candles to bybit:MU/USDT:1h"}
{"ts":"2026-07-24 19:13:30,745","level":"INFO","logger":"app.data_engine.redis_publisher","msg":"published 1 candles to bybit:BANK/USDT:1h"}
{"ts":"2026-07-24 19:13:30,949","level":"INFO","logger":"app.data_engine.redis_publisher","msg":"published 1 candles to bybit:BTC/USDT:1h"}
{"ts":"2026-07-24 19:13:31,078","level":"INFO","logger":"app.data_engine.redis_publisher","msg":"published 1 candles to bybit:HYPE/USDT:1h"}
{"ts":"2026-07-24 19:13:31,243","level":"INFO","logger":"app.data_engine.redis_publisher","msg":"published 1 candles to bybit:KORU/USDT:1h"}
{"ts":"2026-07-24 19:13:31,656","level":"INFO","logger":"app.data_engine.redis_publisher","msg":"published 1 candles to bybit:ETH/USDT:1h"}
{"ts":"2026-07-24 19:13:31,755","level":"INFO","logger":"app.data_engine.redis_publisher","msg":"published 1 candles to bybit:BEAT/USDT:1h"}
{"ts":"2026-07-24 19:13:31,868","level":"INFO","logger":"app.data_engine.redis_publisher","msg":"published 1 candles to bybit:SKHYNIX/USDT:1h"}
{"ts":"2026-07-24 19:13:31,972","level":"INFO","logger":"app.data_engine.redis_publisher","msg":"published 1 candles to bybit:SNDK/USDT:1h"}
{"ts":"2026-07-24 19:13:32,298","level":"INFO","logger":"app.data_engine.redis_publisher","msg":"published 1 candles to bybit:XAU/USDT:1h"}
{"ts":"2026-07-24 19:13:32,300","level":"INFO","logger":"app.data_engine.redis_publisher","msg":"published 1 candles to bybit:SKHY/USDT:1h"}
{"ts":"2026-07-24 19:13:32,392","level":"INFO","logger":"app.data_engine.redis_publisher","msg":"published 1 candles to bybit:ZEC/USDT:1h"}
{"ts":"2026-07-24 19:13:32,603","level":"INFO","logger":"app.data_engine.redis_publisher","msg":"published 1 candles to bybit:NEAR/USDT:1h"}
{"ts":"2026-07-24 19:13:32,698","level":"INFO","logger":"app.data_engine.redis_publisher","msg":"published 1 candles to bybit:INTC/USDT:1h"}
{"ts":"2026-07-24 19:13:32,899","level":"INFO","logger":"app.data_engine.redis_publisher","msg":"published 1 candles to bybit:VELVET/USDT:1h"}
{"ts":"2026-07-24 19:13:33,003","level":"INFO","logger":"app.data_engine.redis_publisher","msg":"published 1 candles to bybit:CL/USDT:1h"}
{"ts":"2026-07-24 19:13:33,331","level":"INFO","logger":"app.data_engine.redis_publisher","msg":"published 1 candles to bybit:AERGO/USDT:1h"}
{"ts":"2026-07-24 19:13:33,388","level":"INFO","logger":"app.data_engine.redis_publisher","msg":"published 1 candles to bybit:DOGE/USDT:1h"}
{"ts":"2026-07-24 19:14:13,792","level":"INFO","logger":"app.data_engine.redis_publisher","msg":"published 1 candles to bybit:INTW/USDT:1h"}
{"ts":"2026-07-24 19:14:14,130","level":"INFO","logger":"app.data_engine.redis_publisher","msg":"published 1 candles to bybit:KAITO/USDT:1h"}
{"ts":"2026-07-24 19:14:16,517","level":"INFO","logger":"app.data_engine.redis_publisher","msg":"published 1 candles to bybit:SOXS/USDT:1h"}
{"ts":"2026-07-24 19:14:22,664","level":"INFO","logger":"app.data_engine.redis_publisher","msg":"published 1 candles to bybit:HEMI/USDT:1h"}
{"ts":"2026-07-24 19:14:23,018","level":"INFO","logger":"app.data_engine.redis_publisher","msg":"published 1 candles to bybit:ORDER/USDT:1h"}
{"ts":"2026-07-24 19:14:23,333","level":"INFO","logger":"app.data_engine.redis_publisher","msg":"published 1 candles to bybit:BLESS/USDT:1h"}
{"ts":"2026-07-24 19:14:24,989","level":"INFO","logger":"app.data_engine.redis_publisher","msg":"published 1 candles to bybit:RE/USDT:1h"}
{"ts":"2026-07-24 19:14:25,392","level":"INFO","logger":"app.data_engine.redis_publisher","msg":"published 1 candles to bybit:AKE/USDT:1h"}
{"ts":"2026-07-24 19:14:26,157","level":"INFO","logger":"app.data_engine.redis_publisher","msg":"published 1 candles to bybit:B2/USDT:1h"}
{"ts":"2026-07-24 19:14:26,479","level":"INFO","logger":"app.data_engine.redis_publisher","msg":"published 1 candles to bybit:DEXE/USDT:1h"}
{"ts":"2026-07-24 19:14:27,041","level":"INFO","logger":"app.data_engine.redis_publisher","msg":"published 1 candles to bybit:TOWNS/USDT:1h"}
{"ts":"2026-07-24 19:14:27,653","level":"INFO","logger":"app.data_engine.redis_publisher","msg":"published 1 candles to bybit:CAP/USDT:1h"}
{"ts":"2026-07-24 19:14:27,944","level":"INFO","logger":"app.data_engine.redis_publisher","msg":"published 1 candles to bybit:ESPORTS/USDT:1h"}
{"ts":"2026-07-24 19:14:28,370","level":"INFO","logger":"app.data_engine.redis_publisher","msg":"published 1 candles to bybit:APR/USDT:1h"}
{"ts":"2026-07-24 19:14:28,697","level":"INFO","logger":"app.data_engine.redis_publisher","msg":"published 1 candles to bybit:GWEI/USDT:1h"}
{"ts":"2026-07-24 19:14:29,035","level":"INFO","logger":"app.data_engine.redis_publisher","msg":"published 1 candles to bybit:BEAM/USDT:1h"}
{"ts":"2026-07-24 19:14:29,308","level":"INFO","logger":"app.data_engine.redis_publisher","msg":"published 1 candles to bybit:SNXX/USDT:1h"}
{"ts":"2026-07-24 19:14:29,368","level":"INFO","logger":"app.data_engine.redis_publisher","msg":"published 1 candles to bybit:XRP/USDT:1h"}
{"ts":"2026-07-24 19:14:29,369","level":"INFO","logger":"app.data_engine.redis_publisher","msg":"published 1 candles to bybit:ACE/USDT:1h"}
{"ts":"2026-07-24 19:14:29,602","level":"INFO","logger":"app.data_engine.redis_publisher","msg":"published 1 candles to bybit:SOXL/USDT:1h"}
{"ts":"2026-07-24 19:14:29,935","level":"INFO","logger":"app.data_engine.redis_publisher","msg":"published 1 candles to bybit:SOL/USDT:1h"}
{"ts":"2026-07-24 19:14:30,228","level":"INFO","logger":"app.data_engine.redis_publisher","msg":"published 1 candles to bybit:PLAYSOUT/USDT:1h"}
{"ts":"2026-07-24 19:14:30,563","level":"INFO","logger":"app.data_engine.redis_publisher","msg":"published 1 candles to bybit:MU/USDT:1h"}
{"ts":"2026-07-24 19:14:31,057","level":"INFO","logger":"app.data_engine.redis_publisher","msg":"published 1 candles to bybit:BANK/USDT:1h"}
{"ts":"2026-07-24 19:14:31,261","level":"INFO","logger":"app.data_engine.redis_publisher","msg":"published 1 candles to bybit:BTC/USDT:1h"}
{"ts":"2026-07-24 19:14:31,386","level":"INFO","logger":"app.data_engine.redis_publisher","msg":"published 1 candles to bybit:HYPE/USDT:1h"}
{"ts":"2026-07-24 19:14:31,557","level":"INFO","logger":"app.data_engine.redis_publisher","msg":"published 1 candles to bybit:KORU/USDT:1h"}
{"ts":"2026-07-24 19:14:31,968","level":"INFO","logger":"app.data_engine.redis_publisher","msg":"published 1 candles to bybit:ETH/USDT:1h"}
{"ts":"2026-07-24 19:14:32,066","level":"INFO","logger":"app.data_engine.redis_publisher","msg":"published 1 candles to bybit:BEAT/USDT:1h"}
{"ts":"2026-07-24 19:14:32,177","level":"INFO","logger":"app.data_engine.redis_publisher","msg":"published 1 candles to bybit:SKHYNIX/USDT:1h"}
{"ts":"2026-07-24 19:14:32,283","level":"INFO","logger":"app.data_engine.redis_publisher","msg":"published 1 candles to bybit:SNDK/USDT:1h"}
{"ts":"2026-07-24 19:14:32,619","level":"INFO","logger":"app.data_engine.redis_publisher","msg":"published 1 candles to bybit:XAU/USDT:1h"}
{"ts":"2026-07-24 19:14:32,718","level":"INFO","logger":"app.data_engine.redis_publisher","msg":"published 1 candles to bybit:SKHY/USDT:1h"}
{"ts":"2026-07-24 19:14:32,817","level":"INFO","logger":"app.data_engine.redis_publisher","msg":"published 1 candles to bybit:ZEC/USDT:1h"}
{"ts":"2026-07-24 19:14:32,918","level":"INFO","logger":"app.data_engine.redis_publisher","msg":"published 1 candles to bybit:NEAR/USDT:1h"}
{"ts":"2026-07-24 19:14:33,016","level":"INFO","logger":"app.data_engine.redis_publisher","msg":"published 1 candles to bybit:INTC/USDT:1h"}
{"ts":"2026-07-24 19:14:33,211","level":"INFO","logger":"app.data_engine.redis_publisher","msg":"published 1 candles to bybit:VELVET/USDT:1h"}
{"ts":"2026-07-24 19:14:33,311","level":"INFO","logger":"app.data_engine.redis_publisher","msg":"published 1 candles to bybit:CL/USDT:1h"}
{"ts":"2026-07-24 19:14:33,645","level":"INFO","logger":"app.data_engine.redis_publisher","msg":"published 1 candles to bybit:AERGO/USDT:1h"}
{"ts":"2026-07-24 19:14:33,745","level":"INFO","logger":"app.data_engine.redis_publisher","msg":"published 1 candles to bybit:DOGE/USDT:1h"}
{"ts":"2026-07-24 19:15:08,750","level":"INFO","logger":"app.data_engine.exchange_connector","msg":"fetched 2160 candles for SUI/USDT 1h (90 days)"}
{"ts":"2026-07-24 19:15:09,448","level":"INFO","logger":"app.data_engine.redis_publisher","msg":"published 10 candles to bybit:SUI/USDT:1h"}
{"ts":"2026-07-24 19:15:10,206","level":"INFO","logger":"app.data_engine.exchange_connector","msg":"fetched 1595 candles for CBRS/USDT 1h (90 days)"}
{"ts":"2026-07-24 19:15:10,547","level":"INFO","logger":"app.data_engine.redis_publisher","msg":"published 10 candles to bybit:CBRS/USDT:1h"}
{"ts":"2026-07-24 19:15:14,103","level":"INFO","logger":"app.data_engine.redis_publisher","msg":"published 1 candles to bybit:INTW/USDT:1h"}
{"ts":"2026-07-24 19:15:14,439","level":"INFO","logger":"app.data_engine.redis_publisher","msg":"published 1 candles to bybit:KAITO/USDT:1h"}
{"ts":"2026-07-24 19:15:17,013","level":"INFO","logger":"app.data_engine.redis_publisher","msg":"published 1 candles to bybit:SOXS/USDT:1h"}
{"ts":"2026-07-24 19:15:22,974","level":"INFO","logger":"app.data_engine.redis_publisher","msg":"published 1 candles to bybit:HEMI/USDT:1h"}
{"ts":"2026-07-24 19:15:23,327","level":"INFO","logger":"app.data_engine.redis_publisher","msg":"published 1 candles to bybit:ORDER/USDT:1h"}
{"ts":"2026-07-24 19:15:25,298","level":"INFO","logger":"app.data_engine.redis_publisher","msg":"published 1 candles to bybit:RE/USDT:1h"}
{"ts":"2026-07-24 19:15:25,703","level":"INFO","logger":"app.data_engine.redis_publisher","msg":"published 1 candles to bybit:AKE/USDT:1h"}
{"ts":"2026-07-24 19:15:26,466","level":"INFO","logger":"app.data_engine.redis_publisher","msg":"published 1 candles to bybit:B2/USDT:1h"}
{"ts":"2026-07-24 19:15:26,789","level":"INFO","logger":"app.data_engine.redis_publisher","msg":"published 1 candles to bybit:DEXE/USDT:1h"}
{"ts":"2026-07-24 19:15:27,354","level":"INFO","logger":"app.data_engine.redis_publisher","msg":"published 1 candles to bybit:TOWNS/USDT:1h"}
{"ts":"2026-07-24 19:15:27,963","level":"INFO","logger":"app.data_engine.redis_publisher","msg":"published 1 candles to bybit:CAP/USDT:1h"}
{"ts":"2026-07-24 19:15:28,255","level":"INFO","logger":"app.data_engine.redis_publisher","msg":"published 1 candles to bybit:ESPORTS/USDT:1h"}
{"ts":"2026-07-24 19:15:28,679","level":"INFO","logger":"app.data_engine.redis_publisher","msg":"published 1 candles to bybit:APR/USDT:1h"}
{"ts":"2026-07-24 19:15:29,007","level":"INFO","logger":"app.data_engine.redis_publisher","msg":"published 1 candles to bybit:GWEI/USDT:1h"}
{"ts":"2026-07-24 19:15:29,349","level":"INFO","logger":"app.data_engine.redis_publisher","msg":"published 1 candles to bybit:BEAM/USDT:1h"}
{"ts":"2026-07-24 19:15:29,618","level":"INFO","logger":"app.data_engine.redis_publisher","msg":"published 1 candles to bybit:SNXX/USDT:1h"}
{"ts":"2026-07-24 19:15:29,717","level":"INFO","logger":"app.data_engine.redis_publisher","msg":"published 1 candles to bybit:XRP/USDT:1h"}
{"ts":"2026-07-24 19:15:29,918","level":"INFO","logger":"app.data_engine.redis_publisher","msg":"published 1 candles to bybit:SOXL/USDT:1h"}
{"ts":"2026-07-24 19:15:30,248","level":"INFO","logger":"app.data_engine.redis_publisher","msg":"published 1 candles to bybit:SOL/USDT:1h"}
{"ts":"2026-07-24 19:15:30,397","level":"INFO","logger":"app.data_engine.redis_publisher","msg":"published 1 candles to bybit:ACE/USDT:1h"}
{"ts":"2026-07-24 19:15:30,538","level":"INFO","logger":"app.data_engine.redis_publisher","msg":"published 1 candles to bybit:PLAYSOUT/USDT:1h"}
{"ts":"2026-07-24 19:15:30,873","level":"INFO","logger":"app.data_engine.redis_publisher","msg":"published 1 candles to bybit:MU/USDT:1h"}
{"ts":"2026-07-24 19:15:31,372","level":"INFO","logger":"app.data_engine.redis_publisher","msg":"published 1 candles to bybit:BANK/USDT:1h"}
{"ts":"2026-07-24 19:15:31,578","level":"INFO","logger":"app.data_engine.redis_publisher","msg":"published 1 candles to bybit:BTC/USDT:1h"}
{"ts":"2026-07-24 19:15:31,698","level":"INFO","logger":"app.data_engine.redis_publisher","msg":"published 1 candles to bybit:HYPE/USDT:1h"}
{"ts":"2026-07-24 19:15:31,868","level":"INFO","logger":"app.data_engine.redis_publisher","msg":"published 1 candles to bybit:KORU/USDT:1h"}
{"ts":"2026-07-24 19:15:32,283","level":"INFO","logger":"app.data_engine.redis_publisher","msg":"published 1 candles to bybit:ETH/USDT:1h"}
{"ts":"2026-07-24 19:15:32,593","level":"INFO","logger":"app.data_engine.redis_publisher","msg":"published 1 candles to bybit:SNDK/USDT:1h"}
{"ts":"2026-07-24 19:15:32,673","level":"INFO","logger":"app.data_engine.redis_publisher","msg":"published 1 candles to bybit:SKHYNIX/USDT:1h"}
{"ts":"2026-07-24 19:15:32,930","level":"INFO","logger":"app.data_engine.redis_publisher","msg":"published 1 candles to bybit:XAU/USDT:1h"}
{"ts":"2026-07-24 19:15:33,030","level":"INFO","logger":"app.data_engine.redis_publisher","msg":"published 1 candles to bybit:SKHY/USDT:1h"}
{"ts":"2026-07-24 19:15:33,128","level":"INFO","logger":"app.data_engine.redis_publisher","msg":"published 1 candles to bybit:ZEC/USDT:1h"}
{"ts":"2026-07-24 19:15:33,228","level":"INFO","logger":"app.data_engine.redis_publisher","msg":"published 1 candles to bybit:NEAR/USDT:1h"}
{"ts":"2026-07-24 19:15:33,329","level":"INFO","logger":"app.data_engine.redis_publisher","msg":"published 1 candles to bybit:INTC/USDT:1h"}
{"ts":"2026-07-24 19:15:33,520","level":"INFO","logger":"app.data_engine.redis_publisher","msg":"published 1 candles to bybit:VELVET/USDT:1h"}
{"ts":"2026-07-24 19:15:33,621","level":"INFO","logger":"app.data_engine.redis_publisher","msg":"published 1 candles to bybit:CL/USDT:1h"}
{"ts":"2026-07-24 19:15:33,955","level":"INFO","logger":"app.data_engine.redis_publisher","msg":"published 1 candles to bybit:AERGO/USDT:1h"}
{"ts":"2026-07-24 19:15:34,054","level":"INFO","logger":"app.data_engine.redis_publisher","msg":"published 1 candles to bybit:DOGE/USDT:1h"}
{"ts":"2026-07-24 19:16:09,993","level":"INFO","logger":"app.data_engine.redis_publisher","msg":"published 1 candles to bybit:SUI/USDT:1h"}
{"ts":"2026-07-24 19:16:10,856","level":"INFO","logger":"app.data_engine.redis_publisher","msg":"published 1 candles to bybit:CBRS/USDT:1h"}
{"ts":"2026-07-24 19:16:14,414","level":"INFO","logger":"app.data_engine.redis_publisher","msg":"published 1 candles to bybit:INTW/USDT:1h"}
{"ts":"2026-07-24 19:16:14,822","level":"INFO","logger":"app.data_engine.redis_publisher","msg":"published 1 candles to bybit:KAITO/USDT:1h"}
{"ts":"2026-07-24 19:16:17,509","level":"INFO","logger":"app.data_engine.redis_publisher","msg":"published 1 candles to bybit:SOXS/USDT:1h"}
{"ts":"2026-07-24 19:16:23,284","level":"INFO","logger":"app.data_engine.redis_publisher","msg":"published 1 candles to bybit:HEMI/USDT:1h"}
{"ts":"2026-07-24 19:16:23,636","level":"INFO","logger":"app.data_engine.redis_publisher","msg":"published 1 candles to bybit:ORDER/USDT:1h"}
{"ts":"2026-07-24 19:16:25,610","level":"INFO","logger":"app.data_engine.redis_publisher","msg":"published 1 candles to bybit:RE/USDT:1h"}
{"ts":"2026-07-24 19:16:26,015","level":"INFO","logger":"app.data_engine.redis_publisher","msg":"published 1 candles to bybit:AKE/USDT:1h"}
{"ts":"2026-07-24 19:16:26,776","level":"INFO","logger":"app.data_engine.redis_publisher","msg":"published 1 candles to bybit:B2/USDT:1h"}
{"ts":"2026-07-24 19:16:27,112","level":"INFO","logger":"app.data_engine.redis_publisher","msg":"published 1 candles to bybit:DEXE/USDT:1h"}
{"ts":"2026-07-24 19:16:27,666","level":"INFO","logger":"app.data_engine.redis_publisher","msg":"published 1 candles to bybit:TOWNS/USDT:1h"}
{"ts":"2026-07-24 19:16:28,273","level":"INFO","logger":"app.data_engine.redis_publisher","msg":"published 1 candles to bybit:CAP/USDT:1h"}
{"ts":"2026-07-24 19:16:28,565","level":"INFO","logger":"app.data_engine.redis_publisher","msg":"published 1 candles to bybit:ESPORTS/USDT:1h"}
{"ts":"2026-07-24 19:16:28,992","level":"INFO","logger":"app.data_engine.redis_publisher","msg":"published 1 candles to bybit:APR/USDT:1h"}
{"ts":"2026-07-24 19:16:29,317","level":"INFO","logger":"app.data_engine.redis_publisher","msg":"published 1 candles to bybit:GWEI/USDT:1h"}
{"ts":"2026-07-24 19:16:29,666","level":"INFO","logger":"app.data_engine.redis_publisher","msg":"published 1 candles to bybit:BEAM/USDT:1h"}
{"ts":"2026-07-24 19:16:29,929","level":"INFO","logger":"app.data_engine.redis_publisher","msg":"published 1 candles to bybit:SNXX/USDT:1h"}
{"ts":"2026-07-24 19:16:30,227","level":"INFO","logger":"app.data_engine.redis_publisher","msg":"published 1 candles to bybit:SOXL/USDT:1h"}
{"ts":"2026-07-24 19:16:30,565","level":"INFO","logger":"app.data_engine.redis_publisher","msg":"published 1 candles to bybit:SOL/USDT:1h"}
{"ts":"2026-07-24 19:16:30,601","level":"INFO","logger":"app.data_engine.redis_publisher","msg":"published 1 candles to bybit:XRP/USDT:1h"}
{"ts":"2026-07-24 19:16:30,847","level":"INFO","logger":"app.data_engine.redis_publisher","msg":"published 1 candles to bybit:PLAYSOUT/USDT:1h"}
{"ts":"2026-07-24 19:16:30,941","level":"INFO","logger":"app.data_engine.redis_publisher","msg":"published 1 candles to bybit:ACE/USDT:1h"}
{"ts":"2026-07-24 19:16:31,187","level":"INFO","logger":"app.data_engine.redis_publisher","msg":"published 1 candles to bybit:MU/USDT:1h"}
{"ts":"2026-07-24 19:16:31,684","level":"INFO","logger":"app.data_engine.redis_publisher","msg":"published 1 candles to bybit:BANK/USDT:1h"}
{"ts":"2026-07-24 19:16:31,888","level":"INFO","logger":"app.data_engine.redis_publisher","msg":"published 1 candles to bybit:BTC/USDT:1h"}
{"ts":"2026-07-24 19:16:32,011","level":"INFO","logger":"app.data_engine.redis_publisher","msg":"published 1 candles to bybit:HYPE/USDT:1h"}
{"ts":"2026-07-24 19:16:32,178","level":"INFO","logger":"app.data_engine.redis_publisher","msg":"published 1 candles to bybit:KORU/USDT:1h"}
{"ts":"2026-07-24 19:16:32,598","level":"INFO","logger":"app.data_engine.redis_publisher","msg":"published 1 candles to bybit:ETH/USDT:1h"}
{"ts":"2026-07-24 19:16:32,903","level":"INFO","logger":"app.data_engine.redis_publisher","msg":"published 1 candles to bybit:SNDK/USDT:1h"}
{"ts":"2026-07-24 19:16:33,004","level":"INFO","logger":"app.data_engine.redis_publisher","msg":"published 1 candles to bybit:SKHYNIX/USDT:1h"}
{"ts":"2026-07-24 19:16:33,242","level":"INFO","logger":"app.data_engine.redis_publisher","msg":"published 1 candles to bybit:XAU/USDT:1h"}
{"ts":"2026-07-24 19:16:33,344","level":"INFO","logger":"app.data_engine.redis_publisher","msg":"published 1 candles to bybit:SKHY/USDT:1h"}
{"ts":"2026-07-24 19:16:33,456","level":"INFO","logger":"app.data_engine.redis_publisher","msg":"published 1 candles to bybit:ZEC/USDT:1h"}
{"ts":"2026-07-24 19:16:33,544","level":"INFO","logger":"app.data_engine.redis_publisher","msg":"published 1 candles to bybit:NEAR/USDT:1h"}
{"ts":"2026-07-24 19:16:33,656","level":"INFO","logger":"app.data_engine.redis_publisher","msg":"published 1 candles to bybit:INTC/USDT:1h"}
{"ts":"2026-07-24 19:16:33,815","level":"INFO","logger":"app.data_engine.redis_publisher","msg":"published 1 candles to bybit:VELVET/USDT:1h"}
{"ts":"2026-07-24 19:16:33,939","level":"INFO","logger":"app.data_engine.redis_publisher","msg":"published 1 candles to bybit:CL/USDT:1h"}
{"ts":"2026-07-24 19:16:34,268","level":"INFO","logger":"app.data_engine.redis_publisher","msg":"published 1 candles to bybit:AERGO/USDT:1h"}
{"ts":"2026-07-24 19:16:34,362","level":"INFO","logger":"app.data_engine.redis_publisher","msg":"published 1 candles to bybit:DOGE/USDT:1h"}
{"ts":"2026-07-24 19:17:10,537","level":"INFO","logger":"app.data_engine.redis_publisher","msg":"published 1 candles to bybit:SUI/USDT:1h"}
{"ts":"2026-07-24 19:17:11,165","level":"INFO","logger":"app.data_engine.redis_publisher","msg":"published 1 candles to bybit:CBRS/USDT:1h"}
{"ts":"2026-07-24 19:17:14,724","level":"INFO","logger":"app.data_engine.redis_publisher","msg":"published 1 candles to bybit:INTW/USDT:1h"}
{"ts":"2026-07-24 19:17:15,149","level":"INFO","logger":"app.data_engine.redis_publisher","msg":"published 1 candles to bybit:KAITO/USDT:1h"}
{"ts":"2026-07-24 19:17:17,884","level":"INFO","logger":"app.data_engine.redis_publisher","msg":"published 1 candles to bybit:SOXS/USDT:1h"}
{"ts":"2026-07-24 19:17:23,599","level":"INFO","logger":"app.data_engine.redis_publisher","msg":"published 1 candles to bybit:HEMI/USDT:1h"}
{"ts":"2026-07-24 19:17:23,948","level":"INFO","logger":"app.data_engine.redis_publisher","msg":"published 1 candles to bybit:ORDER/USDT:1h"}
{"ts":"2026-07-24 19:17:25,920","level":"INFO","logger":"app.data_engine.redis_publisher","msg":"published 1 candles to bybit:RE/USDT:1h"}
{"ts":"2026-07-24 19:17:26,325","level":"INFO","logger":"app.data_engine.redis_publisher","msg":"published 1 candles to bybit:AKE/USDT:1h"}
{"ts":"2026-07-24 19:17:27,085","level":"INFO","logger":"app.data_engine.redis_publisher","msg":"published 1 candles to bybit:B2/USDT:1h"}
{"ts":"2026-07-24 19:17:27,423","level":"INFO","logger":"app.data_engine.redis_publisher","msg":"published 1 candles to bybit:DEXE/USDT:1h"}
{"ts":"2026-07-24 19:17:27,975","level":"INFO","logger":"app.data_engine.redis_publisher","msg":"published 1 candles to bybit:TOWNS/USDT:1h"}
{"ts":"2026-07-24 19:17:28,586","level":"INFO","logger":"app.data_engine.redis_publisher","msg":"published 1 candles to bybit:CAP/USDT:1h"}
{"ts":"2026-07-24 19:17:28,876","level":"INFO","logger":"app.data_engine.redis_publisher","msg":"published 1 candles to bybit:ESPORTS/USDT:1h"}
{"ts":"2026-07-24 19:17:29,304","level":"INFO","logger":"app.data_engine.redis_publisher","msg":"published 1 candles to bybit:APR/USDT:1h"}
{"ts":"2026-07-24 19:17:29,626","level":"INFO","logger":"app.data_engine.redis_publisher","msg":"published 1 candles to bybit:GWEI/USDT:1h"}
{"ts":"2026-07-24 19:17:29,975","level":"INFO","logger":"app.data_engine.redis_publisher","msg":"published 1 candles to bybit:BEAM/USDT:1h"}
{"ts":"2026-07-24 19:17:30,240","level":"INFO","logger":"app.data_engine.redis_publisher","msg":"published 1 candles to bybit:SNXX/USDT:1h"}
{"ts":"2026-07-24 19:17:30,539","level":"INFO","logger":"app.data_engine.redis_publisher","msg":"published 1 candles to bybit:SOXL/USDT:1h"}
{"ts":"2026-07-24 19:17:30,884","level":"INFO","logger":"app.data_engine.redis_publisher","msg":"published 1 candles to bybit:SOL/USDT:1h"}
{"ts":"2026-07-24 19:17:31,157","level":"INFO","logger":"app.data_engine.redis_publisher","msg":"published 1 candles to bybit:PLAYSOUT/USDT:1h"}
{"ts":"2026-07-24 19:17:31,496","level":"INFO","logger":"app.data_engine.redis_publisher","msg":"published 1 candles to bybit:MU/USDT:1h"}
{"ts":"2026-07-24 19:17:31,553","level":"INFO","logger":"app.data_engine.redis_publisher","msg":"published 1 candles to bybit:XRP/USDT:1h"}
{"ts":"2026-07-24 19:17:31,554","level":"INFO","logger":"app.data_engine.redis_publisher","msg":"published 1 candles to bybit:ACE/USDT:1h"}
{"ts":"2026-07-24 19:17:31,997","level":"INFO","logger":"app.data_engine.redis_publisher","msg":"published 1 candles to bybit:BANK/USDT:1h"}
{"ts":"2026-07-24 19:17:32,199","level":"INFO","logger":"app.data_engine.redis_publisher","msg":"published 1 candles to bybit:BTC/USDT:1h"}
{"ts":"2026-07-24 19:17:32,323","level":"INFO","logger":"app.data_engine.redis_publisher","msg":"published 1 candles to bybit:HYPE/USDT:1h"}
{"ts":"2026-07-24 19:17:32,487","level":"INFO","logger":"app.data_engine.redis_publisher","msg":"published 1 candles to bybit:KORU/USDT:1h"}
{"ts":"2026-07-24 19:17:32,913","level":"INFO","logger":"app.data_engine.redis_publisher","msg":"published 1 candles to bybit:ETH/USDT:1h"}
{"ts":"2026-07-24 19:17:33,217","level":"INFO","logger":"app.data_engine.redis_publisher","msg":"published 1 candles to bybit:SNDK/USDT:1h"}
{"ts":"2026-07-24 19:17:33,317","level":"INFO","logger":"app.data_engine.redis_publisher","msg":"published 1 candles to bybit:SKHYNIX/USDT:1h"}
{"ts":"2026-07-24 19:17:33,557","level":"INFO","logger":"app.data_engine.redis_publisher","msg":"published 1 candles to bybit:XAU/USDT:1h"}
{"ts":"2026-07-24 19:17:33,654","level":"INFO","logger":"app.data_engine.redis_publisher","msg":"published 1 candles to bybit:SKHY/USDT:1h"}
{"ts":"2026-07-24 19:17:33,772","level":"INFO","logger":"app.data_engine.redis_publisher","msg":"published 1 candles to bybit:ZEC/USDT:1h"}
{"ts":"2026-07-24 19:17:33,870","level":"INFO","logger":"app.data_engine.redis_publisher","msg":"published 1 candles to bybit:NEAR/USDT:1h"}
{"ts":"2026-07-24 19:17:33,975","level":"INFO","logger":"app.data_engine.redis_publisher","msg":"published 1 candles to bybit:INTC/USDT:1h"}
{"ts":"2026-07-24 19:17:34,129","level":"INFO","logger":"app.data_engine.redis_publisher","msg":"published 1 candles to bybit:VELVET/USDT:1h"}
{"ts":"2026-07-24 19:17:34,255","level":"INFO","logger":"app.data_engine.redis_publisher","msg":"published 1 candles to bybit:CL/USDT:1h"}
{"ts":"2026-07-24 19:17:34,578","level":"INFO","logger":"app.data_engine.redis_publisher","msg":"published 1 candles to bybit:AERGO/USDT:1h"}
{"ts":"2026-07-24 19:17:34,677","level":"INFO","logger":"app.data_engine.redis_publisher","msg":"published 1 candles to bybit:DOGE/USDT:1h"}
{"ts":"2026-07-24 19:18:11,079","level":"INFO","logger":"app.data_engine.redis_publisher","msg":"published 1 candles to bybit:SUI/USDT:1h"}
{"ts":"2026-07-24 19:18:11,474","level":"INFO","logger":"app.data_engine.redis_publisher","msg":"published 1 candles to bybit:CBRS/USDT:1h"}
{"ts":"2026-07-24 19:18:15,038","level":"INFO","logger":"app.data_engine.redis_publisher","msg":"published 1 candles to bybit:INTW/USDT:1h"}
{"ts":"2026-07-24 19:18:15,457","level":"INFO","logger":"app.data_engine.redis_publisher","msg":"published 1 candles to bybit:KAITO/USDT:1h"}
{"ts":"2026-07-24 19:18:18,192","level":"INFO","logger":"app.data_engine.redis_publisher","msg":"published 1 candles to bybit:SOXS/USDT:1h"}
{"ts":"2026-07-24 19:18:23,912","level":"INFO","logger":"app.data_engine.redis_publisher","msg":"published 1 candles to bybit:HEMI/USDT:1h"}
{"ts":"2026-07-24 19:18:24,256","level":"INFO","logger":"app.data_engine.redis_publisher","msg":"published 1 candles to bybit:ORDER/USDT:1h"}
{"ts":"2026-07-24 19:18:26,229","level":"INFO","logger":"app.data_engine.redis_publisher","msg":"published 1 candles to bybit:RE/USDT:1h"}
{"ts":"2026-07-24 19:18:26,636","level":"INFO","logger":"app.data_engine.redis_publisher","msg":"published 1 candles to bybit:AKE/USDT:1h"}
{"ts":"2026-07-24 19:18:27,393","level":"INFO","logger":"app.data_engine.redis_publisher","msg":"published 1 candles to bybit:B2/USDT:1h"}
{"ts":"2026-07-24 19:18:27,735","level":"INFO","logger":"app.data_engine.redis_publisher","msg":"published 1 candles to bybit:DEXE/USDT:1h"}
{"ts":"2026-07-24 19:18:28,291","level":"INFO","logger":"app.data_engine.redis_publisher","msg":"published 1 candles to bybit:TOWNS/USDT:1h"}
{"ts":"2026-07-24 19:18:28,894","level":"INFO","logger":"app.data_engine.redis_publisher","msg":"published 1 candles to bybit:CAP/USDT:1h"}
{"ts":"2026-07-24 19:18:29,185","level":"INFO","logger":"app.data_engine.redis_publisher","msg":"published 1 candles to bybit:ESPORTS/USDT:1h"}
{"ts":"2026-07-24 19:18:29,619","level":"INFO","logger":"app.data_engine.redis_publisher","msg":"published 1 candles to bybit:APR/USDT:1h"}
{"ts":"2026-07-24 19:18:29,935","level":"INFO","logger":"app.data_engine.redis_publisher","msg":"published 1 candles to bybit:GWEI/USDT:1h"}
{"ts":"2026-07-24 19:18:30,285","level":"INFO","logger":"app.data_engine.redis_publisher","msg":"published 1 candles to bybit:BEAM/USDT:1h"}
{"ts":"2026-07-24 19:18:30,548","level":"INFO","logger":"app.data_engine.redis_publisher","msg":"published 1 candles to bybit:SNXX/USDT:1h"}
{"ts":"2026-07-24 19:18:30,856","level":"INFO","logger":"app.data_engine.redis_publisher","msg":"published 1 candles to bybit:SOXL/USDT:1h"}
{"ts":"2026-07-24 19:18:31,199","level":"INFO","logger":"app.data_engine.redis_publisher","msg":"published 1 candles to bybit:SOL/USDT:1h"}
{"ts":"2026-07-24 19:18:31,466","level":"INFO","logger":"app.data_engine.redis_publisher","msg":"published 1 candles to bybit:PLAYSOUT/USDT:1h"}
{"ts":"2026-07-24 19:18:31,806","level":"INFO","logger":"app.data_engine.redis_publisher","msg":"published 1 candles to bybit:MU/USDT:1h"}
{"ts":"2026-07-24 19:18:32,133","level":"INFO","logger":"app.data_engine.redis_publisher","msg":"published 1 candles to bybit:XRP/USDT:1h"}
{"ts":"2026-07-24 19:18:32,230","level":"INFO","logger":"app.data_engine.redis_publisher","msg":"published 1 candles to bybit:ACE/USDT:1h"}
{"ts":"2026-07-24 19:18:32,309","level":"INFO","logger":"app.data_engine.redis_publisher","msg":"published 1 candles to bybit:BANK/USDT:1h"}
{"ts":"2026-07-24 19:18:32,525","level":"INFO","logger":"app.data_engine.redis_publisher","msg":"published 1 candles to bybit:BTC/USDT:1h"}
{"ts":"2026-07-24 19:18:32,640","level":"INFO","logger":"app.data_engine.redis_publisher","msg":"published 1 candles to bybit:HYPE/USDT:1h"}
{"ts":"2026-07-24 19:18:32,799","level":"INFO","logger":"app.data_engine.redis_publisher","msg":"published 1 candles to bybit:KORU/USDT:1h"}
{"ts":"2026-07-24 19:18:33,224","level":"INFO","logger":"app.data_engine.redis_publisher","msg":"published 1 candles to bybit:ETH/USDT:1h"}
{"ts":"2026-07-24 19:18:33,529","level":"INFO","logger":"app.data_engine.redis_publisher","msg":"published 1 candles to bybit:SNDK/USDT:1h"}
{"ts":"2026-07-24 19:18:33,628","level":"INFO","logger":"app.data_engine.redis_publisher","msg":"published 1 candles to bybit:SKHYNIX/USDT:1h"}
{"ts":"2026-07-24 19:18:33,870","level":"INFO","logger":"app.data_engine.redis_publisher","msg":"published 1 candles to bybit:XAU/USDT:1h"}
{"ts":"2026-07-24 19:18:33,975","level":"INFO","logger":"app.data_engine.redis_publisher","msg":"published 1 candles to bybit:SKHY/USDT:1h"}
{"ts":"2026-07-24 19:18:34,084","level":"INFO","logger":"app.data_engine.redis_publisher","msg":"published 1 candles to bybit:ZEC/USDT:1h"}
{"ts":"2026-07-24 19:18:34,183","level":"INFO","logger":"app.data_engine.redis_publisher","msg":"published 1 candles to bybit:NEAR/USDT:1h"}
{"ts":"2026-07-24 19:18:34,282","level":"INFO","logger":"app.data_engine.redis_publisher","msg":"published 1 candles to bybit:INTC/USDT:1h"}
{"ts":"2026-07-24 19:18:34,441","level":"INFO","logger":"app.data_engine.redis_publisher","msg":"published 1 candles to bybit:VELVET/USDT:1h"}
{"ts":"2026-07-24 19:18:34,564","level":"INFO","logger":"app.data_engine.redis_publisher","msg":"published 1 candles to bybit:CL/USDT:1h"}
{"ts":"2026-07-24 19:18:34,886","level":"INFO","logger":"app.data_engine.redis_publisher","msg":"published 1 candles to bybit:AERGO/USDT:1h"}
{"ts":"2026-07-24 19:18:34,987","level":"INFO","logger":"app.data_engine.redis_publisher","msg":"published 1 candles to bybit:DOGE/USDT:1h"}
{"ts":"2026-07-24 19:19:11,618","level":"INFO","logger":"app.data_engine.redis_publisher","msg":"published 1 candles to bybit:SUI/USDT:1h"}
{"ts":"2026-07-24 19:19:12,007","level":"INFO","logger":"app.data_engine.redis_publisher","msg":"published 1 candles to bybit:CBRS/USDT:1h"}
{"ts":"2026-07-24 19:19:15,350","level":"INFO","logger":"app.data_engine.redis_publisher","msg":"published 1 candles to bybit:INTW/USDT:1h"}
{"ts":"2026-07-24 19:19:15,766","level":"INFO","logger":"app.data_engine.redis_publisher","msg":"published 1 candles to bybit:KAITO/USDT:1h"}
{"ts":"2026-07-24 19:19:18,503","level":"INFO","logger":"app.data_engine.redis_publisher","msg":"published 1 candles to bybit:SOXS/USDT:1h"}
2026-07-24 19:19:18.919 | INFO     | app.data.ohlcv_fetcher:fetch:62 - OHLCV fetched: BTC/USDT 1h 200 candles
{"ts":"2026-07-24 19:19:24,222","level":"INFO","logger":"app.data_engine.redis_publisher","msg":"published 1 candles to bybit:HEMI/USDT:1h"}
{"ts":"2026-07-24 19:19:24,567","level":"INFO","logger":"app.data_engine.redis_publisher","msg":"published 1 candles to bybit:ORDER/USDT:1h"}
{"ts":"2026-07-24 19:19:26,538","level":"INFO","logger":"app.data_engine.redis_publisher","msg":"published 1 candles to bybit:RE/USDT:1h"}
{"ts":"2026-07-24 19:19:26,945","level":"INFO","logger":"app.data_engine.redis_publisher","msg":"published 1 candles to bybit:AKE/USDT:1h"}
{"ts":"2026-07-24 19:19:27,701","level":"INFO","logger":"app.data_engine.redis_publisher","msg":"published 1 candles to bybit:B2/USDT:1h"}
{"ts":"2026-07-24 19:19:28,045","level":"INFO","logger":"app.data_engine.redis_publisher","msg":"published 1 candles to bybit:DEXE/USDT:1h"}
{"ts":"2026-07-24 19:19:28,604","level":"INFO","logger":"app.data_engine.redis_publisher","msg":"published 1 candles to bybit:TOWNS/USDT:1h"}
{"ts":"2026-07-24 19:19:29,210","level":"INFO","logger":"app.data_engine.redis_publisher","msg":"published 1 candles to bybit:CAP/USDT:1h"}
{"ts":"2026-07-24 19:19:29,496","level":"INFO","logger":"app.data_engine.redis_publisher","msg":"published 1 candles to bybit:ESPORTS/USDT:1h"}
{"ts":"2026-07-24 19:19:29,930","level":"INFO","logger":"app.data_engine.redis_publisher","msg":"published 1 candles to bybit:APR/USDT:1h"}
{"ts":"2026-07-24 19:19:30,250","level":"INFO","logger":"app.data_engine.redis_publisher","msg":"published 1 candles to bybit:GWEI/USDT:1h"}
{"ts":"2026-07-24 19:19:30,598","level":"INFO","logger":"app.data_engine.redis_publisher","msg":"published 1 candles to bybit:BEAM/USDT:1h"}
{"ts":"2026-07-24 19:19:30,857","level":"INFO","logger":"app.data_engine.redis_publisher","msg":"published 1 candles to bybit:SNXX/USDT:1h"}
{"ts":"2026-07-24 19:19:31,166","level":"INFO","logger":"app.data_engine.redis_publisher","msg":"published 1 candles to bybit:SOXL/USDT:1h"}
{"ts":"2026-07-24 19:19:31,512","level":"INFO","logger":"app.data_engine.redis_publisher","msg":"published 1 candles to bybit:SOL/USDT:1h"}
{"ts":"2026-07-24 19:19:31,776","level":"INFO","logger":"app.data_engine.redis_publisher","msg":"published 1 candles to bybit:PLAYSOUT/USDT:1h"}
{"ts":"2026-07-24 19:19:32,117","level":"INFO","logger":"app.data_engine.redis_publisher","msg":"published 1 candles to bybit:MU/USDT:1h"}
{"ts":"2026-07-24 19:19:32,449","level":"INFO","logger":"app.data_engine.redis_publisher","msg":"published 1 candles to bybit:XRP/USDT:1h"}
{"ts":"2026-07-24 19:19:32,543","level":"INFO","logger":"app.data_engine.redis_publisher","msg":"published 1 candles to bybit:ACE/USDT:1h"}
{"ts":"2026-07-24 19:19:32,837","level":"INFO","logger":"app.data_engine.redis_publisher","msg":"published 1 candles to bybit:BTC/USDT:1h"}
{"ts":"2026-07-24 19:19:32,956","level":"INFO","logger":"app.data_engine.redis_publisher","msg":"published 1 candles to bybit:HYPE/USDT:1h"}
{"ts":"2026-07-24 19:19:33,118","level":"INFO","logger":"app.data_engine.redis_publisher","msg":"published 1 candles to bybit:KORU/USDT:1h"}
{"ts":"2026-07-24 19:19:33,206","level":"INFO","logger":"app.data_engine.redis_publisher","msg":"published 1 candles to bybit:BANK/USDT:1h"}
{"ts":"2026-07-24 19:19:33,541","level":"INFO","logger":"app.data_engine.redis_publisher","msg":"published 1 candles to bybit:ETH/USDT:1h"}
{"ts":"2026-07-24 19:19:33,842","level":"INFO","logger":"app.data_engine.redis_publisher","msg":"published 1 candles to bybit:SNDK/USDT:1h"}
{"ts":"2026-07-24 19:19:33,942","level":"INFO","logger":"app.data_engine.redis_publisher","msg":"published 1 candles to bybit:SKHYNIX/USDT:1h"}
{"ts":"2026-07-24 19:19:34,180","level":"INFO","logger":"app.data_engine.redis_publisher","msg":"published 1 candles to bybit:XAU/USDT:1h"}
{"ts":"2026-07-24 19:19:34,284","level":"INFO","logger":"app.data_engine.redis_publisher","msg":"published 1 candles to bybit:SKHY/USDT:1h"}
{"ts":"2026-07-24 19:19:34,394","level":"INFO","logger":"app.data_engine.redis_publisher","msg":"published 1 candles to bybit:ZEC/USDT:1h"}
{"ts":"2026-07-24 19:19:34,497","level":"INFO","logger":"app.data_engine.redis_publisher","msg":"published 1 candles to bybit:NEAR/USDT:1h"}
{"ts":"2026-07-24 19:19:34,594","level":"INFO","logger":"app.data_engine.redis_publisher","msg":"published 1 candles to bybit:INTC/USDT:1h"}
{"ts":"2026-07-24 19:19:34,754","level":"INFO","logger":"app.data_engine.redis_publisher","msg":"published 1 candles to bybit:VELVET/USDT:1h"}
{"ts":"2026-07-24 19:19:34,871","level":"INFO","logger":"app.data_engine.redis_publisher","msg":"published 1 candles to bybit:CL/USDT:1h"}
{"ts":"2026-07-24 19:19:35,198","level":"INFO","logger":"app.data_engine.redis_publisher","msg":"published 1 candles to bybit:AERGO/USDT:1h"}
{"ts":"2026-07-24 19:19:35,298","level":"INFO","logger":"app.data_engine.redis_publisher","msg":"published 1 candles to bybit:DOGE/USDT:1h"}
{"ts":"2026-07-24 19:20:12,503","level":"INFO","logger":"app.data_engine.redis_publisher","msg":"published 1 candles to bybit:SUI/USDT:1h"}
{"ts":"2026-07-24 19:20:12,540","level":"INFO","logger":"app.data_engine.redis_publisher","msg":"published 1 candles to bybit:CBRS/USDT:1h"}
{"ts":"2026-07-24 19:20:15,659","level":"INFO","logger":"app.data_engine.redis_publisher","msg":"published 1 candles to bybit:INTW/USDT:1h"}
{"ts":"2026-07-24 19:20:16,076","level":"INFO","logger":"app.data_engine.redis_publisher","msg":"published 1 candles to bybit:KAITO/USDT:1h"}
{"ts":"2026-07-24 19:20:18,811","level":"INFO","logger":"app.data_engine.redis_publisher","msg":"published 1 candles to bybit:SOXS/USDT:1h"}
{"ts":"2026-07-24 19:20:24,533","level":"INFO","logger":"app.data_engine.redis_publisher","msg":"published 1 candles to bybit:HEMI/USDT:1h"}
{"ts":"2026-07-24 19:20:24,879","level":"INFO","logger":"app.data_engine.redis_publisher","msg":"published 1 candles to bybit:ORDER/USDT:1h"}
{"ts":"2026-07-24 19:20:26,848","level":"INFO","logger":"app.data_engine.redis_publisher","msg":"published 1 candles to bybit:RE/USDT:1h"}
{"ts":"2026-07-24 19:20:27,264","level":"INFO","logger":"app.data_engine.redis_publisher","msg":"published 1 candles to bybit:AKE/USDT:1h"}
{"ts":"2026-07-24 19:20:28,010","level":"INFO","logger":"app.data_engine.redis_publisher","msg":"published 1 candles to bybit:B2/USDT:1h"}
{"ts":"2026-07-24 19:20:28,356","level":"INFO","logger":"app.data_engine.redis_publisher","msg":"published 1 candles to bybit:DEXE/USDT:1h"}
{"ts":"2026-07-24 19:20:28,929","level":"INFO","logger":"app.data_engine.redis_publisher","msg":"published 1 candles to bybit:TOWNS/USDT:1h"}
{"ts":"2026-07-24 19:20:29,524","level":"INFO","logger":"app.data_engine.redis_publisher","msg":"published 1 candles to bybit:CAP/USDT:1h"}
{"ts":"2026-07-24 19:20:29,806","level":"INFO","logger":"app.data_engine.redis_publisher","msg":"published 1 candles to bybit:ESPORTS/USDT:1h"}
{"ts":"2026-07-24 19:20:30,242","level":"INFO","logger":"app.data_engine.redis_publisher","msg":"published 1 candles to bybit:APR/USDT:1h"}
{"ts":"2026-07-24 19:20:30,561","level":"INFO","logger":"app.data_engine.redis_publisher","msg":"published 1 candles to bybit:GWEI/USDT:1h"}
{"ts":"2026-07-24 19:20:30,913","level":"INFO","logger":"app.data_engine.redis_publisher","msg":"published 1 candles to bybit:BEAM/USDT:1h"}
{"ts":"2026-07-24 19:20:31,172","level":"INFO","logger":"app.data_engine.redis_publisher","msg":"published 1 candles to bybit:SNXX/USDT:1h"}
{"ts":"2026-07-24 19:20:31,479","level":"INFO","logger":"app.data_engine.redis_publisher","msg":"published 1 candles to bybit:SOXL/USDT:1h"}
{"ts":"2026-07-24 19:20:31,922","level":"INFO","logger":"app.data_engine.redis_publisher","msg":"published 1 candles to bybit:SOL/USDT:1h"}
{"ts":"2026-07-24 19:20:32,087","level":"INFO","logger":"app.data_engine.redis_publisher","msg":"published 1 candles to bybit:PLAYSOUT/USDT:1h"}
{"ts":"2026-07-24 19:20:32,426","level":"INFO","logger":"app.data_engine.redis_publisher","msg":"published 1 candles to bybit:MU/USDT:1h"}
{"ts":"2026-07-24 19:20:32,762","level":"INFO","logger":"app.data_engine.redis_publisher","msg":"published 1 candles to bybit:XRP/USDT:1h"}
{"ts":"2026-07-24 19:20:32,861","level":"INFO","logger":"app.data_engine.redis_publisher","msg":"published 1 candles to bybit:ACE/USDT:1h"}
{"ts":"2026-07-24 19:20:33,147","level":"INFO","logger":"app.data_engine.redis_publisher","msg":"published 1 candles to bybit:BTC/USDT:1h"}
{"ts":"2026-07-24 19:20:33,266","level":"INFO","logger":"app.data_engine.redis_publisher","msg":"published 1 candles to bybit:HYPE/USDT:1h"}
{"ts":"2026-07-24 19:20:33,426","level":"INFO","logger":"app.data_engine.redis_publisher","msg":"published 1 candles to bybit:KORU/USDT:1h"}
{"ts":"2026-07-24 19:20:33,532","level":"INFO","logger":"app.data_engine.redis_publisher","msg":"published 1 candles to bybit:BANK/USDT:1h"}
{"ts":"2026-07-24 19:20:33,855","level":"INFO","logger":"app.data_engine.redis_publisher","msg":"published 1 candles to bybit:ETH/USDT:1h"}
{"ts":"2026-07-24 19:20:34,156","level":"INFO","logger":"app.data_engine.redis_publisher","msg":"published 1 candles to bybit:SNDK/USDT:1h"}
{"ts":"2026-07-24 19:20:34,258","level":"INFO","logger":"app.data_engine.redis_publisher","msg":"published 1 candles to bybit:SKHYNIX/USDT:1h"}
{"ts":"2026-07-24 19:20:34,492","level":"INFO","logger":"app.data_engine.redis_publisher","msg":"published 1 candles to bybit:XAU/USDT:1h"}
{"ts":"2026-07-24 19:20:34,596","level":"INFO","logger":"app.data_engine.redis_publisher","msg":"published 1 candles to bybit:SKHY/USDT:1h"}
{"ts":"2026-07-24 19:20:34,703","level":"INFO","logger":"app.data_engine.redis_publisher","msg":"published 1 candles to bybit:ZEC/USDT:1h"}
{"ts":"2026-07-24 19:20:34,806","level":"INFO","logger":"app.data_engine.redis_publisher","msg":"published 1 candles to bybit:NEAR/USDT:1h"}
{"ts":"2026-07-24 19:20:35,064","level":"INFO","logger":"app.data_engine.redis_publisher","msg":"published 1 candles to bybit:VELVET/USDT:1h"}
{"ts":"2026-07-24 19:20:35,180","level":"INFO","logger":"app.data_engine.redis_publisher","msg":"published 1 candles to bybit:CL/USDT:1h"}
{"ts":"2026-07-24 19:20:35,499","level":"INFO","logger":"app.data_engine.redis_publisher","msg":"published 1 candles to bybit:INTC/USDT:1h"}
{"ts":"2026-07-24 19:20:35,508","level":"INFO","logger":"app.data_engine.redis_publisher","msg":"published 1 candles to bybit:AERGO/USDT:1h"}
{"ts":"2026-07-24 19:20:35,611","level":"INFO","logger":"app.data_engine.redis_publisher","msg":"published 1 candles to bybit:DOGE/USDT:1h"}
{"ts":"2026-07-24 19:21:13,046","level":"INFO","logger":"app.data_engine.redis_publisher","msg":"published 1 candles to bybit:SUI/USDT:1h"}
{"ts":"2026-07-24 19:21:13,138","level":"INFO","logger":"app.data_engine.redis_publisher","msg":"published 1 candles to bybit:CBRS/USDT:1h"}
{"ts":"2026-07-24 19:21:15,970","level":"INFO","logger":"app.data_engine.redis_publisher","msg":"published 1 candles to bybit:INTW/USDT:1h"}
{"ts":"2026-07-24 19:21:16,386","level":"INFO","logger":"app.data_engine.redis_publisher","msg":"published 1 candles to bybit:KAITO/USDT:1h"}
{"ts":"2026-07-24 19:21:19,117","level":"INFO","logger":"app.data_engine.redis_publisher","msg":"published 1 candles to bybit:SOXS/USDT:1h"}
{"ts":"2026-07-24 19:21:24,844","level":"INFO","logger":"app.data_engine.redis_publisher","msg":"published 1 candles to bybit:HEMI/USDT:1h"}
{"ts":"2026-07-24 19:21:25,192","level":"INFO","logger":"app.data_engine.redis_publisher","msg":"published 1 candles to bybit:ORDER/USDT:1h"}
{"ts":"2026-07-24 19:21:27,157","level":"INFO","logger":"app.data_engine.redis_publisher","msg":"published 1 candles to bybit:RE/USDT:1h"}
{"ts":"2026-07-24 19:21:27,574","level":"INFO","logger":"app.data_engine.redis_publisher","msg":"published 1 candles to bybit:AKE/USDT:1h"}
{"ts":"2026-07-24 19:21:28,322","level":"INFO","logger":"app.data_engine.redis_publisher","msg":"published 1 candles to bybit:B2/USDT:1h"}
{"ts":"2026-07-24 19:21:28,666","level":"INFO","logger":"app.data_engine.redis_publisher","msg":"published 1 candles to bybit:DEXE/USDT:1h"}
{"ts":"2026-07-24 19:21:29,257","level":"INFO","logger":"app.data_engine.redis_publisher","msg":"published 1 candles to bybit:TOWNS/USDT:1h"}
{"ts":"2026-07-24 19:21:29,834","level":"INFO","logger":"app.data_engine.redis_publisher","msg":"published 1 candles to bybit:CAP/USDT:1h"}
{"ts":"2026-07-24 19:21:30,117","level":"INFO","logger":"app.data_engine.redis_publisher","msg":"published 1 candles to bybit:ESPORTS/USDT:1h"}
{"ts":"2026-07-24 19:21:30,556","level":"INFO","logger":"app.data_engine.redis_publisher","msg":"published 1 candles to bybit:APR/USDT:1h"}
{"ts":"2026-07-24 19:21:30,881","level":"INFO","logger":"app.data_engine.redis_publisher","msg":"published 1 candles to bybit:GWEI/USDT:1h"}
{"ts":"2026-07-24 19:21:31,218","level":"INFO","logger":"app.data_engine.redis_publisher","msg":"published 1 candles to bybit:BEAM/USDT:1h"}
{"ts":"2026-07-24 19:21:31,482","level":"INFO","logger":"app.data_engine.redis_publisher","msg":"published 1 candles to bybit:SNXX/USDT:1h"}
{"ts":"2026-07-24 19:21:31,789","level":"INFO","logger":"app.data_engine.redis_publisher","msg":"published 1 candles to bybit:SOXL/USDT:1h"}
{"ts":"2026-07-24 19:21:32,233","level":"INFO","logger":"app.data_engine.redis_publisher","msg":"published 1 candles to bybit:SOL/USDT:1h"}
{"ts":"2026-07-24 19:21:32,396","level":"INFO","logger":"app.data_engine.redis_publisher","msg":"published 1 candles to bybit:PLAYSOUT/USDT:1h"}
{"ts":"2026-07-24 19:21:32,736","level":"INFO","logger":"app.data_engine.redis_publisher","msg":"published 1 candles to bybit:MU/USDT:1h"}
{"ts":"2026-07-24 19:21:33,080","level":"INFO","logger":"app.data_engine.redis_publisher","msg":"published 1 candles to bybit:XRP/USDT:1h"}
{"ts":"2026-07-24 19:21:33,181","level":"INFO","logger":"app.data_engine.redis_publisher","msg":"published 1 candles to bybit:ACE/USDT:1h"}
{"ts":"2026-07-24 19:21:33,456","level":"INFO","logger":"app.data_engine.redis_publisher","msg":"published 1 candles to bybit:BTC/USDT:1h"}
{"ts":"2026-07-24 19:21:33,575","level":"INFO","logger":"app.data_engine.redis_publisher","msg":"published 1 candles to bybit:HYPE/USDT:1h"}
{"ts":"2026-07-24 19:21:33,736","level":"INFO","logger":"app.data_engine.redis_publisher","msg":"published 1 candles to bybit:KORU/USDT:1h"}
{"ts":"2026-07-24 19:21:33,845","level":"INFO","logger":"app.data_engine.redis_publisher","msg":"published 1 candles to bybit:BANK/USDT:1h"}
{"ts":"2026-07-24 19:21:34,163","level":"INFO","logger":"app.data_engine.redis_publisher","msg":"published 1 candles to bybit:ETH/USDT:1h"}
{"ts":"2026-07-24 19:21:34,464","level":"INFO","logger":"app.data_engine.redis_publisher","msg":"published 1 candles to bybit:SNDK/USDT:1h"}
{"ts":"2026-07-24 19:21:34,566","level":"INFO","logger":"app.data_engine.redis_publisher","msg":"published 1 candles to bybit:SKHYNIX/USDT:1h"}
{"ts":"2026-07-24 19:21:34,803","level":"INFO","logger":"app.data_engine.redis_publisher","msg":"published 1 candles to bybit:XAU/USDT:1h"}
{"ts":"2026-07-24 19:21:34,906","level":"INFO","logger":"app.data_engine.redis_publisher","msg":"published 1 candles to bybit:SKHY/USDT:1h"}
{"ts":"2026-07-24 19:21:35,014","level":"INFO","logger":"app.data_engine.redis_publisher","msg":"published 1 candles to bybit:ZEC/USDT:1h"}
{"ts":"2026-07-24 19:21:35,116","level":"INFO","logger":"app.data_engine.redis_publisher","msg":"published 1 candles to bybit:NEAR/USDT:1h"}
{"ts":"2026-07-24 19:21:35,373","level":"INFO","logger":"app.data_engine.redis_publisher","msg":"published 1 candles to bybit:VELVET/USDT:1h"}
{"ts":"2026-07-24 19:21:35,503","level":"INFO","logger":"app.data_engine.redis_publisher","msg":"published 1 candles to bybit:CL/USDT:1h"}
{"ts":"2026-07-24 19:21:35,811","level":"INFO","logger":"app.data_engine.redis_publisher","msg":"published 1 candles to bybit:INTC/USDT:1h"}
{"ts":"2026-07-24 19:21:35,958","level":"INFO","logger":"app.data_engine.redis_publisher","msg":"published 1 candles to bybit:AERGO/USDT:1h"}
{"ts":"2026-07-24 19:21:36,595","level":"INFO","logger":"app.data_engine.redis_publisher","msg":"published 1 candles to bybit:DOGE/USDT:1h"}
{"ts":"2026-07-24 19:22:13,593","level":"INFO","logger":"app.data_engine.redis_publisher","msg":"published 1 candles to bybit:SUI/USDT:1h"}
{"ts":"2026-07-24 19:22:13,681","level":"INFO","logger":"app.data_engine.redis_publisher","msg":"published 1 candles to bybit:CBRS/USDT:1h"}
{"ts":"2026-07-24 19:22:16,284","level":"INFO","logger":"app.data_engine.redis_publisher","msg":"published 1 candles to bybit:INTW/USDT:1h"}
{"ts":"2026-07-24 19:22:16,695","level":"INFO","logger":"app.data_engine.redis_publisher","msg":"published 1 candles to bybit:KAITO/USDT:1h"}
{"ts":"2026-07-24 19:22:19,428","level":"INFO","logger":"app.data_engine.redis_publisher","msg":"published 1 candles to bybit:SOXS/USDT:1h"}
{"ts":"2026-07-24 19:22:25,157","level":"INFO","logger":"app.data_engine.redis_publisher","msg":"published 1 candles to bybit:HEMI/USDT:1h"}
{"ts":"2026-07-24 19:22:25,503","level":"INFO","logger":"app.data_engine.redis_publisher","msg":"published 1 candles to bybit:ORDER/USDT:1h"}
{"ts":"2026-07-24 19:22:27,472","level":"INFO","logger":"app.data_engine.redis_publisher","msg":"published 1 candles to bybit:RE/USDT:1h"}
{"ts":"2026-07-24 19:22:27,886","level":"INFO","logger":"app.data_engine.redis_publisher","msg":"published 1 candles to bybit:AKE/USDT:1h"}
{"ts":"2026-07-24 19:22:28,634","level":"INFO","logger":"app.data_engine.redis_publisher","msg":"published 1 candles to bybit:B2/USDT:1h"}
{"ts":"2026-07-24 19:22:29,052","level":"INFO","logger":"app.data_engine.redis_publisher","msg":"published 1 candles to bybit:DEXE/USDT:1h"}
{"ts":"2026-07-24 19:22:29,567","level":"INFO","logger":"app.data_engine.redis_publisher","msg":"published 1 candles to bybit:TOWNS/USDT:1h"}
{"ts":"2026-07-24 19:22:30,144","level":"INFO","logger":"app.data_engine.redis_publisher","msg":"published 1 candles to bybit:CAP/USDT:1h"}
{"ts":"2026-07-24 19:22:30,429","level":"INFO","logger":"app.data_engine.redis_publisher","msg":"published 1 candles to bybit:ESPORTS/USDT:1h"}
{"ts":"2026-07-24 19:22:30,869","level":"INFO","logger":"app.data_engine.redis_publisher","msg":"published 1 candles to bybit:APR/USDT:1h"}
{"ts":"2026-07-24 19:22:31,192","level":"INFO","logger":"app.data_engine.redis_publisher","msg":"published 1 candles to bybit:GWEI/USDT:1h"}
{"ts":"2026-07-24 19:22:31,530","level":"INFO","logger":"app.data_engine.redis_publisher","msg":"published 1 candles to bybit:BEAM/USDT:1h"}
{"ts":"2026-07-24 19:22:31,792","level":"INFO","logger":"app.data_engine.redis_publisher","msg":"published 1 candles to bybit:SNXX/USDT:1h"}
{"ts":"2026-07-24 19:22:32,099","level":"INFO","logger":"app.data_engine.redis_publisher","msg":"published 1 candles to bybit:SOXL/USDT:1h"}
{"ts":"2026-07-24 19:22:32,543","level":"INFO","logger":"app.data_engine.redis_publisher","msg":"published 1 candles to bybit:SOL/USDT:1h"}
{"ts":"2026-07-24 19:22:32,706","level":"INFO","logger":"app.data_engine.redis_publisher","msg":"published 1 candles to bybit:PLAYSOUT/USDT:1h"}
{"ts":"2026-07-24 19:22:33,048","level":"INFO","logger":"app.data_engine.redis_publisher","msg":"published 1 candles to bybit:MU/USDT:1h"}
{"ts":"2026-07-24 19:22:33,391","level":"INFO","logger":"app.data_engine.redis_publisher","msg":"published 1 candles to bybit:XRP/USDT:1h"}
{"ts":"2026-07-24 19:22:33,495","level":"INFO","logger":"app.data_engine.redis_publisher","msg":"published 1 candles to bybit:ACE/USDT:1h"}
{"ts":"2026-07-24 19:22:33,765","level":"INFO","logger":"app.data_engine.redis_publisher","msg":"published 1 candles to bybit:BTC/USDT:1h"}
{"ts":"2026-07-24 19:22:33,885","level":"INFO","logger":"app.data_engine.redis_publisher","msg":"published 1 candles to bybit:HYPE/USDT:1h"}
{"ts":"2026-07-24 19:22:34,045","level":"INFO","logger":"app.data_engine.redis_publisher","msg":"published 1 candles to bybit:KORU/USDT:1h"}
{"ts":"2026-07-24 19:22:34,156","level":"INFO","logger":"app.data_engine.redis_publisher","msg":"published 1 candles to bybit:BANK/USDT:1h"}
{"ts":"2026-07-24 19:22:34,472","level":"INFO","logger":"app.data_engine.redis_publisher","msg":"published 1 candles to bybit:ETH/USDT:1h"}
{"ts":"2026-07-24 19:22:34,773","level":"INFO","logger":"app.data_engine.redis_publisher","msg":"published 1 candles to bybit:SNDK/USDT:1h"}
{"ts":"2026-07-24 19:22:34,877","level":"INFO","logger":"app.data_engine.redis_publisher","msg":"published 1 candles to bybit:SKHYNIX/USDT:1h"}
{"ts":"2026-07-24 19:22:35,117","level":"INFO","logger":"app.data_engine.redis_publisher","msg":"published 1 candles to bybit:XAU/USDT:1h"}
{"ts":"2026-07-24 19:22:35,215","level":"INFO","logger":"app.data_engine.redis_publisher","msg":"published 1 candles to bybit:SKHY/USDT:1h"}
{"ts":"2026-07-24 19:22:35,327","level":"INFO","logger":"app.data_engine.redis_publisher","msg":"published 1 candles to bybit:ZEC/USDT:1h"}
{"ts":"2026-07-24 19:22:35,430","level":"INFO","logger":"app.data_engine.redis_publisher","msg":"published 1 candles to bybit:NEAR/USDT:1h"}
{"ts":"2026-07-24 19:22:35,681","level":"INFO","logger":"app.data_engine.redis_publisher","msg":"published 1 candles to bybit:VELVET/USDT:1h"}
{"ts":"2026-07-24 19:22:35,821","level":"INFO","logger":"app.data_engine.redis_publisher","msg":"published 1 candles to bybit:CL/USDT:1h"}
{"ts":"2026-07-24 19:22:36,125","level":"INFO","logger":"app.data_engine.redis_publisher","msg":"published 1 candles to bybit:INTC/USDT:1h"}
{"ts":"2026-07-24 19:22:36,284","level":"INFO","logger":"app.data_engine.redis_publisher","msg":"published 1 candles to bybit:AERGO/USDT:1h"}
{"ts":"2026-07-24 19:22:36,905","level":"INFO","logger":"app.data_engine.redis_publisher","msg":"published 1 candles to bybit:DOGE/USDT:1h"}
2026-07-24 19:22:49.608 | INFO     | app.data.universe_scanner:refresh:176 - UniverseScanner: %d candidates above $%.0f volume
2026-07-24 19:22:50.544 | DEBUG    | app.data.universe_scanner:refresh:188 - UniverseScanner: ATR failed for SOXL/USDT
2026-07-24 19:22:50.854 | DEBUG    | app.data.universe_scanner:refresh:188 - UniverseScanner: ATR failed for AKE/USDT
2026-07-24 19:22:50.854 | DEBUG    | app.data.universe_scanner:refresh:188 - UniverseScanner: ATR failed for DEXE/USDT
2026-07-24 19:22:51.162 | DEBUG    | app.data.universe_scanner:refresh:188 - UniverseScanner: ATR failed for BANK/USDT
2026-07-24 19:22:51.162 | DEBUG    | app.data.universe_scanner:refresh:188 - UniverseScanner: ATR failed for SNDK/USDT
2026-07-24 19:22:51.472 | DEBUG    | app.data.universe_scanner:refresh:188 - UniverseScanner: ATR failed for XAU/USDT
2026-07-24 19:22:51.472 | DEBUG    | app.data.universe_scanner:refresh:188 - UniverseScanner: ATR failed for CL/USDT
2026-07-24 19:22:51.472 | DEBUG    | app.data.universe_scanner:refresh:188 - UniverseScanner: ATR failed for MU/USDT
2026-07-24 19:22:51.472 | DEBUG    | app.data.universe_scanner:refresh:188 - UniverseScanner: ATR failed for ZEC/USDT
2026-07-24 19:22:51.472 | DEBUG    | app.data.universe_scanner:refresh:188 - UniverseScanner: ATR failed for ESPORTS/USDT
2026-07-24 19:22:51.782 | DEBUG    | app.data.universe_scanner:refresh:188 - UniverseScanner: ATR failed for SKHYNIX/USDT
2026-07-24 19:22:51.782 | DEBUG    | app.data.universe_scanner:refresh:188 - UniverseScanner: ATR failed for SPCX/USDT
2026-07-24 19:22:52.092 | DEBUG    | app.data.universe_scanner:refresh:188 - UniverseScanner: ATR failed for INTC/USDT
2026-07-24 19:22:52.092 | DEBUG    | app.data.universe_scanner:refresh:188 - UniverseScanner: ATR failed for SKHY/USDT
2026-07-24 19:22:52.709 | DEBUG    | app.data.universe_scanner:refresh:188 - UniverseScanner: ATR failed for RE/USDT
2026-07-24 19:22:52.709 | DEBUG    | app.data.universe_scanner:refresh:188 - UniverseScanner: ATR failed for 1000PEPE/USDT
2026-07-24 19:22:53.018 | DEBUG    | app.data.universe_scanner:refresh:188 - UniverseScanner: ATR failed for BEAT/USDT
2026-07-24 19:22:53.018 | DEBUG    | app.data.universe_scanner:refresh:188 - UniverseScanner: ATR failed for SNXX/USDT
2026-07-24 19:22:53.018 | DEBUG    | app.data.universe_scanner:refresh:188 - UniverseScanner: ATR failed for KORU/USDT
2026-07-24 19:22:53.019 | DEBUG    | app.data.universe_scanner:refresh:188 - UniverseScanner: ATR failed for XAG/USDT
2026-07-24 19:22:53.948 | DEBUG    | app.data.universe_scanner:refresh:188 - UniverseScanner: ATR failed for KAITO/USDT
2026-07-24 19:22:54.256 | DEBUG    | app.data.universe_scanner:refresh:188 - UniverseScanner: ATR failed for CBRS/USDT
2026-07-24 19:22:55.492 | DEBUG    | app.data.universe_scanner:refresh:188 - UniverseScanner: ATR failed for TAO/USDT
2026-07-24 19:22:55.492 | DEBUG    | app.data.universe_scanner:refresh:188 - UniverseScanner: ATR failed for PUMPFUN/USDT
2026-07-24 19:22:56.112 | DEBUG    | app.data.universe_scanner:refresh:188 - UniverseScanner: ATR failed for FARTCOIN/USDT
2026-07-24 19:22:56.423 | DEBUG    | app.data.universe_scanner:refresh:188 - UniverseScanner: ATR failed for INTW/USDT
2026-07-24 19:22:56.729 | DEBUG    | app.data.universe_scanner:refresh:188 - UniverseScanner: ATR failed for EWY/USDT
2026-07-24 19:22:57.657 | DEBUG    | app.data.universe_scanner:refresh:188 - UniverseScanner: ATR failed for DRAM/USDT
2026-07-24 19:22:57.657 | DEBUG    | app.data.universe_scanner:refresh:188 - UniverseScanner: ATR failed for VELVET/USDT
2026-07-24 19:22:57.657 | DEBUG    | app.data.universe_scanner:refresh:188 - UniverseScanner: ATR failed for TSLA/USDT
2026-07-24 19:22:57.967 | DEBUG    | app.data.universe_scanner:refresh:188 - UniverseScanner: ATR failed for ALLO/USDT
2026-07-24 19:22:58.915 | DEBUG    | app.data.universe_scanner:refresh:188 - UniverseScanner: ATR failed for XMR/USDT
2026-07-24 19:22:59.536 | DEBUG    | app.data.universe_scanner:refresh:188 - UniverseScanner: ATR failed for AAL/USDT
2026-07-24 19:23:00.153 | DEBUG    | app.data.universe_scanner:refresh:188 - UniverseScanner: ATR failed for LAB/USDT
2026-07-24 19:23:00.461 | DEBUG    | app.data.universe_scanner:refresh:188 - UniverseScanner: ATR failed for US/USDT
2026-07-24 19:23:01.082 | DEBUG    | app.data.universe_scanner:refresh:188 - UniverseScanner: ATR failed for O/USDT
2026-07-24 19:23:01.082 | DEBUG    | app.data.universe_scanner:refresh:188 - UniverseScanner: ATR failed for MRVL/USDT
2026-07-24 19:23:01.082 | DEBUG    | app.data.universe_scanner:refresh:188 - UniverseScanner: ATR failed for ACE/USDT
2026-07-24 19:23:01.391 | DEBUG    | app.data.universe_scanner:refresh:188 - UniverseScanner: ATR failed for GWEI/USDT
2026-07-24 19:23:01.391 | DEBUG    | app.data.universe_scanner:refresh:188 - UniverseScanner: ATR failed for TSEM/USDT
2026-07-24 19:23:01.706 | DEBUG    | app.data.universe_scanner:refresh:188 - UniverseScanner: ATR failed for 1000BONK/USDT
2026-07-24 19:23:01.706 | DEBUG    | app.data.universe_scanner:refresh:188 - UniverseScanner: ATR failed for GOOGL/USDT
2026-07-24 19:23:01.706 | DEBUG    | app.data.universe_scanner:refresh:188 - UniverseScanner: ATR failed for MUU/USDT
2026-07-24 19:23:02.692 | DEBUG    | app.data.universe_scanner:refresh:188 - UniverseScanner: ATR failed for NBIS/USDT
2026-07-24 19:23:03.185 | DEBUG    | app.data.universe_scanner:refresh:188 - UniverseScanner: ATR failed for PENGSTOCK/USDT
2026-07-24 19:23:03.492 | DEBUG    | app.data.universe_scanner:refresh:188 - UniverseScanner: ATR failed for SOXS/USDT
2026-07-24 19:23:03.492 | DEBUG    | app.data.universe_scanner:refresh:188 - UniverseScanner: ATR failed for CRCL/USDT
2026-07-24 19:23:03.803 | DEBUG    | app.data.universe_scanner:refresh:188 - UniverseScanner: ATR failed for MARA/USDT
2026-07-24 19:23:04.297 | DEBUG    | app.data.universe_scanner:refresh:188 - UniverseScanner: ATR failed for B2/USDT
2026-07-24 19:23:04.297 | DEBUG    | app.data.universe_scanner:refresh:188 - UniverseScanner: ATR failed for AEHR/USDT
2026-07-24 19:23:05.533 | DEBUG    | app.data.universe_scanner:refresh:188 - UniverseScanner: ATR failed for GS/USDT
2026-07-24 19:23:05.844 | DEBUG    | app.data.universe_scanner:refresh:188 - UniverseScanner: ATR failed for MSTR/USDT
2026-07-24 19:23:06.153 | DEBUG    | app.data.universe_scanner:refresh:188 - UniverseScanner: ATR failed for RDW/USDT
2026-07-24 19:23:06.459 | DEBUG    | app.data.universe_scanner:refresh:188 - UniverseScanner: ATR failed for AERGO/USDT
2026-07-24 19:23:06.459 | DEBUG    | app.data.universe_scanner:refresh:188 - UniverseScanner: ATR failed for SHIB1000/USDT
2026-07-24 19:23:06.459 | DEBUG    | app.data.universe_scanner:refresh:188 - UniverseScanner: ATR failed for EVAA/USDT
2026-07-24 19:23:06.768 | DEBUG    | app.data.universe_scanner:refresh:188 - UniverseScanner: ATR failed for APR/USDT
2026-07-24 19:23:06.768 | DEBUG    | app.data.universe_scanner:refresh:188 - UniverseScanner: ATR failed for POET/USDT
2026-07-24 19:23:07.695 | DEBUG    | app.data.universe_scanner:refresh:188 - UniverseScanner: ATR failed for EPIC/USDT
2026-07-24 19:23:07.695 | DEBUG    | app.data.universe_scanner:refresh:188 - UniverseScanner: ATR failed for AXTI/USDT
2026-07-24 19:23:08.313 | DEBUG    | app.data.universe_scanner:refresh:188 - UniverseScanner: ATR failed for IONQ/USDT
2026-07-24 19:23:08.962 | DEBUG    | app.data.universe_scanner:refresh:188 - UniverseScanner: ATR failed for XLV/USDT
2026-07-24 19:23:09.583 | DEBUG    | app.data.universe_scanner:refresh:188 - UniverseScanner: ATR failed for SAMSUNG/USDT
2026-07-24 19:23:09.583 | DEBUG    | app.data.universe_scanner:refresh:188 - UniverseScanner: ATR failed for AAOI/USDT
2026-07-24 19:23:10.199 | DEBUG    | app.data.universe_scanner:refresh:188 - UniverseScanner: ATR failed for AMDSTOCK/USDT
2026-07-24 19:23:10.199 | DEBUG    | app.data.universe_scanner:refresh:188 - UniverseScanner: ATR failed for XLK/USDT
2026-07-24 19:23:10.815 | DEBUG    | app.data.universe_scanner:refresh:188 - UniverseScanner: ATR failed for APLD/USDT
2026-07-24 19:23:10.815 | DEBUG    | app.data.universe_scanner:refresh:188 - UniverseScanner: ATR failed for UB/USDT
2026-07-24 19:23:11.742 | DEBUG    | app.data.universe_scanner:refresh:188 - UniverseScanner: ATR failed for APPSTOCK/USDT
2026-07-24 19:23:11.742 | DEBUG    | app.data.universe_scanner:refresh:188 - UniverseScanner: ATR failed for BZ/USDT
2026-07-24 19:23:12.053 | DEBUG    | app.data.universe_scanner:refresh:188 - UniverseScanner: ATR failed for TLM/USDT
2026-07-24 19:23:12.360 | DEBUG    | app.data.universe_scanner:refresh:188 - UniverseScanner: ATR failed for ONDS/USDT
2026-07-24 19:23:12.360 | DEBUG    | app.data.universe_scanner:refresh:188 - UniverseScanner: ATR failed for WENSTOCK/USDT
2026-07-24 19:23:12.670 | DEBUG    | app.data.universe_scanner:refresh:188 - UniverseScanner: ATR failed for DASH/USDT
2026-07-24 19:23:12.670 | DEBUG    | app.data.universe_scanner:refresh:188 - UniverseScanner: ATR failed for PAXG/USDT
2026-07-24 19:23:12.670 | DEBUG    | app.data.universe_scanner:refresh:188 - UniverseScanner: ATR failed for BIO/USDT
2026-07-24 19:23:12.670 | DEBUG    | app.data.universe_scanner:refresh:188 - UniverseScanner: ATR failed for NVDA/USDT
2026-07-24 19:23:12.981 | INFO     | app.data.universe_scanner:refresh:232 - UniverseScanner: refreshed — %d symbols, top=%s (score=%.3f)
{"ts":"2026-07-24 19:23:14,476","level":"INFO","logger":"app.data_engine.redis_publisher","msg":"published 1 candles to bybit:CBRS/USDT:1h"}
{"ts":"2026-07-24 19:23:14,479","level":"INFO","logger":"app.data_engine.redis_publisher","msg":"published 1 candles to bybit:SUI/USDT:1h"}
{"ts":"2026-07-24 19:23:16,597","level":"INFO","logger":"app.data_engine.redis_publisher","msg":"published 1 candles to bybit:INTW/USDT:1h"}
{"ts":"2026-07-24 19:23:17,005","level":"INFO","logger":"app.data_engine.redis_publisher","msg":"published 1 candles to bybit:KAITO/USDT:1h"}
{"ts":"2026-07-24 19:23:19,740","level":"INFO","logger":"app.data_engine.redis_publisher","msg":"published 1 candles to bybit:SOXS/USDT:1h"}
{"ts":"2026-07-24 19:23:25,474","level":"INFO","logger":"app.data_engine.redis_publisher","msg":"published 1 candles to bybit:HEMI/USDT:1h"}
{"ts":"2026-07-24 19:23:25,814","level":"INFO","logger":"app.data_engine.redis_publisher","msg":"published 1 candles to bybit:ORDER/USDT:1h"}
{"ts":"2026-07-24 19:23:27,780","level":"INFO","logger":"app.data_engine.redis_publisher","msg":"published 1 candles to bybit:RE/USDT:1h"}
{"ts":"2026-07-24 19:23:28,196","level":"INFO","logger":"app.data_engine.redis_publisher","msg":"published 1 candles to bybit:AKE/USDT:1h"}
{"ts":"2026-07-24 19:23:28,943","level":"INFO","logger":"app.data_engine.redis_publisher","msg":"published 1 candles to bybit:B2/USDT:1h"}
{"ts":"2026-07-24 19:23:29,361","level":"INFO","logger":"app.data_engine.redis_publisher","msg":"published 1 candles to bybit:DEXE/USDT:1h"}
{"ts":"2026-07-24 19:23:29,877","level":"INFO","logger":"app.data_engine.redis_publisher","msg":"published 1 candles to bybit:TOWNS/USDT:1h"}
{"ts":"2026-07-24 19:23:30,452","level":"INFO","logger":"app.data_engine.redis_publisher","msg":"published 1 candles to bybit:CAP/USDT:1h"}
{"ts":"2026-07-24 19:23:30,741","level":"INFO","logger":"app.data_engine.redis_publisher","msg":"published 1 candles to bybit:ESPORTS/USDT:1h"}
{"ts":"2026-07-24 19:23:31,178","level":"INFO","logger":"app.data_engine.redis_publisher","msg":"published 1 candles to bybit:APR/USDT:1h"}
{"ts":"2026-07-24 19:23:31,501","level":"INFO","logger":"app.data_engine.redis_publisher","msg":"published 1 candles to bybit:GWEI/USDT:1h"}
{"ts":"2026-07-24 19:23:31,842","level":"INFO","logger":"app.data_engine.redis_publisher","msg":"published 1 candles to bybit:BEAM/USDT:1h"}
{"ts":"2026-07-24 19:23:32,099","level":"INFO","logger":"app.data_engine.redis_publisher","msg":"published 1 candles to bybit:SNXX/USDT:1h"}
{"ts":"2026-07-24 19:23:32,409","level":"INFO","logger":"app.data_engine.redis_publisher","msg":"published 1 candles to bybit:SOXL/USDT:1h"}
{"ts":"2026-07-24 19:23:32,853","level":"INFO","logger":"app.data_engine.redis_publisher","msg":"published 1 candles to bybit:SOL/USDT:1h"}
{"ts":"2026-07-24 19:23:33,016","level":"INFO","logger":"app.data_engine.redis_publisher","msg":"published 1 candles to bybit:PLAYSOUT/USDT:1h"}
{"ts":"2026-07-24 19:23:33,359","level":"INFO","logger":"app.data_engine.redis_publisher","msg":"published 1 candles to bybit:MU/USDT:1h"}
{"ts":"2026-07-24 19:23:33,699","level":"INFO","logger":"app.data_engine.redis_publisher","msg":"published 1 candles to bybit:XRP/USDT:1h"}
{"ts":"2026-07-24 19:23:33,804","level":"INFO","logger":"app.data_engine.redis_publisher","msg":"published 1 candles to bybit:ACE/USDT:1h"}
{"ts":"2026-07-24 19:23:34,076","level":"INFO","logger":"app.data_engine.redis_publisher","msg":"published 1 candles to bybit:BTC/USDT:1h"}
{"ts":"2026-07-24 19:23:34,195","level":"INFO","logger":"app.data_engine.redis_publisher","msg":"published 1 candles to bybit:HYPE/USDT:1h"}
{"ts":"2026-07-24 19:23:34,354","level":"INFO","logger":"app.data_engine.redis_publisher","msg":"published 1 candles to bybit:KORU/USDT:1h"}
{"ts":"2026-07-24 19:23:34,466","level":"INFO","logger":"app.data_engine.redis_publisher","msg":"published 1 candles to bybit:BANK/USDT:1h"}
{"ts":"2026-07-24 19:23:34,781","level":"INFO","logger":"app.data_engine.redis_publisher","msg":"published 1 candles to bybit:ETH/USDT:1h"}
{"ts":"2026-07-24 19:23:35,082","level":"INFO","logger":"app.data_engine.redis_publisher","msg":"published 1 candles to bybit:SNDK/USDT:1h"}
{"ts":"2026-07-24 19:23:35,185","level":"INFO","logger":"app.data_engine.redis_publisher","msg":"published 1 candles to bybit:SKHYNIX/USDT:1h"}
{"ts":"2026-07-24 19:23:35,426","level":"INFO","logger":"app.data_engine.redis_publisher","msg":"published 1 candles to bybit:XAU/USDT:1h"}
{"ts":"2026-07-24 19:23:35,525","level":"INFO","logger":"app.data_engine.redis_publisher","msg":"published 1 candles to bybit:SKHY/USDT:1h"}
{"ts":"2026-07-24 19:23:35,635","level":"INFO","logger":"app.data_engine.redis_publisher","msg":"published 1 candles to bybit:ZEC/USDT:1h"}
{"ts":"2026-07-24 19:23:35,753","level":"INFO","logger":"app.data_engine.redis_publisher","msg":"published 1 candles to bybit:NEAR/USDT:1h"}
{"ts":"2026-07-24 19:23:35,992","level":"INFO","logger":"app.data_engine.redis_publisher","msg":"published 1 candles to bybit:VELVET/USDT:1h"}
{"ts":"2026-07-24 19:23:36,135","level":"INFO","logger":"app.data_engine.redis_publisher","msg":"published 1 candles to bybit:CL/USDT:1h"}
{"ts":"2026-07-24 19:23:36,436","level":"INFO","logger":"app.data_engine.redis_publisher","msg":"published 1 candles to bybit:INTC/USDT:1h"}
{"ts":"2026-07-24 19:23:36,594","level":"INFO","logger":"app.data_engine.redis_publisher","msg":"published 1 candles to bybit:AERGO/USDT:1h"}
{"ts":"2026-07-24 19:23:37,215","level":"INFO","logger":"app.data_engine.redis_publisher","msg":"published 1 candles to bybit:DOGE/USDT:1h"}
{"ts":"2026-07-24 19:24:15,016","level":"INFO","logger":"app.data_engine.redis_publisher","msg":"published 1 candles to bybit:CBRS/USDT:1h"}
{"ts":"2026-07-24 19:24:15,111","level":"INFO","logger":"app.data_engine.redis_publisher","msg":"published 1 candles to bybit:SUI/USDT:1h"}
{"ts":"2026-07-24 19:24:16,907","level":"INFO","logger":"app.data_engine.redis_publisher","msg":"published 1 candles to bybit:INTW/USDT:1h"}
{"ts":"2026-07-24 19:24:17,315","level":"INFO","logger":"app.data_engine.redis_publisher","msg":"published 1 candles to bybit:KAITO/USDT:1h"}
{"ts":"2026-07-24 19:24:20,052","level":"INFO","logger":"app.data_engine.redis_publisher","msg":"published 1 candles to bybit:SOXS/USDT:1h"}
{"ts":"2026-07-24 19:24:25,784","level":"INFO","logger":"app.data_engine.redis_publisher","msg":"published 1 candles to bybit:HEMI/USDT:1h"}
{"ts":"2026-07-24 19:24:26,186","level":"INFO","logger":"app.data_engine.redis_publisher","msg":"published 1 candles to bybit:ORDER/USDT:1h"}
{"ts":"2026-07-24 19:24:28,091","level":"INFO","logger":"app.data_engine.redis_publisher","msg":"published 1 candles to bybit:RE/USDT:1h"}
{"ts":"2026-07-24 19:24:28,506","level":"INFO","logger":"app.data_engine.redis_publisher","msg":"published 1 candles to bybit:AKE/USDT:1h"}
{"ts":"2026-07-24 19:24:29,255","level":"INFO","logger":"app.data_engine.redis_publisher","msg":"published 1 candles to bybit:B2/USDT:1h"}
{"ts":"2026-07-24 19:24:29,671","level":"INFO","logger":"app.data_engine.redis_publisher","msg":"published 1 candles to bybit:DEXE/USDT:1h"}
{"ts":"2026-07-24 19:24:30,186","level":"INFO","logger":"app.data_engine.redis_publisher","msg":"published 1 candles to bybit:TOWNS/USDT:1h"}
{"ts":"2026-07-24 19:24:30,765","level":"INFO","logger":"app.data_engine.redis_publisher","msg":"published 1 candles to bybit:CAP/USDT:1h"}
{"ts":"2026-07-24 19:24:31,050","level":"INFO","logger":"app.data_engine.redis_publisher","msg":"published 1 candles to bybit:ESPORTS/USDT:1h"}
{"ts":"2026-07-24 19:24:31,489","level":"INFO","logger":"app.data_engine.redis_publisher","msg":"published 1 candles to bybit:APR/USDT:1h"}
{"ts":"2026-07-24 19:24:31,813","level":"INFO","logger":"app.data_engine.redis_publisher","msg":"published 1 candles to bybit:GWEI/USDT:1h"}
{"ts":"2026-07-24 19:24:32,150","level":"INFO","logger":"app.data_engine.redis_publisher","msg":"published 1 candles to bybit:BEAM/USDT:1h"}
{"ts":"2026-07-24 19:24:32,411","level":"INFO","logger":"app.data_engine.redis_publisher","msg":"published 1 candles to bybit:SNXX/USDT:1h"}
{"ts":"2026-07-24 19:24:32,716","level":"INFO","logger":"app.data_engine.redis_publisher","msg":"published 1 candles to bybit:SOXL/USDT:1h"}
{"ts":"2026-07-24 19:24:33,179","level":"INFO","logger":"app.data_engine.redis_publisher","msg":"published 1 candles to bybit:SOL/USDT:1h"}
{"ts":"2026-07-24 19:24:33,327","level":"INFO","logger":"app.data_engine.redis_publisher","msg":"published 1 candles to bybit:PLAYSOUT/USDT:1h"}
{"ts":"2026-07-24 19:24:33,670","level":"INFO","logger":"app.data_engine.redis_publisher","msg":"published 1 candles to bybit:MU/USDT:1h"}
{"ts":"2026-07-24 19:24:34,008","level":"INFO","logger":"app.data_engine.redis_publisher","msg":"published 1 candles to bybit:XRP/USDT:1h"}
{"ts":"2026-07-24 19:24:34,113","level":"INFO","logger":"app.data_engine.redis_publisher","msg":"published 1 candles to bybit:ACE/USDT:1h"}
{"ts":"2026-07-24 19:24:34,383","level":"INFO","logger":"app.data_engine.redis_publisher","msg":"published 1 candles to bybit:BTC/USDT:1h"}
{"ts":"2026-07-24 19:24:34,505","level":"INFO","logger":"app.data_engine.redis_publisher","msg":"published 1 candles to bybit:HYPE/USDT:1h"}
{"ts":"2026-07-24 19:24:34,669","level":"INFO","logger":"app.data_engine.redis_publisher","msg":"published 1 candles to bybit:KORU/USDT:1h"}
{"ts":"2026-07-24 19:24:34,776","level":"INFO","logger":"app.data_engine.redis_publisher","msg":"published 1 candles to bybit:BANK/USDT:1h"}
{"ts":"2026-07-24 19:24:35,089","level":"INFO","logger":"app.data_engine.redis_publisher","msg":"published 1 candles to bybit:ETH/USDT:1h"}
{"ts":"2026-07-24 19:24:35,393","level":"INFO","logger":"app.data_engine.redis_publisher","msg":"published 1 candles to bybit:SNDK/USDT:1h"}
{"ts":"2026-07-24 19:24:35,493","level":"INFO","logger":"app.data_engine.redis_publisher","msg":"published 1 candles to bybit:SKHYNIX/USDT:1h"}
{"ts":"2026-07-24 19:24:35,737","level":"INFO","logger":"app.data_engine.redis_publisher","msg":"published 1 candles to bybit:XAU/USDT:1h"}
{"ts":"2026-07-24 19:24:35,840","level":"INFO","logger":"app.data_engine.redis_publisher","msg":"published 1 candles to bybit:SKHY/USDT:1h"}
{"ts":"2026-07-24 19:24:35,947","level":"INFO","logger":"app.data_engine.redis_publisher","msg":"published 1 candles to bybit:ZEC/USDT:1h"}
{"ts":"2026-07-24 19:24:36,063","level":"INFO","logger":"app.data_engine.redis_publisher","msg":"published 1 candles to bybit:NEAR/USDT:1h"}
{"ts":"2026-07-24 19:24:36,303","level":"INFO","logger":"app.data_engine.redis_publisher","msg":"published 1 candles to bybit:VELVET/USDT:1h"}
{"ts":"2026-07-24 19:24:36,445","level":"INFO","logger":"app.data_engine.redis_publisher","msg":"published 1 candles to bybit:CL/USDT:1h"}
{"ts":"2026-07-24 19:24:36,745","level":"INFO","logger":"app.data_engine.redis_publisher","msg":"published 1 candles to bybit:INTC/USDT:1h"}
{"ts":"2026-07-24 19:24:36,904","level":"INFO","logger":"app.data_engine.redis_publisher","msg":"published 1 candles to bybit:AERGO/USDT:1h"}
{"ts":"2026-07-24 19:24:37,526","level":"INFO","logger":"app.data_engine.redis_publisher","msg":"published 1 candles to bybit:DOGE/USDT:1h"}
{"ts":"2026-07-24 19:25:11,630","level":"INFO","logger":"app.data_engine.exchange_connector","msg":"fetched 202 candles for MUU/USDT 1h (90 days)"}
{"ts":"2026-07-24 19:25:12,295","level":"INFO","logger":"app.data_engine.redis_publisher","msg":"published 10 candles to bybit:MUU/USDT:1h"}
{"ts":"2026-07-24 19:25:13,594","level":"INFO","logger":"app.data_engine.exchange_connector","msg":"fetched 2160 candles for LA/USDT 1h (90 days)"}
{"ts":"2026-07-24 19:25:14,070","level":"INFO","logger":"app.data_engine.redis_publisher","msg":"published 10 candles to bybit:LA/USDT:1h"}
{"ts":"2026-07-24 19:25:15,327","level":"INFO","logger":"app.data_engine.redis_publisher","msg":"published 1 candles to bybit:CBRS/USDT:1h"}
{"ts":"2026-07-24 19:25:15,601","level":"INFO","logger":"app.data_engine.exchange_connector","msg":"fetched 2160 candles for BEAT/USDT 1h (90 days)"}
{"ts":"2026-07-24 19:25:15,962","level":"INFO","logger":"app.data_engine.redis_publisher","msg":"published 10 candles to bybit:BEAT/USDT:1h"}
{"ts":"2026-07-24 19:25:17,216","level":"INFO","logger":"app.data_engine.redis_publisher","msg":"published 1 candles to bybit:INTW/USDT:1h"}
{"ts":"2026-07-24 19:25:17,623","level":"INFO","logger":"app.data_engine.redis_publisher","msg":"published 1 candles to bybit:KAITO/USDT:1h"}
{"ts":"2026-07-24 19:25:20,363","level":"INFO","logger":"app.data_engine.redis_publisher","msg":"published 1 candles to bybit:SOXS/USDT:1h"}
{"ts":"2026-07-24 19:25:26,097","level":"INFO","logger":"app.data_engine.redis_publisher","msg":"published 1 candles to bybit:HEMI/USDT:1h"}
{"ts":"2026-07-24 19:25:26,496","level":"INFO","logger":"app.data_engine.redis_publisher","msg":"published 1 candles to bybit:ORDER/USDT:1h"}
{"ts":"2026-07-24 19:25:28,406","level":"INFO","logger":"app.data_engine.redis_publisher","msg":"published 1 candles to bybit:RE/USDT:1h"}
{"ts":"2026-07-24 19:25:28,819","level":"INFO","logger":"app.data_engine.redis_publisher","msg":"published 1 candles to bybit:AKE/USDT:1h"}
{"ts":"2026-07-24 19:25:29,566","level":"INFO","logger":"app.data_engine.redis_publisher","msg":"published 1 candles to bybit:B2/USDT:1h"}
{"ts":"2026-07-24 19:25:29,981","level":"INFO","logger":"app.data_engine.redis_publisher","msg":"published 1 candles to bybit:DEXE/USDT:1h"}
{"ts":"2026-07-24 19:25:30,495","level":"INFO","logger":"app.data_engine.redis_publisher","msg":"published 1 candles to bybit:TOWNS/USDT:1h"}
{"ts":"2026-07-24 19:25:31,077","level":"INFO","logger":"app.data_engine.redis_publisher","msg":"published 1 candles to bybit:CAP/USDT:1h"}
{"ts":"2026-07-24 19:25:31,359","level":"INFO","logger":"app.data_engine.redis_publisher","msg":"published 1 candles to bybit:ESPORTS/USDT:1h"}
{"ts":"2026-07-24 19:25:31,798","level":"INFO","logger":"app.data_engine.redis_publisher","msg":"published 1 candles to bybit:APR/USDT:1h"}
{"ts":"2026-07-24 19:25:32,120","level":"INFO","logger":"app.data_engine.redis_publisher","msg":"published 1 candles to bybit:GWEI/USDT:1h"}
{"ts":"2026-07-24 19:25:32,460","level":"INFO","logger":"app.data_engine.redis_publisher","msg":"published 1 candles to bybit:BEAM/USDT:1h"}
{"ts":"2026-07-24 19:25:32,719","level":"INFO","logger":"app.data_engine.redis_publisher","msg":"published 1 candles to bybit:SNXX/USDT:1h"}
{"ts":"2026-07-24 19:25:33,026","level":"INFO","logger":"app.data_engine.redis_publisher","msg":"published 1 candles to bybit:SOXL/USDT:1h"}
{"ts":"2026-07-24 19:25:33,488","level":"INFO","logger":"app.data_engine.redis_publisher","msg":"published 1 candles to bybit:SOL/USDT:1h"}
{"ts":"2026-07-24 19:25:33,641","level":"INFO","logger":"app.data_engine.redis_publisher","msg":"published 1 candles to bybit:PLAYSOUT/USDT:1h"}
{"ts":"2026-07-24 19:25:33,980","level":"INFO","logger":"app.data_engine.redis_publisher","msg":"published 1 candles to bybit:MU/USDT:1h"}
{"ts":"2026-07-24 19:25:34,317","level":"INFO","logger":"app.data_engine.redis_publisher","msg":"published 1 candles to bybit:XRP/USDT:1h"}
{"ts":"2026-07-24 19:25:34,425","level":"INFO","logger":"app.data_engine.redis_publisher","msg":"published 1 candles to bybit:ACE/USDT:1h"}
{"ts":"2026-07-24 19:25:34,691","level":"INFO","logger":"app.data_engine.redis_publisher","msg":"published 1 candles to bybit:BTC/USDT:1h"}
{"ts":"2026-07-24 19:25:34,813","level":"INFO","logger":"app.data_engine.redis_publisher","msg":"published 1 candles to bybit:HYPE/USDT:1h"}
{"ts":"2026-07-24 19:25:34,984","level":"INFO","logger":"app.data_engine.redis_publisher","msg":"published 1 candles to bybit:KORU/USDT:1h"}
{"ts":"2026-07-24 19:25:35,097","level":"INFO","logger":"app.data_engine.redis_publisher","msg":"published 1 candles to bybit:BANK/USDT:1h"}
{"ts":"2026-07-24 19:25:35,405","level":"INFO","logger":"app.data_engine.redis_publisher","msg":"published 1 candles to bybit:ETH/USDT:1h"}
{"ts":"2026-07-24 19:25:35,703","level":"INFO","logger":"app.data_engine.redis_publisher","msg":"published 1 candles to bybit:SNDK/USDT:1h"}
{"ts":"2026-07-24 19:25:35,808","level":"INFO","logger":"app.data_engine.redis_publisher","msg":"published 1 candles to bybit:SKHYNIX/USDT:1h"}
{"ts":"2026-07-24 19:25:36,150","level":"INFO","logger":"app.data_engine.redis_publisher","msg":"published 1 candles to bybit:SKHY/USDT:1h"}
{"ts":"2026-07-24 19:25:36,256","level":"INFO","logger":"app.data_engine.redis_publisher","msg":"published 1 candles to bybit:ZEC/USDT:1h"}
{"ts":"2026-07-24 19:25:36,385","level":"INFO","logger":"app.data_engine.redis_publisher","msg":"published 1 candles to bybit:NEAR/USDT:1h"}
{"ts":"2026-07-24 19:25:36,615","level":"INFO","logger":"app.data_engine.redis_publisher","msg":"published 1 candles to bybit:VELVET/USDT:1h"}
{"ts":"2026-07-24 19:25:36,755","level":"INFO","logger":"app.data_engine.redis_publisher","msg":"published 1 candles to bybit:CL/USDT:1h"}
{"ts":"2026-07-24 19:25:37,053","level":"INFO","logger":"app.data_engine.redis_publisher","msg":"published 1 candles to bybit:INTC/USDT:1h"}
{"ts":"2026-07-24 19:25:37,213","level":"INFO","logger":"app.data_engine.redis_publisher","msg":"published 1 candles to bybit:AERGO/USDT:1h"}
{"ts":"2026-07-24 19:26:12,839","level":"INFO","logger":"app.data_engine.redis_publisher","msg":"published 1 candles to bybit:MUU/USDT:1h"}
{"ts":"2026-07-24 19:26:14,380","level":"INFO","logger":"app.data_engine.redis_publisher","msg":"published 1 candles to bybit:LA/USDT:1h"}
{"ts":"2026-07-24 19:26:15,636","level":"INFO","logger":"app.data_engine.redis_publisher","msg":"published 1 candles to bybit:CBRS/USDT:1h"}
{"ts":"2026-07-24 19:26:16,272","level":"INFO","logger":"app.data_engine.redis_publisher","msg":"published 1 candles to bybit:BEAT/USDT:1h"}
{"ts":"2026-07-24 19:26:17,525","level":"INFO","logger":"app.data_engine.redis_publisher","msg":"published 1 candles to bybit:INTW/USDT:1h"}
{"ts":"2026-07-24 19:26:17,933","level":"INFO","logger":"app.data_engine.redis_publisher","msg":"published 1 candles to bybit:KAITO/USDT:1h"}
{"ts":"2026-07-24 19:26:20,673","level":"INFO","logger":"app.data_engine.redis_publisher","msg":"published 1 candles to bybit:SOXS/USDT:1h"}
{"ts":"2026-07-24 19:26:26,411","level":"INFO","logger":"app.data_engine.redis_publisher","msg":"published 1 candles to bybit:HEMI/USDT:1h"}
{"ts":"2026-07-24 19:26:26,805","level":"INFO","logger":"app.data_engine.redis_publisher","msg":"published 1 candles to bybit:ORDER/USDT:1h"}
{"ts":"2026-07-24 19:26:28,725","level":"INFO","logger":"app.data_engine.redis_publisher","msg":"published 1 candles to bybit:RE/USDT:1h"}
{"ts":"2026-07-24 19:26:29,132","level":"INFO","logger":"app.data_engine.redis_publisher","msg":"published 1 candles to bybit:AKE/USDT:1h"}
{"ts":"2026-07-24 19:26:29,877","level":"INFO","logger":"app.data_engine.redis_publisher","msg":"published 1 candles to bybit:B2/USDT:1h"}
{"ts":"2026-07-24 19:26:30,290","level":"INFO","logger":"app.data_engine.redis_publisher","msg":"published 1 candles to bybit:DEXE/USDT:1h"}
{"ts":"2026-07-24 19:26:30,816","level":"INFO","logger":"app.data_engine.redis_publisher","msg":"published 1 candles to bybit:TOWNS/USDT:1h"}
{"ts":"2026-07-24 19:26:31,380","level":"INFO","logger":"app.data_engine.redis_publisher","msg":"published 1 candles to bybit:CAP/USDT:1h"}
{"ts":"2026-07-24 19:26:31,671","level":"INFO","logger":"app.data_engine.redis_publisher","msg":"published 1 candles to bybit:ESPORTS/USDT:1h"}
{"ts":"2026-07-24 19:26:32,108","level":"INFO","logger":"app.data_engine.redis_publisher","msg":"published 1 candles to bybit:APR/USDT:1h"}
{"ts":"2026-07-24 19:26:32,445","level":"INFO","logger":"app.data_engine.redis_publisher","msg":"published 1 candles to bybit:GWEI/USDT:1h"}
{"ts":"2026-07-24 19:26:32,783","level":"INFO","logger":"app.data_engine.redis_publisher","msg":"published 1 candles to bybit:BEAM/USDT:1h"}
{"ts":"2026-07-24 19:26:33,026","level":"INFO","logger":"app.data_engine.redis_publisher","msg":"published 1 candles to bybit:SNXX/USDT:1h"}
{"ts":"2026-07-24 19:26:33,337","level":"INFO","logger":"app.data_engine.redis_publisher","msg":"published 1 candles to bybit:SOXL/USDT:1h"}
{"ts":"2026-07-24 19:26:33,794","level":"INFO","logger":"app.data_engine.redis_publisher","msg":"published 1 candles to bybit:SOL/USDT:1h"}
{"ts":"2026-07-24 19:26:34,183","level":"INFO","logger":"app.data_engine.redis_publisher","msg":"published 1 candles to bybit:PLAYSOUT/USDT:1h"}
{"ts":"2026-07-24 19:26:34,290","level":"INFO","logger":"app.data_engine.redis_publisher","msg":"published 1 candles to bybit:MU/USDT:1h"}
{"ts":"2026-07-24 19:26:34,627","level":"INFO","logger":"app.data_engine.redis_publisher","msg":"published 1 candles to bybit:XRP/USDT:1h"}
{"ts":"2026-07-24 19:26:34,735","level":"INFO","logger":"app.data_engine.redis_publisher","msg":"published 1 candles to bybit:ACE/USDT:1h"}
{"ts":"2026-07-24 19:26:35,004","level":"INFO","logger":"app.data_engine.redis_publisher","msg":"published 1 candles to bybit:BTC/USDT:1h"}
{"ts":"2026-07-24 19:26:35,123","level":"INFO","logger":"app.data_engine.redis_publisher","msg":"published 1 candles to bybit:HYPE/USDT:1h"}
{"ts":"2026-07-24 19:26:35,293","level":"INFO","logger":"app.data_engine.redis_publisher","msg":"published 1 candles to bybit:KORU/USDT:1h"}
{"ts":"2026-07-24 19:26:35,410","level":"INFO","logger":"app.data_engine.redis_publisher","msg":"published 1 candles to bybit:BANK/USDT:1h"}
{"ts":"2026-07-24 19:26:35,716","level":"INFO","logger":"app.data_engine.redis_publisher","msg":"published 1 candles to bybit:ETH/USDT:1h"}
{"ts":"2026-07-24 19:26:36,021","level":"INFO","logger":"app.data_engine.redis_publisher","msg":"published 1 candles to bybit:SNDK/USDT:1h"}
{"ts":"2026-07-24 19:26:36,147","level":"INFO","logger":"app.data_engine.redis_publisher","msg":"published 1 candles to bybit:SKHYNIX/USDT:1h"}
{"ts":"2026-07-24 19:26:36,449","level":"INFO","logger":"app.data_engine.redis_publisher","msg":"published 1 candles to bybit:SKHY/USDT:1h"}
{"ts":"2026-07-24 19:26:36,568","level":"INFO","logger":"app.data_engine.redis_publisher","msg":"published 1 candles to bybit:ZEC/USDT:1h"}
{"ts":"2026-07-24 19:26:36,695","level":"INFO","logger":"app.data_engine.redis_publisher","msg":"published 1 candles to bybit:NEAR/USDT:1h"}
{"ts":"2026-07-24 19:26:36,926","level":"INFO","logger":"app.data_engine.redis_publisher","msg":"published 1 candles to bybit:VELVET/USDT:1h"}
{"ts":"2026-07-24 19:26:37,077","level":"INFO","logger":"app.data_engine.redis_publisher","msg":"published 1 candles to bybit:CL/USDT:1h"}
{"ts":"2026-07-24 19:26:37,361","level":"INFO","logger":"app.data_engine.redis_publisher","msg":"published 1 candles to bybit:INTC/USDT:1h"}
{"ts":"2026-07-24 19:26:37,524","level":"INFO","logger":"app.data_engine.redis_publisher","msg":"published 1 candles to bybit:AERGO/USDT:1h"}
{"ts":"2026-07-24 19:27:13,740","level":"INFO","logger":"app.data_engine.redis_publisher","msg":"published 1 candles to bybit:MUU/USDT:1h"}
{"ts":"2026-07-24 19:27:14,691","level":"INFO","logger":"app.data_engine.redis_publisher","msg":"published 1 candles to bybit:LA/USDT:1h"}
{"ts":"2026-07-24 19:27:15,948","level":"INFO","logger":"app.data_engine.redis_publisher","msg":"published 1 candles to bybit:CBRS/USDT:1h"}
{"ts":"2026-07-24 19:27:16,584","level":"INFO","logger":"app.data_engine.redis_publisher","msg":"published 1 candles to bybit:BEAT/USDT:1h"}
{"ts":"2026-07-24 19:27:17,836","level":"INFO","logger":"app.data_engine.redis_publisher","msg":"published 1 candles to bybit:INTW/USDT:1h"}
{"ts":"2026-07-24 19:27:18,247","level":"INFO","logger":"app.data_engine.redis_publisher","msg":"published 1 candles to bybit:KAITO/USDT:1h"}
{"ts":"2026-07-24 19:27:20,984","level":"INFO","logger":"app.data_engine.redis_publisher","msg":"published 1 candles to bybit:SOXS/USDT:1h"}
{"ts":"2026-07-24 19:27:26,722","level":"INFO","logger":"app.data_engine.redis_publisher","msg":"published 1 candles to bybit:HEMI/USDT:1h"}
{"ts":"2026-07-24 19:27:27,114","level":"INFO","logger":"app.data_engine.redis_publisher","msg":"published 1 candles to bybit:ORDER/USDT:1h"}
{"ts":"2026-07-24 19:27:29,037","level":"INFO","logger":"app.data_engine.redis_publisher","msg":"published 1 candles to bybit:RE/USDT:1h"}
{"ts":"2026-07-24 19:27:29,444","level":"INFO","logger":"app.data_engine.redis_publisher","msg":"published 1 candles to bybit:AKE/USDT:1h"}
{"ts":"2026-07-24 19:27:30,190","level":"INFO","logger":"app.data_engine.redis_publisher","msg":"published 1 candles to bybit:B2/USDT:1h"}
{"ts":"2026-07-24 19:27:30,603","level":"INFO","logger":"app.data_engine.redis_publisher","msg":"published 1 candles to bybit:DEXE/USDT:1h"}
{"ts":"2026-07-24 19:27:31,127","level":"INFO","logger":"app.data_engine.redis_publisher","msg":"published 1 candles to bybit:TOWNS/USDT:1h"}
{"ts":"2026-07-24 19:27:31,691","level":"INFO","logger":"app.data_engine.redis_publisher","msg":"published 1 candles to bybit:CAP/USDT:1h"}
{"ts":"2026-07-24 19:27:31,983","level":"INFO","logger":"app.data_engine.redis_publisher","msg":"published 1 candles to bybit:ESPORTS/USDT:1h"}
{"ts":"2026-07-24 19:27:32,419","level":"INFO","logger":"app.data_engine.redis_publisher","msg":"published 1 candles to bybit:APR/USDT:1h"}
{"ts":"2026-07-24 19:27:32,767","level":"INFO","logger":"app.data_engine.redis_publisher","msg":"published 1 candles to bybit:GWEI/USDT:1h"}
{"ts":"2026-07-24 19:27:33,100","level":"INFO","logger":"app.data_engine.redis_publisher","msg":"published 1 candles to bybit:BEAM/USDT:1h"}
{"ts":"2026-07-24 19:27:33,336","level":"INFO","logger":"app.data_engine.redis_publisher","msg":"published 1 candles to bybit:SNXX/USDT:1h"}
{"ts":"2026-07-24 19:27:33,648","level":"INFO","logger":"app.data_engine.redis_publisher","msg":"published 1 candles to bybit:SOXL/USDT:1h"}
{"ts":"2026-07-24 19:27:34,105","level":"INFO","logger":"app.data_engine.redis_publisher","msg":"published 1 candles to bybit:SOL/USDT:1h"}
{"ts":"2026-07-24 19:27:34,492","level":"INFO","logger":"app.data_engine.redis_publisher","msg":"published 1 candles to bybit:PLAYSOUT/USDT:1h"}
{"ts":"2026-07-24 19:27:34,846","level":"INFO","logger":"app.data_engine.redis_publisher","msg":"published 1 candles to bybit:MU/USDT:1h"}
{"ts":"2026-07-24 19:27:34,936","level":"INFO","logger":"app.data_engine.redis_publisher","msg":"published 1 candles to bybit:XRP/USDT:1h"}
{"ts":"2026-07-24 19:27:35,285","level":"INFO","logger":"app.data_engine.redis_publisher","msg":"published 1 candles to bybit:ACE/USDT:1h"}
{"ts":"2026-07-24 19:27:35,310","level":"INFO","logger":"app.data_engine.redis_publisher","msg":"published 1 candles to bybit:BTC/USDT:1h"}
{"ts":"2026-07-24 19:27:35,433","level":"INFO","logger":"app.data_engine.redis_publisher","msg":"published 1 candles to bybit:HYPE/USDT:1h"}
{"ts":"2026-07-24 19:27:35,602","level":"INFO","logger":"app.data_engine.redis_publisher","msg":"published 1 candles to bybit:KORU/USDT:1h"}
{"ts":"2026-07-24 19:27:35,721","level":"INFO","logger":"app.data_engine.redis_publisher","msg":"published 1 candles to bybit:BANK/USDT:1h"}
{"ts":"2026-07-24 19:27:36,025","level":"INFO","logger":"app.data_engine.redis_publisher","msg":"published 1 candles to bybit:ETH/USDT:1h"}
{"ts":"2026-07-24 19:27:36,341","level":"INFO","logger":"app.data_engine.redis_publisher","msg":"published 1 candles to bybit:SNDK/USDT:1h"}
{"ts":"2026-07-24 19:27:36,454","level":"INFO","logger":"app.data_engine.redis_publisher","msg":"published 1 candles to bybit:SKHYNIX/USDT:1h"}
{"ts":"2026-07-24 19:27:36,760","level":"INFO","logger":"app.data_engine.redis_publisher","msg":"published 1 candles to bybit:SKHY/USDT:1h"}
{"ts":"2026-07-24 19:27:36,882","level":"INFO","logger":"app.data_engine.redis_publisher","msg":"published 1 candles to bybit:ZEC/USDT:1h"}
{"ts":"2026-07-24 19:27:37,010","level":"INFO","logger":"app.data_engine.redis_publisher","msg":"published 1 candles to bybit:NEAR/USDT:1h"}
{"ts":"2026-07-24 19:27:37,236","level":"INFO","logger":"app.data_engine.redis_publisher","msg":"published 1 candles to bybit:VELVET/USDT:1h"}
{"ts":"2026-07-24 19:27:37,384","level":"INFO","logger":"app.data_engine.redis_publisher","msg":"published 1 candles to bybit:CL/USDT:1h"}
{"ts":"2026-07-24 19:27:37,671","level":"INFO","logger":"app.data_engine.redis_publisher","msg":"published 1 candles to bybit:INTC/USDT:1h"}
{"ts":"2026-07-24 19:27:37,837","level":"INFO","logger":"app.data_engine.redis_publisher","msg":"published 1 candles to bybit:AERGO/USDT:1h"}
{"ts":"2026-07-24 19:28:14,630","level":"INFO","logger":"app.data_engine.redis_publisher","msg":"published 1 candles to bybit:MUU/USDT:1h"}
{"ts":"2026-07-24 19:28:15,001","level":"INFO","logger":"app.data_engine.redis_publisher","msg":"published 1 candles to bybit:LA/USDT:1h"}
{"ts":"2026-07-24 19:28:16,257","level":"INFO","logger":"app.data_engine.redis_publisher","msg":"published 1 candles to bybit:CBRS/USDT:1h"}
{"ts":"2026-07-24 19:28:16,891","level":"INFO","logger":"app.data_engine.redis_publisher","msg":"published 1 candles to bybit:BEAT/USDT:1h"}
{"ts":"2026-07-24 19:28:18,144","level":"INFO","logger":"app.data_engine.redis_publisher","msg":"published 1 candles to bybit:INTW/USDT:1h"}
{"ts":"2026-07-24 19:28:18,559","level":"INFO","logger":"app.data_engine.redis_publisher","msg":"published 1 candles to bybit:KAITO/USDT:1h"}
{"ts":"2026-07-24 19:28:21,296","level":"INFO","logger":"app.data_engine.redis_publisher","msg":"published 1 candles to bybit:SOXS/USDT:1h"}
{"ts":"2026-07-24 19:28:27,032","level":"INFO","logger":"app.data_engine.redis_publisher","msg":"published 1 candles to bybit:HEMI/USDT:1h"}
{"ts":"2026-07-24 19:28:27,422","level":"INFO","logger":"app.data_engine.redis_publisher","msg":"published 1 candles to bybit:ORDER/USDT:1h"}
{"ts":"2026-07-24 19:28:29,350","level":"INFO","logger":"app.data_engine.redis_publisher","msg":"published 1 candles to bybit:RE/USDT:1h"}
{"ts":"2026-07-24 19:28:29,766","level":"INFO","logger":"app.data_engine.redis_publisher","msg":"published 1 candles to bybit:AKE/USDT:1h"}
{"ts":"2026-07-24 19:28:30,502","level":"INFO","logger":"app.data_engine.redis_publisher","msg":"published 1 candles to bybit:B2/USDT:1h"}
{"ts":"2026-07-24 19:28:30,919","level":"INFO","logger":"app.data_engine.redis_publisher","msg":"published 1 candles to bybit:DEXE/USDT:1h"}
{"ts":"2026-07-24 19:28:31,435","level":"INFO","logger":"app.data_engine.redis_publisher","msg":"published 1 candles to bybit:TOWNS/USDT:1h"}
{"ts":"2026-07-24 19:28:32,001","level":"INFO","logger":"app.data_engine.redis_publisher","msg":"published 1 candles to bybit:CAP/USDT:1h"}
{"ts":"2026-07-24 19:28:32,298","level":"INFO","logger":"app.data_engine.redis_publisher","msg":"published 1 candles to bybit:ESPORTS/USDT:1h"}
{"ts":"2026-07-24 19:28:32,729","level":"INFO","logger":"app.data_engine.redis_publisher","msg":"published 1 candles to bybit:APR/USDT:1h"}
{"ts":"2026-07-24 19:28:33,078","level":"INFO","logger":"app.data_engine.redis_publisher","msg":"published 1 candles to bybit:GWEI/USDT:1h"}
{"ts":"2026-07-24 19:28:33,415","level":"INFO","logger":"app.data_engine.redis_publisher","msg":"published 1 candles to bybit:BEAM/USDT:1h"}
{"ts":"2026-07-24 19:28:33,642","level":"INFO","logger":"app.data_engine.redis_publisher","msg":"published 1 candles to bybit:SNXX/USDT:1h"}
{"ts":"2026-07-24 19:28:33,958","level":"INFO","logger":"app.data_engine.redis_publisher","msg":"published 1 candles to bybit:SOXL/USDT:1h"}
{"ts":"2026-07-24 19:28:34,415","level":"INFO","logger":"app.data_engine.redis_publisher","msg":"published 1 candles to bybit:SOL/USDT:1h"}
{"ts":"2026-07-24 19:28:34,802","level":"INFO","logger":"app.data_engine.redis_publisher","msg":"published 1 candles to bybit:PLAYSOUT/USDT:1h"}
{"ts":"2026-07-24 19:28:35,155","level":"INFO","logger":"app.data_engine.redis_publisher","msg":"published 1 candles to bybit:MU/USDT:1h"}
{"ts":"2026-07-24 19:28:35,485","level":"INFO","logger":"app.data_engine.redis_publisher","msg":"published 1 candles to bybit:XRP/USDT:1h"}
{"ts":"2026-07-24 19:28:35,596","level":"INFO","logger":"app.data_engine.redis_publisher","msg":"published 1 candles to bybit:ACE/USDT:1h"}
{"ts":"2026-07-24 19:28:35,697","level":"INFO","logger":"app.data_engine.redis_publisher","msg":"published 1 candles to bybit:BTC/USDT:1h"}
{"ts":"2026-07-24 19:28:35,921","level":"INFO","logger":"app.data_engine.redis_publisher","msg":"published 1 candles to bybit:KORU/USDT:1h"}
{"ts":"2026-07-24 19:28:36,024","level":"INFO","logger":"app.data_engine.redis_publisher","msg":"published 1 candles to bybit:HYPE/USDT:1h"}
{"ts":"2026-07-24 19:28:36,040","level":"INFO","logger":"app.data_engine.redis_publisher","msg":"published 1 candles to bybit:BANK/USDT:1h"}
{"ts":"2026-07-24 19:28:36,332","level":"INFO","logger":"app.data_engine.redis_publisher","msg":"published 1 candles to bybit:ETH/USDT:1h"}
{"ts":"2026-07-24 19:28:36,654","level":"INFO","logger":"app.data_engine.redis_publisher","msg":"published 1 candles to bybit:SNDK/USDT:1h"}
{"ts":"2026-07-24 19:28:36,956","level":"INFO","logger":"app.data_engine.redis_publisher","msg":"published 1 candles to bybit:SKHYNIX/USDT:1h"}
{"ts":"2026-07-24 19:28:37,064","level":"INFO","logger":"app.data_engine.redis_publisher","msg":"published 1 candles to bybit:SKHY/USDT:1h"}
{"ts":"2026-07-24 19:28:37,191","level":"INFO","logger":"app.data_engine.redis_publisher","msg":"published 1 candles to bybit:ZEC/USDT:1h"}
{"ts":"2026-07-24 19:28:37,513","level":"INFO","logger":"app.data_engine.redis_publisher","msg":"published 1 candles to bybit:NEAR/USDT:1h"}
{"ts":"2026-07-24 19:28:37,546","level":"INFO","logger":"app.data_engine.redis_publisher","msg":"published 1 candles to bybit:VELVET/USDT:1h"}
{"ts":"2026-07-24 19:28:37,705","level":"INFO","logger":"app.data_engine.redis_publisher","msg":"published 1 candles to bybit:CL/USDT:1h"}
{"ts":"2026-07-24 19:28:37,977","level":"INFO","logger":"app.data_engine.redis_publisher","msg":"published 1 candles to bybit:INTC/USDT:1h"}
{"ts":"2026-07-24 19:28:38,146","level":"INFO","logger":"app.data_engine.redis_publisher","msg":"published 1 candles to bybit:AERGO/USDT:1h"}
{"ts":"2026-07-24 19:29:15,177","level":"INFO","logger":"app.data_engine.redis_publisher","msg":"published 1 candles to bybit:MUU/USDT:1h"}
{"ts":"2026-07-24 19:29:15,534","level":"INFO","logger":"app.data_engine.redis_publisher","msg":"published 1 candles to bybit:LA/USDT:1h"}
{"ts":"2026-07-24 19:29:16,566","level":"INFO","logger":"app.data_engine.redis_publisher","msg":"published 1 candles to bybit:CBRS/USDT:1h"}
{"ts":"2026-07-24 19:29:17,201","level":"INFO","logger":"app.data_engine.redis_publisher","msg":"published 1 candles to bybit:BEAT/USDT:1h"}
{"ts":"2026-07-24 19:29:18,455","level":"INFO","logger":"app.data_engine.redis_publisher","msg":"published 1 candles to bybit:INTW/USDT:1h"}
{"ts":"2026-07-24 19:29:18,876","level":"INFO","logger":"app.data_engine.redis_publisher","msg":"published 1 candles to bybit:KAITO/USDT:1h"}
{"ts":"2026-07-24 19:29:21,610","level":"INFO","logger":"app.data_engine.redis_publisher","msg":"published 1 candles to bybit:SOXS/USDT:1h"}
{"ts":"2026-07-24 19:29:27,343","level":"INFO","logger":"app.data_engine.redis_publisher","msg":"published 1 candles to bybit:HEMI/USDT:1h"}
{"ts":"2026-07-24 19:29:27,735","level":"INFO","logger":"app.data_engine.redis_publisher","msg":"published 1 candles to bybit:ORDER/USDT:1h"}
{"ts":"2026-07-24 19:29:29,657","level":"INFO","logger":"app.data_engine.redis_publisher","msg":"published 1 candles to bybit:RE/USDT:1h"}
{"ts":"2026-07-24 19:29:30,078","level":"INFO","logger":"app.data_engine.redis_publisher","msg":"published 1 candles to bybit:AKE/USDT:1h"}
{"ts":"2026-07-24 19:29:30,809","level":"INFO","logger":"app.data_engine.redis_publisher","msg":"published 1 candles to bybit:B2/USDT:1h"}
{"ts":"2026-07-24 19:29:31,231","level":"INFO","logger":"app.data_engine.redis_publisher","msg":"published 1 candles to bybit:DEXE/USDT:1h"}
{"ts":"2026-07-24 19:29:31,747","level":"INFO","logger":"app.data_engine.redis_publisher","msg":"published 1 candles to bybit:TOWNS/USDT:1h"}
{"ts":"2026-07-24 19:29:32,312","level":"INFO","logger":"app.data_engine.redis_publisher","msg":"published 1 candles to bybit:CAP/USDT:1h"}
{"ts":"2026-07-24 19:29:32,618","level":"INFO","logger":"app.data_engine.redis_publisher","msg":"published 1 candles to bybit:ESPORTS/USDT:1h"}
{"ts":"2026-07-24 19:29:33,040","level":"INFO","logger":"app.data_engine.redis_publisher","msg":"published 1 candles to bybit:APR/USDT:1h"}
{"ts":"2026-07-24 19:29:33,391","level":"INFO","logger":"app.data_engine.redis_publisher","msg":"published 1 candles to bybit:GWEI/USDT:1h"}
{"ts":"2026-07-24 19:29:33,726","level":"INFO","logger":"app.data_engine.redis_publisher","msg":"published 1 candles to bybit:BEAM/USDT:1h"}
{"ts":"2026-07-24 19:29:33,953","level":"INFO","logger":"app.data_engine.redis_publisher","msg":"published 1 candles to bybit:SNXX/USDT:1h"}
{"ts":"2026-07-24 19:29:34,270","level":"INFO","logger":"app.data_engine.redis_publisher","msg":"published 1 candles to bybit:SOXL/USDT:1h"}
{"ts":"2026-07-24 19:29:34,725","level":"INFO","logger":"app.data_engine.redis_publisher","msg":"published 1 candles to bybit:SOL/USDT:1h"}
{"ts":"2026-07-24 19:29:35,112","level":"INFO","logger":"app.data_engine.redis_publisher","msg":"published 1 candles to bybit:PLAYSOUT/USDT:1h"}
{"ts":"2026-07-24 19:29:35,465","level":"INFO","logger":"app.data_engine.redis_publisher","msg":"published 1 candles to bybit:MU/USDT:1h"}
{"ts":"2026-07-24 19:29:35,798","level":"INFO","logger":"app.data_engine.redis_publisher","msg":"published 1 candles to bybit:XRP/USDT:1h"}
{"ts":"2026-07-24 19:29:35,907","level":"INFO","logger":"app.data_engine.redis_publisher","msg":"published 1 candles to bybit:ACE/USDT:1h"}
{"ts":"2026-07-24 19:29:36,010","level":"INFO","logger":"app.data_engine.redis_publisher","msg":"published 1 candles to bybit:BTC/USDT:1h"}
{"ts":"2026-07-24 19:29:36,230","level":"INFO","logger":"app.data_engine.redis_publisher","msg":"published 1 candles to bybit:KORU/USDT:1h"}
{"ts":"2026-07-24 19:29:36,337","level":"INFO","logger":"app.data_engine.redis_publisher","msg":"published 1 candles to bybit:HYPE/USDT:1h"}
{"ts":"2026-07-24 19:29:36,643","level":"INFO","logger":"app.data_engine.redis_publisher","msg":"published 1 candles to bybit:ETH/USDT:1h"}
{"ts":"2026-07-24 19:29:36,964","level":"INFO","logger":"app.data_engine.redis_publisher","msg":"published 1 candles to bybit:SNDK/USDT:1h"}
{"ts":"2026-07-24 19:29:37,005","level":"INFO","logger":"app.data_engine.redis_publisher","msg":"published 1 candles to bybit:BANK/USDT:1h"}
{"ts":"2026-07-24 19:29:37,264","level":"INFO","logger":"app.data_engine.redis_publisher","msg":"published 1 candles to bybit:SKHYNIX/USDT:1h"}
{"ts":"2026-07-24 19:29:37,377","level":"INFO","logger":"app.data_engine.redis_publisher","msg":"published 1 candles to bybit:SKHY/USDT:1h"}
{"ts":"2026-07-24 19:29:37,501","level":"INFO","logger":"app.data_engine.redis_publisher","msg":"published 1 candles to bybit:ZEC/USDT:1h"}
{"ts":"2026-07-24 19:29:37,845","level":"INFO","logger":"app.data_engine.redis_publisher","msg":"published 1 candles to bybit:NEAR/USDT:1h"}
{"ts":"2026-07-24 19:29:37,942","level":"INFO","logger":"app.data_engine.redis_publisher","msg":"published 1 candles to bybit:VELVET/USDT:1h"}
{"ts":"2026-07-24 19:29:38,040","level":"INFO","logger":"app.data_engine.redis_publisher","msg":"published 1 candles to bybit:CL/USDT:1h"}
{"ts":"2026-07-24 19:29:38,289","level":"INFO","logger":"app.data_engine.redis_publisher","msg":"published 1 candles to bybit:INTC/USDT:1h"}
{"ts":"2026-07-24 19:29:38,454","level":"INFO","logger":"app.data_engine.redis_publisher","msg":"published 1 candles to bybit:AERGO/USDT:1h"}
{"ts":"2026-07-24 19:30:16,068","level":"INFO","logger":"app.data_engine.redis_publisher","msg":"published 1 candles to bybit:MUU/USDT:1h"}
{"ts":"2026-07-24 19:30:16,256","level":"INFO","logger":"app.data_engine.redis_publisher","msg":"published 1 candles to bybit:LA/USDT:1h"}
{"ts":"2026-07-24 19:30:16,877","level":"INFO","logger":"app.data_engine.redis_publisher","msg":"published 1 candles to bybit:CBRS/USDT:1h"}
{"ts":"2026-07-24 19:30:17,512","level":"INFO","logger":"app.data_engine.redis_publisher","msg":"published 1 candles to bybit:BEAT/USDT:1h"}
{"ts":"2026-07-24 19:30:18,766","level":"INFO","logger":"app.data_engine.redis_publisher","msg":"published 1 candles to bybit:INTW/USDT:1h"}
{"ts":"2026-07-24 19:30:19,184","level":"INFO","logger":"app.data_engine.redis_publisher","msg":"published 1 candles to bybit:KAITO/USDT:1h"}
{"ts":"2026-07-24 19:30:21,920","level":"INFO","logger":"app.data_engine.redis_publisher","msg":"published 1 candles to bybit:SOXS/USDT:1h"}
{"ts":"2026-07-24 19:30:27,667","level":"INFO","logger":"app.data_engine.redis_publisher","msg":"published 1 candles to bybit:HEMI/USDT:1h"}
{"ts":"2026-07-24 19:30:28,044","level":"INFO","logger":"app.data_engine.redis_publisher","msg":"published 1 candles to bybit:ORDER/USDT:1h"}
{"ts":"2026-07-24 19:30:29,964","level":"INFO","logger":"app.data_engine.redis_publisher","msg":"published 1 candles to bybit:RE/USDT:1h"}
{"ts":"2026-07-24 19:30:30,390","level":"INFO","logger":"app.data_engine.redis_publisher","msg":"published 1 candles to bybit:AKE/USDT:1h"}
{"ts":"2026-07-24 19:30:31,117","level":"INFO","logger":"app.data_engine.redis_publisher","msg":"published 1 candles to bybit:B2/USDT:1h"}
{"ts":"2026-07-24 19:30:31,544","level":"INFO","logger":"app.data_engine.redis_publisher","msg":"published 1 candles to bybit:DEXE/USDT:1h"}
{"ts":"2026-07-24 19:30:32,057","level":"INFO","logger":"app.data_engine.redis_publisher","msg":"published 1 candles to bybit:TOWNS/USDT:1h"}
{"ts":"2026-07-24 19:30:32,627","level":"INFO","logger":"app.data_engine.redis_publisher","msg":"published 1 candles to bybit:CAP/USDT:1h"}
{"ts":"2026-07-24 19:30:32,931","level":"INFO","logger":"app.data_engine.redis_publisher","msg":"published 1 candles to bybit:ESPORTS/USDT:1h"}
{"ts":"2026-07-24 19:30:33,350","level":"INFO","logger":"app.data_engine.redis_publisher","msg":"published 1 candles to bybit:APR/USDT:1h"}
{"ts":"2026-07-24 19:30:33,698","level":"INFO","logger":"app.data_engine.redis_publisher","msg":"published 1 candles to bybit:GWEI/USDT:1h"}
{"ts":"2026-07-24 19:30:34,040","level":"INFO","logger":"app.data_engine.redis_publisher","msg":"published 1 candles to bybit:BEAM/USDT:1h"}
{"ts":"2026-07-24 19:30:34,264","level":"INFO","logger":"app.data_engine.redis_publisher","msg":"published 1 candles to bybit:SNXX/USDT:1h"}
{"ts":"2026-07-24 19:30:34,579","level":"INFO","logger":"app.data_engine.redis_publisher","msg":"published 1 candles to bybit:SOXL/USDT:1h"}
{"ts":"2026-07-24 19:30:35,035","level":"INFO","logger":"app.data_engine.redis_publisher","msg":"published 1 candles to bybit:SOL/USDT:1h"}
{"ts":"2026-07-24 19:30:35,420","level":"INFO","logger":"app.data_engine.redis_publisher","msg":"published 1 candles to bybit:PLAYSOUT/USDT:1h"}
{"ts":"2026-07-24 19:30:35,773","level":"INFO","logger":"app.data_engine.redis_publisher","msg":"published 1 candles to bybit:MU/USDT:1h"}
{"ts":"2026-07-24 19:30:36,108","level":"INFO","logger":"app.data_engine.redis_publisher","msg":"published 1 candles to bybit:XRP/USDT:1h"}
{"ts":"2026-07-24 19:30:36,218","level":"INFO","logger":"app.data_engine.redis_publisher","msg":"published 1 candles to bybit:ACE/USDT:1h"}
{"ts":"2026-07-24 19:30:36,319","level":"INFO","logger":"app.data_engine.redis_publisher","msg":"published 1 candles to bybit:BTC/USDT:1h"}
{"ts":"2026-07-24 19:30:36,538","level":"INFO","logger":"app.data_engine.redis_publisher","msg":"published 1 candles to bybit:KORU/USDT:1h"}
{"ts":"2026-07-24 19:30:36,651","level":"INFO","logger":"app.data_engine.redis_publisher","msg":"published 1 candles to bybit:HYPE/USDT:1h"}
{"ts":"2026-07-24 19:30:36,953","level":"INFO","logger":"app.data_engine.redis_publisher","msg":"published 1 candles to bybit:ETH/USDT:1h"}
{"ts":"2026-07-24 19:30:37,276","level":"INFO","logger":"app.data_engine.redis_publisher","msg":"published 1 candles to bybit:SNDK/USDT:1h"}
{"ts":"2026-07-24 19:30:37,373","level":"INFO","logger":"app.data_engine.redis_publisher","msg":"published 1 candles to bybit:BANK/USDT:1h"}
{"ts":"2026-07-24 19:30:37,575","level":"INFO","logger":"app.data_engine.redis_publisher","msg":"published 1 candles to bybit:SKHYNIX/USDT:1h"}
{"ts":"2026-07-24 19:30:37,688","level":"INFO","logger":"app.data_engine.redis_publisher","msg":"published 1 candles to bybit:SKHY/USDT:1h"}
{"ts":"2026-07-24 19:30:37,821","level":"INFO","logger":"app.data_engine.redis_publisher","msg":"published 1 candles to bybit:ZEC/USDT:1h"}
{"ts":"2026-07-24 19:30:38,154","level":"INFO","logger":"app.data_engine.redis_publisher","msg":"published 1 candles to bybit:NEAR/USDT:1h"}
{"ts":"2026-07-24 19:30:38,253","level":"INFO","logger":"app.data_engine.redis_publisher","msg":"published 1 candles to bybit:VELVET/USDT:1h"}
{"ts":"2026-07-24 19:30:38,580","level":"INFO","logger":"app.data_engine.redis_publisher","msg":"published 1 candles to bybit:CL/USDT:1h"}
{"ts":"2026-07-24 19:30:38,596","level":"INFO","logger":"app.data_engine.redis_publisher","msg":"published 1 candles to bybit:INTC/USDT:1h"}
{"ts":"2026-07-24 19:30:38,767","level":"INFO","logger":"app.data_engine.redis_publisher","msg":"published 1 candles to bybit:AERGO/USDT:1h"}
{"ts":"2026-07-24 19:31:16,609","level":"INFO","logger":"app.data_engine.redis_publisher","msg":"published 1 candles to bybit:MUU/USDT:1h"}
{"ts":"2026-07-24 19:31:16,790","level":"INFO","logger":"app.data_engine.redis_publisher","msg":"published 1 candles to bybit:LA/USDT:1h"}
{"ts":"2026-07-24 19:31:17,187","level":"INFO","logger":"app.data_engine.redis_publisher","msg":"published 1 candles to bybit:CBRS/USDT:1h"}
{"ts":"2026-07-24 19:31:17,817","level":"INFO","logger":"app.data_engine.redis_publisher","msg":"published 1 candles to bybit:BEAT/USDT:1h"}
{"ts":"2026-07-24 19:31:19,080","level":"INFO","logger":"app.data_engine.redis_publisher","msg":"published 1 candles to bybit:INTW/USDT:1h"}
{"ts":"2026-07-24 19:31:19,493","level":"INFO","logger":"app.data_engine.redis_publisher","msg":"published 1 candles to bybit:KAITO/USDT:1h"}
{"ts":"2026-07-24 19:31:22,232","level":"INFO","logger":"app.data_engine.redis_publisher","msg":"published 1 candles to bybit:SOXS/USDT:1h"}
{"ts":"2026-07-24 19:31:27,983","level":"INFO","logger":"app.data_engine.redis_publisher","msg":"published 1 candles to bybit:HEMI/USDT:1h"}
{"ts":"2026-07-24 19:31:28,355","level":"INFO","logger":"app.data_engine.redis_publisher","msg":"published 1 candles to bybit:ORDER/USDT:1h"}
{"ts":"2026-07-24 19:31:30,273","level":"INFO","logger":"app.data_engine.redis_publisher","msg":"published 1 candles to bybit:RE/USDT:1h"}
{"ts":"2026-07-24 19:31:30,707","level":"INFO","logger":"app.data_engine.redis_publisher","msg":"published 1 candles to bybit:AKE/USDT:1h"}
{"ts":"2026-07-24 19:31:31,429","level":"INFO","logger":"app.data_engine.redis_publisher","msg":"published 1 candles to bybit:B2/USDT:1h"}
{"ts":"2026-07-24 19:31:31,854","level":"INFO","logger":"app.data_engine.redis_publisher","msg":"published 1 candles to bybit:DEXE/USDT:1h"}
{"ts":"2026-07-24 19:31:32,366","level":"INFO","logger":"app.data_engine.redis_publisher","msg":"published 1 candles to bybit:TOWNS/USDT:1h"}
{"ts":"2026-07-24 19:31:32,936","level":"INFO","logger":"app.data_engine.redis_publisher","msg":"published 1 candles to bybit:CAP/USDT:1h"}
{"ts":"2026-07-24 19:31:33,241","level":"INFO","logger":"app.data_engine.redis_publisher","msg":"published 1 candles to bybit:ESPORTS/USDT:1h"}
{"ts":"2026-07-24 19:31:33,660","level":"INFO","logger":"app.data_engine.redis_publisher","msg":"published 1 candles to bybit:APR/USDT:1h"}
{"ts":"2026-07-24 19:31:34,009","level":"INFO","logger":"app.data_engine.redis_publisher","msg":"published 1 candles to bybit:GWEI/USDT:1h"}
{"ts":"2026-07-24 19:31:34,350","level":"INFO","logger":"app.data_engine.redis_publisher","msg":"published 1 candles to bybit:BEAM/USDT:1h"}
{"ts":"2026-07-24 19:31:34,575","level":"INFO","logger":"app.data_engine.redis_publisher","msg":"published 1 candles to bybit:SNXX/USDT:1h"}
{"ts":"2026-07-24 19:31:34,888","level":"INFO","logger":"app.data_engine.redis_publisher","msg":"published 1 candles to bybit:SOXL/USDT:1h"}
{"ts":"2026-07-24 19:31:35,343","level":"INFO","logger":"app.data_engine.redis_publisher","msg":"published 1 candles to bybit:SOL/USDT:1h"}
{"ts":"2026-07-24 19:31:35,731","level":"INFO","logger":"app.data_engine.redis_publisher","msg":"published 1 candles to bybit:PLAYSOUT/USDT:1h"}
{"ts":"2026-07-24 19:31:36,087","level":"INFO","logger":"app.data_engine.redis_publisher","msg":"published 1 candles to bybit:MU/USDT:1h"}
{"ts":"2026-07-24 19:31:36,419","level":"INFO","logger":"app.data_engine.redis_publisher","msg":"published 1 candles to bybit:XRP/USDT:1h"}
{"ts":"2026-07-24 19:31:36,531","level":"INFO","logger":"app.data_engine.redis_publisher","msg":"published 1 candles to bybit:ACE/USDT:1h"}
{"ts":"2026-07-24 19:31:36,630","level":"INFO","logger":"app.data_engine.redis_publisher","msg":"published 1 candles to bybit:BTC/USDT:1h"}
{"ts":"2026-07-24 19:31:36,845","level":"INFO","logger":"app.data_engine.redis_publisher","msg":"published 1 candles to bybit:KORU/USDT:1h"}
{"ts":"2026-07-24 19:31:36,964","level":"INFO","logger":"app.data_engine.redis_publisher","msg":"published 1 candles to bybit:HYPE/USDT:1h"}
{"ts":"2026-07-24 19:31:37,271","level":"INFO","logger":"app.data_engine.redis_publisher","msg":"published 1 candles to bybit:ETH/USDT:1h"}
{"ts":"2026-07-24 19:31:37,591","level":"INFO","logger":"app.data_engine.redis_publisher","msg":"published 1 candles to bybit:SNDK/USDT:1h"}
{"ts":"2026-07-24 19:31:37,689","level":"INFO","logger":"app.data_engine.redis_publisher","msg":"published 1 candles to bybit:BANK/USDT:1h"}
{"ts":"2026-07-24 19:31:37,885","level":"INFO","logger":"app.data_engine.redis_publisher","msg":"published 1 candles to bybit:SKHYNIX/USDT:1h"}
{"ts":"2026-07-24 19:31:38,002","level":"INFO","logger":"app.data_engine.redis_publisher","msg":"published 1 candles to bybit:SKHY/USDT:1h"}
{"ts":"2026-07-24 19:31:38,131","level":"INFO","logger":"app.data_engine.redis_publisher","msg":"published 1 candles to bybit:ZEC/USDT:1h"}
{"ts":"2026-07-24 19:31:38,466","level":"INFO","logger":"app.data_engine.redis_publisher","msg":"published 1 candles to bybit:NEAR/USDT:1h"}
{"ts":"2026-07-24 19:31:38,565","level":"INFO","logger":"app.data_engine.redis_publisher","msg":"published 1 candles to bybit:VELVET/USDT:1h"}
{"ts":"2026-07-24 19:31:38,891","level":"INFO","logger":"app.data_engine.redis_publisher","msg":"published 1 candles to bybit:CL/USDT:1h"}
{"ts":"2026-07-24 19:31:38,990","level":"INFO","logger":"app.data_engine.redis_publisher","msg":"published 1 candles to bybit:INTC/USDT:1h"}
{"ts":"2026-07-24 19:31:39,662","level":"INFO","logger":"app.data_engine.redis_publisher","msg":"published 1 candles to bybit:AERGO/USDT:1h"}
{"ts":"2026-07-24 19:32:17,157","level":"INFO","logger":"app.data_engine.redis_publisher","msg":"published 1 candles to bybit:MUU/USDT:1h"}
{"ts":"2026-07-24 19:32:17,327","level":"INFO","logger":"app.data_engine.redis_publisher","msg":"published 1 candles to bybit:LA/USDT:1h"}
{"ts":"2026-07-24 19:32:17,496","level":"INFO","logger":"app.data_engine.redis_publisher","msg":"published 1 candles to bybit:CBRS/USDT:1h"}
{"ts":"2026-07-24 19:32:18,127","level":"INFO","logger":"app.data_engine.redis_publisher","msg":"published 1 candles to bybit:BEAT/USDT:1h"}
{"ts":"2026-07-24 19:32:19,391","level":"INFO","logger":"app.data_engine.redis_publisher","msg":"published 1 candles to bybit:INTW/USDT:1h"}
{"ts":"2026-07-24 19:32:19,807","level":"INFO","logger":"app.data_engine.redis_publisher","msg":"published 1 candles to bybit:KAITO/USDT:1h"}
{"ts":"2026-07-24 19:32:22,545","level":"INFO","logger":"app.data_engine.redis_publisher","msg":"published 1 candles to bybit:SOXS/USDT:1h"}
{"ts":"2026-07-24 19:32:28,295","level":"INFO","logger":"app.data_engine.redis_publisher","msg":"published 1 candles to bybit:HEMI/USDT:1h"}
{"ts":"2026-07-24 19:32:28,674","level":"INFO","logger":"app.data_engine.redis_publisher","msg":"published 1 candles to bybit:ORDER/USDT:1h"}
{"ts":"2026-07-24 19:32:30,582","level":"INFO","logger":"app.data_engine.redis_publisher","msg":"published 1 candles to bybit:RE/USDT:1h"}
{"ts":"2026-07-24 19:32:31,030","level":"INFO","logger":"app.data_engine.redis_publisher","msg":"published 1 candles to bybit:AKE/USDT:1h"}
{"ts":"2026-07-24 19:32:31,738","level":"INFO","logger":"app.data_engine.redis_publisher","msg":"published 1 candles to bybit:B2/USDT:1h"}
{"ts":"2026-07-24 19:32:32,164","level":"INFO","logger":"app.data_engine.redis_publisher","msg":"published 1 candles to bybit:DEXE/USDT:1h"}
{"ts":"2026-07-24 19:32:32,676","level":"INFO","logger":"app.data_engine.redis_publisher","msg":"published 1 candles to bybit:TOWNS/USDT:1h"}
{"ts":"2026-07-24 19:32:33,252","level":"INFO","logger":"app.data_engine.redis_publisher","msg":"published 1 candles to bybit:CAP/USDT:1h"}
{"ts":"2026-07-24 19:32:33,552","level":"INFO","logger":"app.data_engine.redis_publisher","msg":"published 1 candles to bybit:ESPORTS/USDT:1h"}
{"ts":"2026-07-24 19:32:33,984","level":"INFO","logger":"app.data_engine.redis_publisher","msg":"published 1 candles to bybit:APR/USDT:1h"}
{"ts":"2026-07-24 19:32:34,316","level":"INFO","logger":"app.data_engine.redis_publisher","msg":"published 1 candles to bybit:GWEI/USDT:1h"}
{"ts":"2026-07-24 19:32:34,658","level":"INFO","logger":"app.data_engine.redis_publisher","msg":"published 1 candles to bybit:BEAM/USDT:1h"}
{"ts":"2026-07-24 19:32:34,886","level":"INFO","logger":"app.data_engine.redis_publisher","msg":"published 1 candles to bybit:SNXX/USDT:1h"}
{"ts":"2026-07-24 19:32:35,198","level":"INFO","logger":"app.data_engine.redis_publisher","msg":"published 1 candles to bybit:SOXL/USDT:1h"}
{"ts":"2026-07-24 19:32:35,657","level":"INFO","logger":"app.data_engine.redis_publisher","msg":"published 1 candles to bybit:SOL/USDT:1h"}
{"ts":"2026-07-24 19:32:36,048","level":"INFO","logger":"app.data_engine.redis_publisher","msg":"published 1 candles to bybit:PLAYSOUT/USDT:1h"}
{"ts":"2026-07-24 19:32:36,397","level":"INFO","logger":"app.data_engine.redis_publisher","msg":"published 1 candles to bybit:MU/USDT:1h"}
{"ts":"2026-07-24 19:32:36,727","level":"INFO","logger":"app.data_engine.redis_publisher","msg":"published 1 candles to bybit:XRP/USDT:1h"}
{"ts":"2026-07-24 19:32:36,840","level":"INFO","logger":"app.data_engine.redis_publisher","msg":"published 1 candles to bybit:ACE/USDT:1h"}
{"ts":"2026-07-24 19:32:36,939","level":"INFO","logger":"app.data_engine.redis_publisher","msg":"published 1 candles to bybit:BTC/USDT:1h"}
{"ts":"2026-07-24 19:32:37,155","level":"INFO","logger":"app.data_engine.redis_publisher","msg":"published 1 candles to bybit:KORU/USDT:1h"}
{"ts":"2026-07-24 19:32:37,275","level":"INFO","logger":"app.data_engine.redis_publisher","msg":"published 1 candles to bybit:HYPE/USDT:1h"}
{"ts":"2026-07-24 19:32:37,585","level":"INFO","logger":"app.data_engine.redis_publisher","msg":"published 1 candles to bybit:ETH/USDT:1h"}
{"ts":"2026-07-24 19:32:37,903","level":"INFO","logger":"app.data_engine.redis_publisher","msg":"published 1 candles to bybit:SNDK/USDT:1h"}
{"ts":"2026-07-24 19:32:38,007","level":"INFO","logger":"app.data_engine.redis_publisher","msg":"published 1 candles to bybit:BANK/USDT:1h"}
{"ts":"2026-07-24 19:32:38,197","level":"INFO","logger":"app.data_engine.redis_publisher","msg":"published 1 candles to bybit:SKHYNIX/USDT:1h"}
{"ts":"2026-07-24 19:32:38,313","level":"INFO","logger":"app.data_engine.redis_publisher","msg":"published 1 candles to bybit:SKHY/USDT:1h"}
{"ts":"2026-07-24 19:32:38,457","level":"INFO","logger":"app.data_engine.redis_publisher","msg":"published 1 candles to bybit:ZEC/USDT:1h"}
{"ts":"2026-07-24 19:32:38,776","level":"INFO","logger":"app.data_engine.redis_publisher","msg":"published 1 candles to bybit:NEAR/USDT:1h"}
{"ts":"2026-07-24 19:32:38,874","level":"INFO","logger":"app.data_engine.redis_publisher","msg":"published 1 candles to bybit:VELVET/USDT:1h"}
{"ts":"2026-07-24 19:32:39,202","level":"INFO","logger":"app.data_engine.redis_publisher","msg":"published 1 candles to bybit:CL/USDT:1h"}
{"ts":"2026-07-24 19:32:39,300","level":"INFO","logger":"app.data_engine.redis_publisher","msg":"published 1 candles to bybit:INTC/USDT:1h"}
{"ts":"2026-07-24 19:32:39,973","level":"INFO","logger":"app.data_engine.redis_publisher","msg":"published 1 candles to bybit:AERGO/USDT:1h"}
2026-07-24 19:33:13.834 | INFO     | app.data.universe_scanner:refresh:176 - UniverseScanner: %d candidates above $%.0f volume
2026-07-24 19:33:14.767 | DEBUG    | app.data.universe_scanner:refresh:188 - UniverseScanner: ATR failed for SOXL/USDT
2026-07-24 19:33:15.074 | DEBUG    | app.data.universe_scanner:refresh:188 - UniverseScanner: ATR failed for AKE/USDT
2026-07-24 19:33:15.074 | DEBUG    | app.data.universe_scanner:refresh:188 - UniverseScanner: ATR failed for DEXE/USDT
2026-07-24 19:33:15.387 | DEBUG    | app.data.universe_scanner:refresh:188 - UniverseScanner: ATR failed for BANK/USDT
2026-07-24 19:33:15.387 | DEBUG    | app.data.universe_scanner:refresh:188 - UniverseScanner: ATR failed for SNDK/USDT
2026-07-24 19:33:15.696 | DEBUG    | app.data.universe_scanner:refresh:188 - UniverseScanner: ATR failed for XAU/USDT
2026-07-24 19:33:15.696 | DEBUG    | app.data.universe_scanner:refresh:188 - UniverseScanner: ATR failed for CL/USDT
2026-07-24 19:33:15.696 | DEBUG    | app.data.universe_scanner:refresh:188 - UniverseScanner: ATR failed for MU/USDT
2026-07-24 19:33:15.696 | DEBUG    | app.data.universe_scanner:refresh:188 - UniverseScanner: ATR failed for ZEC/USDT
2026-07-24 19:33:15.696 | DEBUG    | app.data.universe_scanner:refresh:188 - UniverseScanner: ATR failed for ESPORTS/USDT
2026-07-24 19:33:16.005 | DEBUG    | app.data.universe_scanner:refresh:188 - UniverseScanner: ATR failed for SKHYNIX/USDT
2026-07-24 19:33:16.005 | DEBUG    | app.data.universe_scanner:refresh:188 - UniverseScanner: ATR failed for SPCX/USDT
2026-07-24 19:33:16.319 | DEBUG    | app.data.universe_scanner:refresh:188 - UniverseScanner: ATR failed for INTC/USDT
2026-07-24 19:33:16.319 | DEBUG    | app.data.universe_scanner:refresh:188 - UniverseScanner: ATR failed for SKHY/USDT
2026-07-24 19:33:16.938 | DEBUG    | app.data.universe_scanner:refresh:188 - UniverseScanner: ATR failed for RE/USDT
2026-07-24 19:33:16.939 | DEBUG    | app.data.universe_scanner:refresh:188 - UniverseScanner: ATR failed for 1000PEPE/USDT
2026-07-24 19:33:17.253 | DEBUG    | app.data.universe_scanner:refresh:188 - UniverseScanner: ATR failed for BEAT/USDT
2026-07-24 19:33:17.253 | DEBUG    | app.data.universe_scanner:refresh:188 - UniverseScanner: ATR failed for SNXX/USDT
2026-07-24 19:33:17.253 | DEBUG    | app.data.universe_scanner:refresh:188 - UniverseScanner: ATR failed for KORU/USDT
2026-07-24 19:33:17.253 | DEBUG    | app.data.universe_scanner:refresh:188 - UniverseScanner: ATR failed for XAG/USDT
{"ts":"2026-07-24 19:33:17,702","level":"INFO","logger":"app.data_engine.redis_publisher","msg":"published 1 candles to bybit:MUU/USDT:1h"}
{"ts":"2026-07-24 19:33:17,863","level":"INFO","logger":"app.data_engine.redis_publisher","msg":"published 1 candles to bybit:LA/USDT:1h"}
{"ts":"2026-07-24 19:33:18,039","level":"INFO","logger":"app.data_engine.redis_publisher","msg":"published 1 candles to bybit:CBRS/USDT:1h"}
2026-07-24 19:33:18.183 | DEBUG    | app.data.universe_scanner:refresh:188 - UniverseScanner: ATR failed for KAITO/USDT
{"ts":"2026-07-24 19:33:18,440","level":"INFO","logger":"app.data_engine.redis_publisher","msg":"published 1 candles to bybit:BEAT/USDT:1h"}
2026-07-24 19:33:18.494 | DEBUG    | app.data.universe_scanner:refresh:188 - UniverseScanner: ATR failed for CBRS/USDT
2026-07-24 19:33:19.422 | DEBUG    | app.data.universe_scanner:refresh:188 - UniverseScanner: ATR failed for TAO/USDT
{"ts":"2026-07-24 19:33:19,700","level":"INFO","logger":"app.data_engine.redis_publisher","msg":"published 1 candles to bybit:INTW/USDT:1h"}
2026-07-24 19:33:19.733 | DEBUG    | app.data.universe_scanner:refresh:188 - UniverseScanner: ATR failed for PUMPFUN/USDT
{"ts":"2026-07-24 19:33:20,120","level":"INFO","logger":"app.data_engine.redis_publisher","msg":"published 1 candles to bybit:KAITO/USDT:1h"}
2026-07-24 19:33:20.351 | DEBUG    | app.data.universe_scanner:refresh:188 - UniverseScanner: ATR failed for FARTCOIN/USDT
2026-07-24 19:33:20.661 | DEBUG    | app.data.universe_scanner:refresh:188 - UniverseScanner: ATR failed for INTW/USDT
2026-07-24 19:33:20.661 | DEBUG    | app.data.universe_scanner:refresh:188 - UniverseScanner: ATR failed for EWY/USDT
2026-07-24 19:33:21.899 | DEBUG    | app.data.universe_scanner:refresh:188 - UniverseScanner: ATR failed for DRAM/USDT
2026-07-24 19:33:21.899 | DEBUG    | app.data.universe_scanner:refresh:188 - UniverseScanner: ATR failed for VELVET/USDT
2026-07-24 19:33:21.899 | DEBUG    | app.data.universe_scanner:refresh:188 - UniverseScanner: ATR failed for TSLA/USDT
2026-07-24 19:33:22.211 | DEBUG    | app.data.universe_scanner:refresh:188 - UniverseScanner: ATR failed for ALLO/USDT
{"ts":"2026-07-24 19:33:22,857","level":"INFO","logger":"app.data_engine.redis_publisher","msg":"published 1 candles to bybit:SOXS/USDT:1h"}
2026-07-24 19:33:23.149 | DEBUG    | app.data.universe_scanner:refresh:188 - UniverseScanner: ATR failed for XMR/USDT
2026-07-24 19:33:24.110 | DEBUG    | app.data.universe_scanner:refresh:188 - UniverseScanner: ATR failed for AAL/USDT
2026-07-24 19:33:24.110 | DEBUG    | app.data.universe_scanner:refresh:188 - UniverseScanner: ATR failed for LAB/USDT
2026-07-24 19:33:24.730 | DEBUG    | app.data.universe_scanner:refresh:188 - UniverseScanner: ATR failed for US/USDT
2026-07-24 19:33:25.374 | DEBUG    | app.data.universe_scanner:refresh:188 - UniverseScanner: ATR failed for O/USDT
2026-07-24 19:33:25.374 | DEBUG    | app.data.universe_scanner:refresh:188 - UniverseScanner: ATR failed for MRVL/USDT
2026-07-24 19:33:25.374 | DEBUG    | app.data.universe_scanner:refresh:188 - UniverseScanner: ATR failed for ACE/USDT
2026-07-24 19:33:25.374 | DEBUG    | app.data.universe_scanner:refresh:188 - UniverseScanner: ATR failed for GWEI/USDT
2026-07-24 19:33:25.994 | DEBUG    | app.data.universe_scanner:refresh:188 - UniverseScanner: ATR failed for TSEM/USDT
2026-07-24 19:33:25.994 | DEBUG    | app.data.universe_scanner:refresh:188 - UniverseScanner: ATR failed for 1000BONK/USDT
2026-07-24 19:33:25.994 | DEBUG    | app.data.universe_scanner:refresh:188 - UniverseScanner: ATR failed for GOOGL/USDT
2026-07-24 19:33:26.303 | DEBUG    | app.data.universe_scanner:refresh:188 - UniverseScanner: ATR failed for MUU/USDT
2026-07-24 19:33:26.303 | DEBUG    | app.data.universe_scanner:refresh:188 - UniverseScanner: ATR failed for NBIS/USDT
2026-07-24 19:33:26.616 | DEBUG    | app.data.universe_scanner:refresh:188 - UniverseScanner: ATR failed for PENGSTOCK/USDT
2026-07-24 19:33:26.924 | DEBUG    | app.data.universe_scanner:refresh:188 - UniverseScanner: ATR failed for SOXS/USDT
2026-07-24 19:33:27.233 | DEBUG    | app.data.universe_scanner:refresh:188 - UniverseScanner: ATR failed for CRCL/USDT
2026-07-24 19:33:27.848 | DEBUG    | app.data.universe_scanner:refresh:188 - UniverseScanner: ATR failed for MARA/USDT
2026-07-24 19:33:27.848 | DEBUG    | app.data.universe_scanner:refresh:188 - UniverseScanner: ATR failed for B2/USDT
2026-07-24 19:33:27.848 | DEBUG    | app.data.universe_scanner:refresh:188 - UniverseScanner: ATR failed for AEHR/USDT
{"ts":"2026-07-24 19:33:28,608","level":"INFO","logger":"app.data_engine.redis_publisher","msg":"published 1 candles to bybit:HEMI/USDT:1h"}
2026-07-24 19:33:29.082 | DEBUG    | app.data.universe_scanner:refresh:188 - UniverseScanner: ATR failed for GS/USDT
{"ts":"2026-07-24 19:33:29,086","level":"INFO","logger":"app.data_engine.redis_publisher","msg":"published 1 candles to bybit:ORDER/USDT:1h"}
2026-07-24 19:33:29.392 | DEBUG    | app.data.universe_scanner:refresh:188 - UniverseScanner: ATR failed for MSTR/USDT
2026-07-24 19:33:30.009 | DEBUG    | app.data.universe_scanner:refresh:188 - UniverseScanner: ATR failed for RDW/USDT
2026-07-24 19:33:30.009 | DEBUG    | app.data.universe_scanner:refresh:188 - UniverseScanner: ATR failed for AERGO/USDT
2026-07-24 19:33:30.009 | DEBUG    | app.data.universe_scanner:refresh:188 - UniverseScanner: ATR failed for SHIB1000/USDT
2026-07-24 19:33:30.009 | DEBUG    | app.data.universe_scanner:refresh:188 - UniverseScanner: ATR failed for EVAA/USDT
2026-07-24 19:33:30.009 | DEBUG    | app.data.universe_scanner:refresh:188 - UniverseScanner: ATR failed for APR/USDT
2026-07-24 19:33:30.638 | DEBUG    | app.data.universe_scanner:refresh:188 - UniverseScanner: ATR failed for POET/USDT
{"ts":"2026-07-24 19:33:30,892","level":"INFO","logger":"app.data_engine.redis_publisher","msg":"published 1 candles to bybit:RE/USDT:1h"}
2026-07-24 19:33:31.262 | DEBUG    | app.data.universe_scanner:refresh:188 - UniverseScanner: ATR failed for EPIC/USDT
{"ts":"2026-07-24 19:33:31,350","level":"INFO","logger":"app.data_engine.redis_publisher","msg":"published 1 candles to bybit:AKE/USDT:1h"}
2026-07-24 19:33:31.574 | DEBUG    | app.data.universe_scanner:refresh:188 - UniverseScanner: ATR failed for AXTI/USDT
2026-07-24 19:33:31.574 | DEBUG    | app.data.universe_scanner:refresh:188 - UniverseScanner: ATR failed for IONQ/USDT
{"ts":"2026-07-24 19:33:32,047","level":"INFO","logger":"app.data_engine.redis_publisher","msg":"published 1 candles to bybit:B2/USDT:1h"}
{"ts":"2026-07-24 19:33:32,477","level":"INFO","logger":"app.data_engine.redis_publisher","msg":"published 1 candles to bybit:DEXE/USDT:1h"}
2026-07-24 19:33:32.503 | DEBUG    | app.data.universe_scanner:refresh:188 - UniverseScanner: ATR failed for XLV/USDT
{"ts":"2026-07-24 19:33:32,987","level":"INFO","logger":"app.data_engine.redis_publisher","msg":"published 1 candles to bybit:TOWNS/USDT:1h"}
2026-07-24 19:33:33.123 | DEBUG    | app.data.universe_scanner:refresh:188 - UniverseScanner: ATR failed for SAMSUNG/USDT
2026-07-24 19:33:33.123 | DEBUG    | app.data.universe_scanner:refresh:188 - UniverseScanner: ATR failed for AAOI/USDT
{"ts":"2026-07-24 19:33:33,562","level":"INFO","logger":"app.data_engine.redis_publisher","msg":"published 1 candles to bybit:CAP/USDT:1h"}
2026-07-24 19:33:33.741 | DEBUG    | app.data.universe_scanner:refresh:188 - UniverseScanner: ATR failed for AMDSTOCK/USDT
2026-07-24 19:33:33.741 | DEBUG    | app.data.universe_scanner:refresh:188 - UniverseScanner: ATR failed for XLK/USDT
{"ts":"2026-07-24 19:33:33,866","level":"INFO","logger":"app.data_engine.redis_publisher","msg":"published 1 candles to bybit:ESPORTS/USDT:1h"}
{"ts":"2026-07-24 19:33:34,295","level":"INFO","logger":"app.data_engine.redis_publisher","msg":"published 1 candles to bybit:APR/USDT:1h"}
2026-07-24 19:33:34.358 | DEBUG    | app.data.universe_scanner:refresh:188 - UniverseScanner: ATR failed for APLD/USDT
{"ts":"2026-07-24 19:33:34,630","level":"INFO","logger":"app.data_engine.redis_publisher","msg":"published 1 candles to bybit:GWEI/USDT:1h"}
2026-07-24 19:33:34.668 | DEBUG    | app.data.universe_scanner:refresh:188 - UniverseScanner: ATR failed for UB/USDT
{"ts":"2026-07-24 19:33:34,968","level":"INFO","logger":"app.data_engine.redis_publisher","msg":"published 1 candles to bybit:BEAM/USDT:1h"}
{"ts":"2026-07-24 19:33:35,209","level":"INFO","logger":"app.data_engine.redis_publisher","msg":"published 1 candles to bybit:SNXX/USDT:1h"}
2026-07-24 19:33:35.288 | DEBUG    | app.data.universe_scanner:refresh:188 - UniverseScanner: ATR failed for APPSTOCK/USDT
2026-07-24 19:33:35.288 | DEBUG    | app.data.universe_scanner:refresh:188 - UniverseScanner: ATR failed for BZ/USDT
{"ts":"2026-07-24 19:33:35,510","level":"INFO","logger":"app.data_engine.redis_publisher","msg":"published 1 candles to bybit:SOXL/USDT:1h"}
2026-07-24 19:33:35.598 | DEBUG    | app.data.universe_scanner:refresh:188 - UniverseScanner: ATR failed for TLM/USDT
2026-07-24 19:33:35.911 | DEBUG    | app.data.universe_scanner:refresh:188 - UniverseScanner: ATR failed for ONDS/USDT
2026-07-24 19:33:35.911 | DEBUG    | app.data.universe_scanner:refresh:188 - UniverseScanner: ATR failed for WENSTOCK/USDT
{"ts":"2026-07-24 19:33:35,965","level":"INFO","logger":"app.data_engine.redis_publisher","msg":"published 1 candles to bybit:SOL/USDT:1h"}
2026-07-24 19:33:36.220 | DEBUG    | app.data.universe_scanner:refresh:188 - UniverseScanner: ATR failed for DASH/USDT
2026-07-24 19:33:36.220 | DEBUG    | app.data.universe_scanner:refresh:188 - UniverseScanner: ATR failed for PAXG/USDT
2026-07-24 19:33:36.220 | DEBUG    | app.data.universe_scanner:refresh:188 - UniverseScanner: ATR failed for BIO/USDT
2026-07-24 19:33:36.220 | DEBUG    | app.data.universe_scanner:refresh:188 - UniverseScanner: ATR failed for NVDA/USDT
2026-07-24 19:33:36.220 | DEBUG    | app.data.universe_scanner:refresh:188 - UniverseScanner: ATR failed for QQQ/USDT
2026-07-24 19:33:36.224 | INFO     | app.data.universe_scanner:refresh:232 - UniverseScanner: refreshed — %d symbols, top=%s (score=%.3f)
{"ts":"2026-07-24 19:33:36,364","level":"INFO","logger":"app.data_engine.redis_publisher","msg":"published 1 candles to bybit:PLAYSOUT/USDT:1h"}
{"ts":"2026-07-24 19:33:36,708","level":"INFO","logger":"app.data_engine.redis_publisher","msg":"published 1 candles to bybit:MU/USDT:1h"}
{"ts":"2026-07-24 19:33:37,036","level":"INFO","logger":"app.data_engine.redis_publisher","msg":"published 1 candles to bybit:XRP/USDT:1h"}
{"ts":"2026-07-24 19:33:37,153","level":"INFO","logger":"app.data_engine.redis_publisher","msg":"published 1 candles to bybit:ACE/USDT:1h"}
{"ts":"2026-07-24 19:33:37,252","level":"INFO","logger":"app.data_engine.redis_publisher","msg":"published 1 candles to bybit:BTC/USDT:1h"}
{"ts":"2026-07-24 19:33:37,464","level":"INFO","logger":"app.data_engine.redis_publisher","msg":"published 1 candles to bybit:KORU/USDT:1h"}
{"ts":"2026-07-24 19:33:37,583","level":"INFO","logger":"app.data_engine.redis_publisher","msg":"published 1 candles to bybit:HYPE/USDT:1h"}
{"ts":"2026-07-24 19:33:37,896","level":"INFO","logger":"app.data_engine.redis_publisher","msg":"published 1 candles to bybit:ETH/USDT:1h"}
{"ts":"2026-07-24 19:33:38,214","level":"INFO","logger":"app.data_engine.redis_publisher","msg":"published 1 candles to bybit:SNDK/USDT:1h"}
{"ts":"2026-07-24 19:33:38,318","level":"INFO","logger":"app.data_engine.redis_publisher","msg":"published 1 candles to bybit:BANK/USDT:1h"}
{"ts":"2026-07-24 19:33:38,505","level":"INFO","logger":"app.data_engine.redis_publisher","msg":"published 1 candles to bybit:SKHYNIX/USDT:1h"}
{"ts":"2026-07-24 19:33:38,622","level":"INFO","logger":"app.data_engine.redis_publisher","msg":"published 1 candles to bybit:SKHY/USDT:1h"}
{"ts":"2026-07-24 19:33:38,765","level":"INFO","logger":"app.data_engine.redis_publisher","msg":"published 1 candles to bybit:ZEC/USDT:1h"}
{"ts":"2026-07-24 19:33:39,086","level":"INFO","logger":"app.data_engine.redis_publisher","msg":"published 1 candles to bybit:NEAR/USDT:1h"}
{"ts":"2026-07-24 19:33:39,186","level":"INFO","logger":"app.data_engine.redis_publisher","msg":"published 1 candles to bybit:VELVET/USDT:1h"}
{"ts":"2026-07-24 19:33:39,517","level":"INFO","logger":"app.data_engine.redis_publisher","msg":"published 1 candles to bybit:CL/USDT:1h"}
{"ts":"2026-07-24 19:33:39,616","level":"INFO","logger":"app.data_engine.redis_publisher","msg":"published 1 candles to bybit:INTC/USDT:1h"}
{"ts":"2026-07-24 19:33:40,283","level":"INFO","logger":"app.data_engine.redis_publisher","msg":"published 1 candles to bybit:AERGO/USDT:1h"}
{"ts":"2026-07-24 19:34:18,353","level":"INFO","logger":"app.data_engine.redis_publisher","msg":"published 1 candles to bybit:MUU/USDT:1h"}
{"ts":"2026-07-24 19:34:18,397","level":"INFO","logger":"app.data_engine.redis_publisher","msg":"published 1 candles to bybit:LA/USDT:1h"}
{"ts":"2026-07-24 19:34:18,600","level":"INFO","logger":"app.data_engine.redis_publisher","msg":"published 1 candles to bybit:CBRS/USDT:1h"}
{"ts":"2026-07-24 19:34:18,753","level":"INFO","logger":"app.data_engine.redis_publisher","msg":"published 1 candles to bybit:BEAT/USDT:1h"}
2026-07-24 19:34:19.239 | INFO     | app.data.ohlcv_fetcher:fetch:62 - OHLCV fetched: BTC/USDT 1h 200 candles
{"ts":"2026-07-24 19:34:20,022","level":"INFO","logger":"app.data_engine.redis_publisher","msg":"published 1 candles to bybit:INTW/USDT:1h"}
{"ts":"2026-07-24 19:34:20,431","level":"INFO","logger":"app.data_engine.redis_publisher","msg":"published 1 candles to bybit:KAITO/USDT:1h"}
{"ts":"2026-07-24 19:34:23,168","level":"INFO","logger":"app.data_engine.redis_publisher","msg":"published 1 candles to bybit:SOXS/USDT:1h"}
{"ts":"2026-07-24 19:34:28,917","level":"INFO","logger":"app.data_engine.redis_publisher","msg":"published 1 candles to bybit:HEMI/USDT:1h"}
{"ts":"2026-07-24 19:34:29,397","level":"INFO","logger":"app.data_engine.redis_publisher","msg":"published 1 candles to bybit:ORDER/USDT:1h"}
{"ts":"2026-07-24 19:34:31,243","level":"INFO","logger":"app.data_engine.redis_publisher","msg":"published 1 candles to bybit:RE/USDT:1h"}
{"ts":"2026-07-24 19:34:31,661","level":"INFO","logger":"app.data_engine.redis_publisher","msg":"published 1 candles to bybit:AKE/USDT:1h"}
{"ts":"2026-07-24 19:34:32,356","level":"INFO","logger":"app.data_engine.redis_publisher","msg":"published 1 candles to bybit:B2/USDT:1h"}
{"ts":"2026-07-24 19:34:32,792","level":"INFO","logger":"app.data_engine.redis_publisher","msg":"published 1 candles to bybit:DEXE/USDT:1h"}
{"ts":"2026-07-24 19:34:33,296","level":"INFO","logger":"app.data_engine.redis_publisher","msg":"published 1 candles to bybit:TOWNS/USDT:1h"}
{"ts":"2026-07-24 19:34:33,875","level":"INFO","logger":"app.data_engine.redis_publisher","msg":"published 1 candles to bybit:CAP/USDT:1h"}
{"ts":"2026-07-24 19:34:34,180","level":"INFO","logger":"app.data_engine.redis_publisher","msg":"published 1 candles to bybit:ESPORTS/USDT:1h"}
{"ts":"2026-07-24 19:34:34,603","level":"INFO","logger":"app.data_engine.redis_publisher","msg":"published 1 candles to bybit:APR/USDT:1h"}
{"ts":"2026-07-24 19:34:34,939","level":"INFO","logger":"app.data_engine.redis_publisher","msg":"published 1 candles to bybit:GWEI/USDT:1h"}
{"ts":"2026-07-24 19:34:35,281","level":"INFO","logger":"app.data_engine.redis_publisher","msg":"published 1 candles to bybit:BEAM/USDT:1h"}
{"ts":"2026-07-24 19:34:35,521","level":"INFO","logger":"app.data_engine.redis_publisher","msg":"published 1 candles to bybit:SNXX/USDT:1h"}
{"ts":"2026-07-24 19:34:35,822","level":"INFO","logger":"app.data_engine.redis_publisher","msg":"published 1 candles to bybit:SOXL/USDT:1h"}
{"ts":"2026-07-24 19:34:36,276","level":"INFO","logger":"app.data_engine.redis_publisher","msg":"published 1 candles to bybit:SOL/USDT:1h"}
{"ts":"2026-07-24 19:34:36,672","level":"INFO","logger":"app.data_engine.redis_publisher","msg":"published 1 candles to bybit:PLAYSOUT/USDT:1h"}
{"ts":"2026-07-24 19:34:37,016","level":"INFO","logger":"app.data_engine.redis_publisher","msg":"published 1 candles to bybit:MU/USDT:1h"}
{"ts":"2026-07-24 19:34:37,346","level":"INFO","logger":"app.data_engine.redis_publisher","msg":"published 1 candles to bybit:XRP/USDT:1h"}
{"ts":"2026-07-24 19:34:37,463","level":"INFO","logger":"app.data_engine.redis_publisher","msg":"published 1 candles to bybit:ACE/USDT:1h"}
{"ts":"2026-07-24 19:34:37,562","level":"INFO","logger":"app.data_engine.redis_publisher","msg":"published 1 candles to bybit:BTC/USDT:1h"}
{"ts":"2026-07-24 19:34:37,773","level":"INFO","logger":"app.data_engine.redis_publisher","msg":"published 1 candles to bybit:KORU/USDT:1h"}
{"ts":"2026-07-24 19:34:37,897","level":"INFO","logger":"app.data_engine.redis_publisher","msg":"published 1 candles to bybit:HYPE/USDT:1h"}
{"ts":"2026-07-24 19:34:38,206","level":"INFO","logger":"app.data_engine.redis_publisher","msg":"published 1 candles to bybit:ETH/USDT:1h"}
{"ts":"2026-07-24 19:34:38,523","level":"INFO","logger":"app.data_engine.redis_publisher","msg":"published 1 candles to bybit:SNDK/USDT:1h"}
{"ts":"2026-07-24 19:34:38,628","level":"INFO","logger":"app.data_engine.redis_publisher","msg":"published 1 candles to bybit:BANK/USDT:1h"}
{"ts":"2026-07-24 19:34:38,815","level":"INFO","logger":"app.data_engine.redis_publisher","msg":"published 1 candles to bybit:SKHYNIX/USDT:1h"}
{"ts":"2026-07-24 19:34:38,933","level":"INFO","logger":"app.data_engine.redis_publisher","msg":"published 1 candles to bybit:SKHY/USDT:1h"}
{"ts":"2026-07-24 19:34:39,077","level":"INFO","logger":"app.data_engine.redis_publisher","msg":"published 1 candles to bybit:ZEC/USDT:1h"}
{"ts":"2026-07-24 19:34:39,396","level":"INFO","logger":"app.data_engine.redis_publisher","msg":"published 1 candles to bybit:NEAR/USDT:1h"}
{"ts":"2026-07-24 19:34:39,496","level":"INFO","logger":"app.data_engine.redis_publisher","msg":"published 1 candles to bybit:VELVET/USDT:1h"}
{"ts":"2026-07-24 19:34:39,827","level":"INFO","logger":"app.data_engine.redis_publisher","msg":"published 1 candles to bybit:CL/USDT:1h"}
{"ts":"2026-07-24 19:34:39,927","level":"INFO","logger":"app.data_engine.redis_publisher","msg":"published 1 candles to bybit:INTC/USDT:1h"}
{"ts":"2026-07-24 19:34:40,593","level":"INFO","logger":"app.data_engine.redis_publisher","msg":"published 1 candles to bybit:AERGO/USDT:1h"}
{"ts":"2026-07-24 19:35:18,239","level":"INFO","logger":"app.data_engine.exchange_connector","msg":"fetched 2160 candles for STX/USDT 1h (90 days)"}
{"ts":"2026-07-24 19:35:18,630","level":"INFO","logger":"app.data_engine.redis_publisher","msg":"published 10 candles to bybit:STX/USDT:1h"}
{"ts":"2026-07-24 19:35:18,943","level":"INFO","logger":"app.data_engine.redis_publisher","msg":"published 1 candles to bybit:CBRS/USDT:1h"}
{"ts":"2026-07-24 19:35:18,955","level":"INFO","logger":"app.data_engine.redis_publisher","msg":"published 1 candles to bybit:MUU/USDT:1h"}
{"ts":"2026-07-24 19:35:19,290","level":"INFO","logger":"app.data_engine.redis_publisher","msg":"published 1 candles to bybit:BEAT/USDT:1h"}
{"ts":"2026-07-24 19:35:20,332","level":"INFO","logger":"app.data_engine.redis_publisher","msg":"published 1 candles to bybit:INTW/USDT:1h"}
{"ts":"2026-07-24 19:35:20,754","level":"INFO","logger":"app.data_engine.redis_publisher","msg":"published 1 candles to bybit:KAITO/USDT:1h"}
{"ts":"2026-07-24 19:35:23,471","level":"INFO","logger":"app.data_engine.redis_publisher","msg":"published 1 candles to bybit:SOXS/USDT:1h"}
{"ts":"2026-07-24 19:35:29,226","level":"INFO","logger":"app.data_engine.redis_publisher","msg":"published 1 candles to bybit:HEMI/USDT:1h"}
{"ts":"2026-07-24 19:35:29,705","level":"INFO","logger":"app.data_engine.redis_publisher","msg":"published 1 candles to bybit:ORDER/USDT:1h"}
{"ts":"2026-07-24 19:35:31,559","level":"INFO","logger":"app.data_engine.redis_publisher","msg":"published 1 candles to bybit:RE/USDT:1h"}
{"ts":"2026-07-24 19:35:31,970","level":"INFO","logger":"app.data_engine.redis_publisher","msg":"published 1 candles to bybit:AKE/USDT:1h"}
{"ts":"2026-07-24 19:35:32,665","level":"INFO","logger":"app.data_engine.redis_publisher","msg":"published 1 candles to bybit:B2/USDT:1h"}
{"ts":"2026-07-24 19:35:33,103","level":"INFO","logger":"app.data_engine.redis_publisher","msg":"published 1 candles to bybit:DEXE/USDT:1h"}
{"ts":"2026-07-24 19:35:33,605","level":"INFO","logger":"app.data_engine.redis_publisher","msg":"published 1 candles to bybit:TOWNS/USDT:1h"}
{"ts":"2026-07-24 19:35:34,192","level":"INFO","logger":"app.data_engine.redis_publisher","msg":"published 1 candles to bybit:CAP/USDT:1h"}
{"ts":"2026-07-24 19:35:34,493","level":"INFO","logger":"app.data_engine.redis_publisher","msg":"published 1 candles to bybit:ESPORTS/USDT:1h"}
{"ts":"2026-07-24 19:35:34,914","level":"INFO","logger":"app.data_engine.redis_publisher","msg":"published 1 candles to bybit:APR/USDT:1h"}
{"ts":"2026-07-24 19:35:35,249","level":"INFO","logger":"app.data_engine.redis_publisher","msg":"published 1 candles to bybit:GWEI/USDT:1h"}
{"ts":"2026-07-24 19:35:35,591","level":"INFO","logger":"app.data_engine.redis_publisher","msg":"published 1 candles to bybit:BEAM/USDT:1h"}
{"ts":"2026-07-24 19:35:35,832","level":"INFO","logger":"app.data_engine.redis_publisher","msg":"published 1 candles to bybit:SNXX/USDT:1h"}
{"ts":"2026-07-24 19:35:36,134","level":"INFO","logger":"app.data_engine.redis_publisher","msg":"published 1 candles to bybit:SOXL/USDT:1h"}
{"ts":"2026-07-24 19:35:36,588","level":"INFO","logger":"app.data_engine.redis_publisher","msg":"published 1 candles to bybit:SOL/USDT:1h"}
{"ts":"2026-07-24 19:35:36,982","level":"INFO","logger":"app.data_engine.redis_publisher","msg":"published 1 candles to bybit:PLAYSOUT/USDT:1h"}
{"ts":"2026-07-24 19:35:37,327","level":"INFO","logger":"app.data_engine.redis_publisher","msg":"published 1 candles to bybit:MU/USDT:1h"}
{"ts":"2026-07-24 19:35:37,655","level":"INFO","logger":"app.data_engine.redis_publisher","msg":"published 1 candles to bybit:XRP/USDT:1h"}
{"ts":"2026-07-24 19:35:37,774","level":"INFO","logger":"app.data_engine.redis_publisher","msg":"published 1 candles to bybit:ACE/USDT:1h"}
{"ts":"2026-07-24 19:35:37,875","level":"INFO","logger":"app.data_engine.redis_publisher","msg":"published 1 candles to bybit:BTC/USDT:1h"}
{"ts":"2026-07-24 19:35:38,081","level":"INFO","logger":"app.data_engine.redis_publisher","msg":"published 1 candles to bybit:KORU/USDT:1h"}
{"ts":"2026-07-24 19:35:38,209","level":"INFO","logger":"app.data_engine.redis_publisher","msg":"published 1 candles to bybit:HYPE/USDT:1h"}
{"ts":"2026-07-24 19:35:38,516","level":"INFO","logger":"app.data_engine.redis_publisher","msg":"published 1 candles to bybit:ETH/USDT:1h"}
{"ts":"2026-07-24 19:35:38,833","level":"INFO","logger":"app.data_engine.redis_publisher","msg":"published 1 candles to bybit:SNDK/USDT:1h"}
{"ts":"2026-07-24 19:35:38,938","level":"INFO","logger":"app.data_engine.redis_publisher","msg":"published 1 candles to bybit:BANK/USDT:1h"}
{"ts":"2026-07-24 19:35:39,126","level":"INFO","logger":"app.data_engine.redis_publisher","msg":"published 1 candles to bybit:SKHYNIX/USDT:1h"}
{"ts":"2026-07-24 19:35:39,247","level":"INFO","logger":"app.data_engine.redis_publisher","msg":"published 1 candles to bybit:SKHY/USDT:1h"}
{"ts":"2026-07-24 19:35:39,393","level":"INFO","logger":"app.data_engine.redis_publisher","msg":"published 1 candles to bybit:ZEC/USDT:1h"}
{"ts":"2026-07-24 19:35:39,707","level":"INFO","logger":"app.data_engine.redis_publisher","msg":"published 1 candles to bybit:NEAR/USDT:1h"}
{"ts":"2026-07-24 19:35:39,807","level":"INFO","logger":"app.data_engine.redis_publisher","msg":"published 1 candles to bybit:VELVET/USDT:1h"}
{"ts":"2026-07-24 19:35:40,135","level":"INFO","logger":"app.data_engine.redis_publisher","msg":"published 1 candles to bybit:CL/USDT:1h"}
{"ts":"2026-07-24 19:35:40,235","level":"INFO","logger":"app.data_engine.redis_publisher","msg":"published 1 candles to bybit:INTC/USDT:1h"}
{"ts":"2026-07-24 19:35:40,904","level":"INFO","logger":"app.data_engine.redis_publisher","msg":"published 1 candles to bybit:AERGO/USDT:1h"}
{"ts":"2026-07-24 19:36:19,514","level":"INFO","logger":"app.data_engine.redis_publisher","msg":"published 1 candles to bybit:CBRS/USDT:1h"}
{"ts":"2026-07-24 19:36:19,521","level":"INFO","logger":"app.data_engine.redis_publisher","msg":"published 1 candles to bybit:STX/USDT:1h"}
{"ts":"2026-07-24 19:36:19,582","level":"INFO","logger":"app.data_engine.redis_publisher","msg":"published 1 candles to bybit:MUU/USDT:1h"}
{"ts":"2026-07-24 19:36:19,826","level":"INFO","logger":"app.data_engine.redis_publisher","msg":"published 1 candles to bybit:BEAT/USDT:1h"}
{"ts":"2026-07-24 19:36:20,641","level":"INFO","logger":"app.data_engine.redis_publisher","msg":"published 1 candles to bybit:INTW/USDT:1h"}
{"ts":"2026-07-24 19:36:21,085","level":"INFO","logger":"app.data_engine.redis_publisher","msg":"published 1 candles to bybit:KAITO/USDT:1h"}
{"ts":"2026-07-24 19:36:23,783","level":"INFO","logger":"app.data_engine.redis_publisher","msg":"published 1 candles to bybit:SOXS/USDT:1h"}
{"ts":"2026-07-24 19:36:29,536","level":"INFO","logger":"app.data_engine.redis_publisher","msg":"published 1 candles to bybit:HEMI/USDT:1h"}
{"ts":"2026-07-24 19:36:30,017","level":"INFO","logger":"app.data_engine.redis_publisher","msg":"published 1 candles to bybit:ORDER/USDT:1h"}
{"ts":"2026-07-24 19:36:31,870","level":"INFO","logger":"app.data_engine.redis_publisher","msg":"published 1 candles to bybit:RE/USDT:1h"}
{"ts":"2026-07-24 19:36:32,281","level":"INFO","logger":"app.data_engine.redis_publisher","msg":"published 1 candles to bybit:AKE/USDT:1h"}
{"ts":"2026-07-24 19:36:32,975","level":"INFO","logger":"app.data_engine.redis_publisher","msg":"published 1 candles to bybit:B2/USDT:1h"}
{"ts":"2026-07-24 19:36:33,415","level":"INFO","logger":"app.data_engine.redis_publisher","msg":"published 1 candles to bybit:DEXE/USDT:1h"}
{"ts":"2026-07-24 19:36:33,916","level":"INFO","logger":"app.data_engine.redis_publisher","msg":"published 1 candles to bybit:TOWNS/USDT:1h"}
{"ts":"2026-07-24 19:36:34,503","level":"INFO","logger":"app.data_engine.redis_publisher","msg":"published 1 candles to bybit:CAP/USDT:1h"}
{"ts":"2026-07-24 19:36:34,804","level":"INFO","logger":"app.data_engine.redis_publisher","msg":"published 1 candles to bybit:ESPORTS/USDT:1h"}
{"ts":"2026-07-24 19:36:35,224","level":"INFO","logger":"app.data_engine.redis_publisher","msg":"published 1 candles to bybit:APR/USDT:1h"}
{"ts":"2026-07-24 19:36:35,561","level":"INFO","logger":"app.data_engine.redis_publisher","msg":"published 1 candles to bybit:GWEI/USDT:1h"}
{"ts":"2026-07-24 19:36:35,901","level":"INFO","logger":"app.data_engine.redis_publisher","msg":"published 1 candles to bybit:BEAM/USDT:1h"}
{"ts":"2026-07-24 19:36:36,145","level":"INFO","logger":"app.data_engine.redis_publisher","msg":"published 1 candles to bybit:SNXX/USDT:1h"}
{"ts":"2026-07-24 19:36:36,447","level":"INFO","logger":"app.data_engine.redis_publisher","msg":"published 1 candles to bybit:SOXL/USDT:1h"}
{"ts":"2026-07-24 19:36:36,898","level":"INFO","logger":"app.data_engine.redis_publisher","msg":"published 1 candles to bybit:SOL/USDT:1h"}
{"ts":"2026-07-24 19:36:37,292","level":"INFO","logger":"app.data_engine.redis_publisher","msg":"published 1 candles to bybit:PLAYSOUT/USDT:1h"}
{"ts":"2026-07-24 19:36:37,637","level":"INFO","logger":"app.data_engine.redis_publisher","msg":"published 1 candles to bybit:MU/USDT:1h"}
{"ts":"2026-07-24 19:36:37,964","level":"INFO","logger":"app.data_engine.redis_publisher","msg":"published 1 candles to bybit:XRP/USDT:1h"}
{"ts":"2026-07-24 19:36:38,085","level":"INFO","logger":"app.data_engine.redis_publisher","msg":"published 1 candles to bybit:ACE/USDT:1h"}
{"ts":"2026-07-24 19:36:38,187","level":"INFO","logger":"app.data_engine.redis_publisher","msg":"published 1 candles to bybit:BTC/USDT:1h"}
{"ts":"2026-07-24 19:36:38,392","level":"INFO","logger":"app.data_engine.redis_publisher","msg":"published 1 candles to bybit:KORU/USDT:1h"}
{"ts":"2026-07-24 19:36:38,517","level":"INFO","logger":"app.data_engine.redis_publisher","msg":"published 1 candles to bybit:HYPE/USDT:1h"}
{"ts":"2026-07-24 19:36:38,827","level":"INFO","logger":"app.data_engine.redis_publisher","msg":"published 1 candles to bybit:ETH/USDT:1h"}
{"ts":"2026-07-24 19:36:39,143","level":"INFO","logger":"app.data_engine.redis_publisher","msg":"published 1 candles to bybit:SNDK/USDT:1h"}
{"ts":"2026-07-24 19:36:39,251","level":"INFO","logger":"app.data_engine.redis_publisher","msg":"published 1 candles to bybit:BANK/USDT:1h"}
{"ts":"2026-07-24 19:36:39,437","level":"INFO","logger":"app.data_engine.redis_publisher","msg":"published 1 candles to bybit:SKHYNIX/USDT:1h"}
{"ts":"2026-07-24 19:36:39,559","level":"INFO","logger":"app.data_engine.redis_publisher","msg":"published 1 candles to bybit:SKHY/USDT:1h"}
{"ts":"2026-07-24 19:36:39,705","level":"INFO","logger":"app.data_engine.redis_publisher","msg":"published 1 candles to bybit:ZEC/USDT:1h"}
{"ts":"2026-07-24 19:36:40,014","level":"INFO","logger":"app.data_engine.redis_publisher","msg":"published 1 candles to bybit:NEAR/USDT:1h"}
{"ts":"2026-07-24 19:36:40,116","level":"INFO","logger":"app.data_engine.redis_publisher","msg":"published 1 candles to bybit:VELVET/USDT:1h"}
{"ts":"2026-07-24 19:36:40,448","level":"INFO","logger":"app.data_engine.redis_publisher","msg":"published 1 candles to bybit:CL/USDT:1h"}
{"ts":"2026-07-24 19:36:40,548","level":"INFO","logger":"app.data_engine.redis_publisher","msg":"published 1 candles to bybit:INTC/USDT:1h"}
{"ts":"2026-07-24 19:36:41,215","level":"INFO","logger":"app.data_engine.redis_publisher","msg":"published 1 candles to bybit:AERGO/USDT:1h"}
{"ts":"2026-07-24 19:37:20,410","level":"INFO","logger":"app.data_engine.redis_publisher","msg":"published 1 candles to bybit:MUU/USDT:1h"}
{"ts":"2026-07-24 19:37:20,416","level":"INFO","logger":"app.data_engine.redis_publisher","msg":"published 1 candles to bybit:STX/USDT:1h"}
{"ts":"2026-07-24 19:37:20,427","level":"INFO","logger":"app.data_engine.redis_publisher","msg":"published 1 candles to bybit:BEAT/USDT:1h"}
{"ts":"2026-07-24 19:37:20,427","level":"INFO","logger":"app.data_engine.redis_publisher","msg":"published 1 candles to bybit:CBRS/USDT:1h"}
{"ts":"2026-07-24 19:37:20,957","level":"INFO","logger":"app.data_engine.redis_publisher","msg":"published 1 candles to bybit:INTW/USDT:1h"}
{"ts":"2026-07-24 19:37:21,396","level":"INFO","logger":"app.data_engine.redis_publisher","msg":"published 1 candles to bybit:KAITO/USDT:1h"}
{"ts":"2026-07-24 19:37:24,097","level":"INFO","logger":"app.data_engine.redis_publisher","msg":"published 1 candles to bybit:SOXS/USDT:1h"}
{"ts":"2026-07-24 19:37:29,846","level":"INFO","logger":"app.data_engine.redis_publisher","msg":"published 1 candles to bybit:HEMI/USDT:1h"}
{"ts":"2026-07-24 19:37:30,330","level":"INFO","logger":"app.data_engine.redis_publisher","msg":"published 1 candles to bybit:ORDER/USDT:1h"}
{"ts":"2026-07-24 19:37:32,182","level":"INFO","logger":"app.data_engine.redis_publisher","msg":"published 1 candles to bybit:RE/USDT:1h"}
{"ts":"2026-07-24 19:37:32,598","level":"INFO","logger":"app.data_engine.redis_publisher","msg":"published 1 candles to bybit:AKE/USDT:1h"}
{"ts":"2026-07-24 19:37:33,290","level":"INFO","logger":"app.data_engine.redis_publisher","msg":"published 1 candles to bybit:B2/USDT:1h"}
{"ts":"2026-07-24 19:37:33,726","level":"INFO","logger":"app.data_engine.redis_publisher","msg":"published 1 candles to bybit:DEXE/USDT:1h"}
{"ts":"2026-07-24 19:37:34,226","level":"INFO","logger":"app.data_engine.redis_publisher","msg":"published 1 candles to bybit:TOWNS/USDT:1h"}
{"ts":"2026-07-24 19:37:34,815","level":"INFO","logger":"app.data_engine.redis_publisher","msg":"published 1 candles to bybit:CAP/USDT:1h"}
{"ts":"2026-07-24 19:37:35,116","level":"INFO","logger":"app.data_engine.redis_publisher","msg":"published 1 candles to bybit:ESPORTS/USDT:1h"}
{"ts":"2026-07-24 19:37:35,534","level":"INFO","logger":"app.data_engine.redis_publisher","msg":"published 1 candles to bybit:APR/USDT:1h"}
{"ts":"2026-07-24 19:37:35,873","level":"INFO","logger":"app.data_engine.redis_publisher","msg":"published 1 candles to bybit:GWEI/USDT:1h"}
{"ts":"2026-07-24 19:37:36,215","level":"INFO","logger":"app.data_engine.redis_publisher","msg":"published 1 candles to bybit:BEAM/USDT:1h"}
{"ts":"2026-07-24 19:37:36,455","level":"INFO","logger":"app.data_engine.redis_publisher","msg":"published 1 candles to bybit:SNXX/USDT:1h"}
{"ts":"2026-07-24 19:37:36,757","level":"INFO","logger":"app.data_engine.redis_publisher","msg":"published 1 candles to bybit:SOXL/USDT:1h"}
{"ts":"2026-07-24 19:37:37,211","level":"INFO","logger":"app.data_engine.redis_publisher","msg":"published 1 candles to bybit:SOL/USDT:1h"}
{"ts":"2026-07-24 19:37:37,601","level":"INFO","logger":"app.data_engine.redis_publisher","msg":"published 1 candles to bybit:PLAYSOUT/USDT:1h"}
{"ts":"2026-07-24 19:37:37,945","level":"INFO","logger":"app.data_engine.redis_publisher","msg":"published 1 candles to bybit:MU/USDT:1h"}
{"ts":"2026-07-24 19:37:38,276","level":"INFO","logger":"app.data_engine.redis_publisher","msg":"published 1 candles to bybit:XRP/USDT:1h"}
{"ts":"2026-07-24 19:37:38,395","level":"INFO","logger":"app.data_engine.redis_publisher","msg":"published 1 candles to bybit:ACE/USDT:1h"}
{"ts":"2026-07-24 19:37:38,501","level":"INFO","logger":"app.data_engine.redis_publisher","msg":"published 1 candles to bybit:BTC/USDT:1h"}
{"ts":"2026-07-24 19:37:38,703","level":"INFO","logger":"app.data_engine.redis_publisher","msg":"published 1 candles to bybit:KORU/USDT:1h"}
{"ts":"2026-07-24 19:37:38,837","level":"INFO","logger":"app.data_engine.redis_publisher","msg":"published 1 candles to bybit:HYPE/USDT:1h"}
{"ts":"2026-07-24 19:37:39,135","level":"INFO","logger":"app.data_engine.redis_publisher","msg":"published 1 candles to bybit:ETH/USDT:1h"}
{"ts":"2026-07-24 19:37:39,463","level":"INFO","logger":"app.data_engine.redis_publisher","msg":"published 1 candles to bybit:SNDK/USDT:1h"}
{"ts":"2026-07-24 19:37:39,563","level":"INFO","logger":"app.data_engine.redis_publisher","msg":"published 1 candles to bybit:BANK/USDT:1h"}
{"ts":"2026-07-24 19:37:39,752","level":"INFO","logger":"app.data_engine.redis_publisher","msg":"published 1 candles to bybit:SKHYNIX/USDT:1h"}
{"ts":"2026-07-24 19:37:39,871","level":"INFO","logger":"app.data_engine.redis_publisher","msg":"published 1 candles to bybit:SKHY/USDT:1h"}
{"ts":"2026-07-24 19:37:40,200","level":"INFO","logger":"app.data_engine.redis_publisher","msg":"published 1 candles to bybit:ZEC/USDT:1h"}
{"ts":"2026-07-24 19:37:40,332","level":"INFO","logger":"app.data_engine.redis_publisher","msg":"published 1 candles to bybit:NEAR/USDT:1h"}
{"ts":"2026-07-24 19:37:40,426","level":"INFO","logger":"app.data_engine.redis_publisher","msg":"published 1 candles to bybit:VELVET/USDT:1h"}
{"ts":"2026-07-24 19:37:40,756","level":"INFO","logger":"app.data_engine.redis_publisher","msg":"published 1 candles to bybit:CL/USDT:1h"}
{"ts":"2026-07-24 19:37:40,856","level":"INFO","logger":"app.data_engine.redis_publisher","msg":"published 1 candles to bybit:INTC/USDT:1h"}
{"ts":"2026-07-24 19:37:41,527","level":"INFO","logger":"app.data_engine.redis_publisher","msg":"published 1 candles to bybit:AERGO/USDT:1h"}
{"ts":"2026-07-24 19:38:21,366","level":"INFO","logger":"app.data_engine.redis_publisher","msg":"published 1 candles to bybit:STX/USDT:1h"}
{"ts":"2026-07-24 19:38:21,372","level":"INFO","logger":"app.data_engine.redis_publisher","msg":"published 1 candles to bybit:CBRS/USDT:1h"}
{"ts":"2026-07-24 19:38:21,373","level":"INFO","logger":"app.data_engine.redis_publisher","msg":"published 1 candles to bybit:MUU/USDT:1h"}
{"ts":"2026-07-24 19:38:21,373","level":"INFO","logger":"app.data_engine.redis_publisher","msg":"published 1 candles to bybit:BEAT/USDT:1h"}
{"ts":"2026-07-24 19:38:21,506","level":"INFO","logger":"app.data_engine.redis_publisher","msg":"published 1 candles to bybit:INTW/USDT:1h"}
{"ts":"2026-07-24 19:38:21,705","level":"INFO","logger":"app.data_engine.redis_publisher","msg":"published 1 candles to bybit:KAITO/USDT:1h"}
{"ts":"2026-07-24 19:38:24,407","level":"INFO","logger":"app.data_engine.redis_publisher","msg":"published 1 candles to bybit:SOXS/USDT:1h"}
{"ts":"2026-07-24 19:38:30,339","level":"INFO","logger":"app.data_engine.redis_publisher","msg":"published 1 candles to bybit:HEMI/USDT:1h"}
{"ts":"2026-07-24 19:38:30,824","level":"INFO","logger":"app.data_engine.redis_publisher","msg":"published 1 candles to bybit:ORDER/USDT:1h"}
{"ts":"2026-07-24 19:38:32,493","level":"INFO","logger":"app.data_engine.redis_publisher","msg":"published 1 candles to bybit:RE/USDT:1h"}
{"ts":"2026-07-24 19:38:32,906","level":"INFO","logger":"app.data_engine.redis_publisher","msg":"published 1 candles to bybit:AKE/USDT:1h"}
{"ts":"2026-07-24 19:38:33,600","level":"INFO","logger":"app.data_engine.redis_publisher","msg":"published 1 candles to bybit:B2/USDT:1h"}
{"ts":"2026-07-24 19:38:34,034","level":"INFO","logger":"app.data_engine.redis_publisher","msg":"published 1 candles to bybit:DEXE/USDT:1h"}
{"ts":"2026-07-24 19:38:34,535","level":"INFO","logger":"app.data_engine.redis_publisher","msg":"published 1 candles to bybit:TOWNS/USDT:1h"}
{"ts":"2026-07-24 19:38:35,123","level":"INFO","logger":"app.data_engine.redis_publisher","msg":"published 1 candles to bybit:CAP/USDT:1h"}
{"ts":"2026-07-24 19:38:35,425","level":"INFO","logger":"app.data_engine.redis_publisher","msg":"published 1 candles to bybit:ESPORTS/USDT:1h"}
{"ts":"2026-07-24 19:38:35,846","level":"INFO","logger":"app.data_engine.redis_publisher","msg":"published 1 candles to bybit:APR/USDT:1h"}
{"ts":"2026-07-24 19:38:36,184","level":"INFO","logger":"app.data_engine.redis_publisher","msg":"published 1 candles to bybit:GWEI/USDT:1h"}
{"ts":"2026-07-24 19:38:36,527","level":"INFO","logger":"app.data_engine.redis_publisher","msg":"published 1 candles to bybit:BEAM/USDT:1h"}
{"ts":"2026-07-24 19:38:36,770","level":"INFO","logger":"app.data_engine.redis_publisher","msg":"published 1 candles to bybit:SNXX/USDT:1h"}
{"ts":"2026-07-24 19:38:37,067","level":"INFO","logger":"app.data_engine.redis_publisher","msg":"published 1 candles to bybit:SOXL/USDT:1h"}
{"ts":"2026-07-24 19:38:37,519","level":"INFO","logger":"app.data_engine.redis_publisher","msg":"published 1 candles to bybit:SOL/USDT:1h"}
{"ts":"2026-07-24 19:38:37,909","level":"INFO","logger":"app.data_engine.redis_publisher","msg":"published 1 candles to bybit:PLAYSOUT/USDT:1h"}
{"ts":"2026-07-24 19:38:38,253","level":"INFO","logger":"app.data_engine.redis_publisher","msg":"published 1 candles to bybit:MU/USDT:1h"}
{"ts":"2026-07-24 19:38:38,586","level":"INFO","logger":"app.data_engine.redis_publisher","msg":"published 1 candles to bybit:XRP/USDT:1h"}
{"ts":"2026-07-24 19:38:38,704","level":"INFO","logger":"app.data_engine.redis_publisher","msg":"published 1 candles to bybit:ACE/USDT:1h"}
{"ts":"2026-07-24 19:38:38,815","level":"INFO","logger":"app.data_engine.redis_publisher","msg":"published 1 candles to bybit:BTC/USDT:1h"}
{"ts":"2026-07-24 19:38:39,013","level":"INFO","logger":"app.data_engine.redis_publisher","msg":"published 1 candles to bybit:KORU/USDT:1h"}
{"ts":"2026-07-24 19:38:39,145","level":"INFO","logger":"app.data_engine.redis_publisher","msg":"published 1 candles to bybit:HYPE/USDT:1h"}
{"ts":"2026-07-24 19:38:39,445","level":"INFO","logger":"app.data_engine.redis_publisher","msg":"published 1 candles to bybit:ETH/USDT:1h"}
{"ts":"2026-07-24 19:38:39,788","level":"INFO","logger":"app.data_engine.redis_publisher","msg":"published 1 candles to bybit:SNDK/USDT:1h"}
{"ts":"2026-07-24 19:38:39,892","level":"INFO","logger":"app.data_engine.redis_publisher","msg":"published 1 candles to bybit:BANK/USDT:1h"}
{"ts":"2026-07-24 19:38:40,063","level":"INFO","logger":"app.data_engine.redis_publisher","msg":"published 1 candles to bybit:SKHYNIX/USDT:1h"}
{"ts":"2026-07-24 19:38:40,181","level":"INFO","logger":"app.data_engine.redis_publisher","msg":"published 1 candles to bybit:SKHY/USDT:1h"}
{"ts":"2026-07-24 19:38:40,509","level":"INFO","logger":"app.data_engine.redis_publisher","msg":"published 1 candles to bybit:ZEC/USDT:1h"}
{"ts":"2026-07-24 19:38:40,661","level":"INFO","logger":"app.data_engine.redis_publisher","msg":"published 1 candles to bybit:NEAR/USDT:1h"}
{"ts":"2026-07-24 19:38:40,760","level":"INFO","logger":"app.data_engine.redis_publisher","msg":"published 1 candles to bybit:VELVET/USDT:1h"}
{"ts":"2026-07-24 19:38:41,066","level":"INFO","logger":"app.data_engine.redis_publisher","msg":"published 1 candles to bybit:CL/USDT:1h"}
{"ts":"2026-07-24 19:38:41,165","level":"INFO","logger":"app.data_engine.redis_publisher","msg":"published 1 candles to bybit:INTC/USDT:1h"}
{"ts":"2026-07-24 19:38:41,835","level":"INFO","logger":"app.data_engine.redis_publisher","msg":"published 1 candles to bybit:AERGO/USDT:1h"}
{"ts":"2026-07-24 19:39:22,309","level":"INFO","logger":"app.data_engine.redis_publisher","msg":"published 1 candles to bybit:MUU/USDT:1h"}
{"ts":"2026-07-24 19:39:22,318","level":"INFO","logger":"app.data_engine.redis_publisher","msg":"published 1 candles to bybit:CBRS/USDT:1h"}
{"ts":"2026-07-24 19:39:22,318","level":"INFO","logger":"app.data_engine.redis_publisher","msg":"published 1 candles to bybit:STX/USDT:1h"}
{"ts":"2026-07-24 19:39:22,319","level":"INFO","logger":"app.data_engine.redis_publisher","msg":"published 1 candles to bybit:BEAT/USDT:1h"}
{"ts":"2026-07-24 19:39:22,333","level":"INFO","logger":"app.data_engine.redis_publisher","msg":"published 1 candles to bybit:INTW/USDT:1h"}
{"ts":"2026-07-24 19:39:22,426","level":"INFO","logger":"app.data_engine.redis_publisher","msg":"published 1 candles to bybit:KAITO/USDT:1h"}
{"ts":"2026-07-24 19:39:24,718","level":"INFO","logger":"app.data_engine.redis_publisher","msg":"published 1 candles to bybit:SOXS/USDT:1h"}
{"ts":"2026-07-24 19:39:30,647","level":"INFO","logger":"app.data_engine.redis_publisher","msg":"published 1 candles to bybit:HEMI/USDT:1h"}
{"ts":"2026-07-24 19:39:31,135","level":"INFO","logger":"app.data_engine.redis_publisher","msg":"published 1 candles to bybit:ORDER/USDT:1h"}
{"ts":"2026-07-24 19:39:32,810","level":"INFO","logger":"app.data_engine.redis_publisher","msg":"published 1 candles to bybit:RE/USDT:1h"}
{"ts":"2026-07-24 19:39:33,217","level":"INFO","logger":"app.data_engine.redis_publisher","msg":"published 1 candles to bybit:AKE/USDT:1h"}
{"ts":"2026-07-24 19:39:33,911","level":"INFO","logger":"app.data_engine.redis_publisher","msg":"published 1 candles to bybit:B2/USDT:1h"}
{"ts":"2026-07-24 19:39:34,346","level":"INFO","logger":"app.data_engine.redis_publisher","msg":"published 1 candles to bybit:DEXE/USDT:1h"}
{"ts":"2026-07-24 19:39:34,850","level":"INFO","logger":"app.data_engine.redis_publisher","msg":"published 1 candles to bybit:TOWNS/USDT:1h"}
{"ts":"2026-07-24 19:39:35,433","level":"INFO","logger":"app.data_engine.redis_publisher","msg":"published 1 candles to bybit:CAP/USDT:1h"}
{"ts":"2026-07-24 19:39:35,739","level":"INFO","logger":"app.data_engine.redis_publisher","msg":"published 1 candles to bybit:ESPORTS/USDT:1h"}
{"ts":"2026-07-24 19:39:36,159","level":"INFO","logger":"app.data_engine.redis_publisher","msg":"published 1 candles to bybit:APR/USDT:1h"}
{"ts":"2026-07-24 19:39:36,494","level":"INFO","logger":"app.data_engine.redis_publisher","msg":"published 1 candles to bybit:GWEI/USDT:1h"}
{"ts":"2026-07-24 19:39:36,837","level":"INFO","logger":"app.data_engine.redis_publisher","msg":"published 1 candles to bybit:BEAM/USDT:1h"}
{"ts":"2026-07-24 19:39:37,083","level":"INFO","logger":"app.data_engine.redis_publisher","msg":"published 1 candles to bybit:SNXX/USDT:1h"}
{"ts":"2026-07-24 19:39:37,377","level":"INFO","logger":"app.data_engine.redis_publisher","msg":"published 1 candles to bybit:SOXL/USDT:1h"}
{"ts":"2026-07-24 19:39:37,836","level":"INFO","logger":"app.data_engine.redis_publisher","msg":"published 1 candles to bybit:SOL/USDT:1h"}
{"ts":"2026-07-24 19:39:38,220","level":"INFO","logger":"app.data_engine.redis_publisher","msg":"published 1 candles to bybit:PLAYSOUT/USDT:1h"}
{"ts":"2026-07-24 19:39:38,562","level":"INFO","logger":"app.data_engine.redis_publisher","msg":"published 1 candles to bybit:MU/USDT:1h"}
{"ts":"2026-07-24 19:39:38,915","level":"INFO","logger":"app.data_engine.redis_publisher","msg":"published 1 candles to bybit:XRP/USDT:1h"}
{"ts":"2026-07-24 19:39:39,019","level":"INFO","logger":"app.data_engine.redis_publisher","msg":"published 1 candles to bybit:ACE/USDT:1h"}
{"ts":"2026-07-24 19:39:39,124","level":"INFO","logger":"app.data_engine.redis_publisher","msg":"published 1 candles to bybit:BTC/USDT:1h"}
{"ts":"2026-07-24 19:39:39,324","level":"INFO","logger":"app.data_engine.redis_publisher","msg":"published 1 candles to bybit:KORU/USDT:1h"}
{"ts":"2026-07-24 19:39:39,455","level":"INFO","logger":"app.data_engine.redis_publisher","msg":"published 1 candles to bybit:HYPE/USDT:1h"}
{"ts":"2026-07-24 19:39:39,756","level":"INFO","logger":"app.data_engine.redis_publisher","msg":"published 1 candles to bybit:ETH/USDT:1h"}
{"ts":"2026-07-24 19:39:40,096","level":"INFO","logger":"app.data_engine.redis_publisher","msg":"published 1 candles to bybit:SNDK/USDT:1h"}
{"ts":"2026-07-24 19:39:40,204","level":"INFO","logger":"app.data_engine.redis_publisher","msg":"published 1 candles to bybit:BANK/USDT:1h"}
{"ts":"2026-07-24 19:39:40,385","level":"INFO","logger":"app.data_engine.redis_publisher","msg":"published 1 candles to bybit:SKHYNIX/USDT:1h"}
{"ts":"2026-07-24 19:39:40,491","level":"INFO","logger":"app.data_engine.redis_publisher","msg":"published 1 candles to bybit:SKHY/USDT:1h"}
{"ts":"2026-07-24 19:39:40,819","level":"INFO","logger":"app.data_engine.redis_publisher","msg":"published 1 candles to bybit:ZEC/USDT:1h"}
{"ts":"2026-07-24 19:39:40,971","level":"INFO","logger":"app.data_engine.redis_publisher","msg":"published 1 candles to bybit:NEAR/USDT:1h"}
{"ts":"2026-07-24 19:39:41,079","level":"INFO","logger":"app.data_engine.redis_publisher","msg":"published 1 candles to bybit:VELVET/USDT:1h"}
{"ts":"2026-07-24 19:39:41,373","level":"INFO","logger":"app.data_engine.redis_publisher","msg":"published 1 candles to bybit:CL/USDT:1h"}
{"ts":"2026-07-24 19:39:41,475","level":"INFO","logger":"app.data_engine.redis_publisher","msg":"published 1 candles to bybit:INTC/USDT:1h"}
{"ts":"2026-07-24 19:39:42,145","level":"INFO","logger":"app.data_engine.redis_publisher","msg":"published 1 candles to bybit:AERGO/USDT:1h"}
{"ts":"2026-07-24 19:40:22,907","level":"INFO","logger":"app.data_engine.redis_publisher","msg":"published 1 candles to bybit:MUU/USDT:1h"}
{"ts":"2026-07-24 19:40:22,965","level":"INFO","logger":"app.data_engine.redis_publisher","msg":"published 1 candles to bybit:BEAT/USDT:1h"}
{"ts":"2026-07-24 19:40:23,067","level":"INFO","logger":"app.data_engine.redis_publisher","msg":"published 1 candles to bybit:CBRS/USDT:1h"}
{"ts":"2026-07-24 19:40:23,135","level":"INFO","logger":"app.data_engine.redis_publisher","msg":"published 1 candles to bybit:KAITO/USDT:1h"}
{"ts":"2026-07-24 19:40:23,163","level":"INFO","logger":"app.data_engine.redis_publisher","msg":"published 1 candles to bybit:STX/USDT:1h"}
{"ts":"2026-07-24 19:40:23,265","level":"INFO","logger":"app.data_engine.redis_publisher","msg":"published 1 candles to bybit:INTW/USDT:1h"}
{"ts":"2026-07-24 19:40:25,033","level":"INFO","logger":"app.data_engine.redis_publisher","msg":"published 1 candles to bybit:SOXS/USDT:1h"}
{"ts":"2026-07-24 19:40:30,958","level":"INFO","logger":"app.data_engine.redis_publisher","msg":"published 1 candles to bybit:HEMI/USDT:1h"}
{"ts":"2026-07-24 19:40:31,472","level":"INFO","logger":"app.data_engine.redis_publisher","msg":"published 1 candles to bybit:ORDER/USDT:1h"}
{"ts":"2026-07-24 19:40:33,142","level":"INFO","logger":"app.data_engine.redis_publisher","msg":"published 1 candles to bybit:RE/USDT:1h"}
{"ts":"2026-07-24 19:40:33,531","level":"INFO","logger":"app.data_engine.redis_publisher","msg":"published 1 candles to bybit:AKE/USDT:1h"}
{"ts":"2026-07-24 19:40:34,221","level":"INFO","logger":"app.data_engine.redis_publisher","msg":"published 1 candles to bybit:B2/USDT:1h"}
{"ts":"2026-07-24 19:40:34,659","level":"INFO","logger":"app.data_engine.redis_publisher","msg":"published 1 candles to bybit:DEXE/USDT:1h"}
{"ts":"2026-07-24 19:40:35,168","level":"INFO","logger":"app.data_engine.redis_publisher","msg":"published 1 candles to bybit:TOWNS/USDT:1h"}
{"ts":"2026-07-24 19:40:35,746","level":"INFO","logger":"app.data_engine.redis_publisher","msg":"published 1 candles to bybit:CAP/USDT:1h"}
{"ts":"2026-07-24 19:40:36,051","level":"INFO","logger":"app.data_engine.redis_publisher","msg":"published 1 candles to bybit:ESPORTS/USDT:1h"}
{"ts":"2026-07-24 19:40:36,472","level":"INFO","logger":"app.data_engine.redis_publisher","msg":"published 1 candles to bybit:APR/USDT:1h"}
{"ts":"2026-07-24 19:40:36,803","level":"INFO","logger":"app.data_engine.redis_publisher","msg":"published 1 candles to bybit:GWEI/USDT:1h"}
{"ts":"2026-07-24 19:40:37,147","level":"INFO","logger":"app.data_engine.redis_publisher","msg":"published 1 candles to bybit:BEAM/USDT:1h"}
{"ts":"2026-07-24 19:40:37,395","level":"INFO","logger":"app.data_engine.redis_publisher","msg":"published 1 candles to bybit:SNXX/USDT:1h"}
{"ts":"2026-07-24 19:40:37,687","level":"INFO","logger":"app.data_engine.redis_publisher","msg":"published 1 candles to bybit:SOXL/USDT:1h"}
{"ts":"2026-07-24 19:40:38,145","level":"INFO","logger":"app.data_engine.redis_publisher","msg":"published 1 candles to bybit:SOL/USDT:1h"}
{"ts":"2026-07-24 19:40:38,530","level":"INFO","logger":"app.data_engine.redis_publisher","msg":"published 1 candles to bybit:PLAYSOUT/USDT:1h"}
{"ts":"2026-07-24 19:40:38,875","level":"INFO","logger":"app.data_engine.redis_publisher","msg":"published 1 candles to bybit:MU/USDT:1h"}
{"ts":"2026-07-24 19:40:39,225","level":"INFO","logger":"app.data_engine.redis_publisher","msg":"published 1 candles to bybit:XRP/USDT:1h"}
{"ts":"2026-07-24 19:40:39,328","level":"INFO","logger":"app.data_engine.redis_publisher","msg":"published 1 candles to bybit:ACE/USDT:1h"}
{"ts":"2026-07-24 19:40:39,437","level":"INFO","logger":"app.data_engine.redis_publisher","msg":"published 1 candles to bybit:BTC/USDT:1h"}
{"ts":"2026-07-24 19:40:39,634","level":"INFO","logger":"app.data_engine.redis_publisher","msg":"published 1 candles to bybit:KORU/USDT:1h"}
{"ts":"2026-07-24 19:40:39,765","level":"INFO","logger":"app.data_engine.redis_publisher","msg":"published 1 candles to bybit:HYPE/USDT:1h"}
{"ts":"2026-07-24 19:40:40,066","level":"INFO","logger":"app.data_engine.redis_publisher","msg":"published 1 candles to bybit:ETH/USDT:1h"}
{"ts":"2026-07-24 19:40:40,406","level":"INFO","logger":"app.data_engine.redis_publisher","msg":"published 1 candles to bybit:SNDK/USDT:1h"}
{"ts":"2026-07-24 19:40:40,516","level":"INFO","logger":"app.data_engine.redis_publisher","msg":"published 1 candles to bybit:BANK/USDT:1h"}
{"ts":"2026-07-24 19:40:40,696","level":"INFO","logger":"app.data_engine.redis_publisher","msg":"published 1 candles to bybit:SKHYNIX/USDT:1h"}
{"ts":"2026-07-24 19:40:40,803","level":"INFO","logger":"app.data_engine.redis_publisher","msg":"published 1 candles to bybit:SKHY/USDT:1h"}
{"ts":"2026-07-24 19:40:41,146","level":"INFO","logger":"app.data_engine.redis_publisher","msg":"published 1 candles to bybit:ZEC/USDT:1h"}
{"ts":"2026-07-24 19:40:41,270","level":"INFO","logger":"app.data_engine.redis_publisher","msg":"published 1 candles to bybit:NEAR/USDT:1h"}
{"ts":"2026-07-24 19:40:41,389","level":"INFO","logger":"app.data_engine.redis_publisher","msg":"published 1 candles to bybit:VELVET/USDT:1h"}
{"ts":"2026-07-24 19:40:41,688","level":"INFO","logger":"app.data_engine.redis_publisher","msg":"published 1 candles to bybit:CL/USDT:1h"}
{"ts":"2026-07-24 19:40:41,784","level":"INFO","logger":"app.data_engine.redis_publisher","msg":"published 1 candles to bybit:INTC/USDT:1h"}
{"ts":"2026-07-24 19:40:42,458","level":"INFO","logger":"app.data_engine.redis_publisher","msg":"published 1 candles to bybit:AERGO/USDT:1h"}
{"ts":"2026-07-24 19:41:23,819","level":"INFO","logger":"app.data_engine.redis_publisher","msg":"published 1 candles to bybit:MUU/USDT:1h"}
{"ts":"2026-07-24 19:41:23,824","level":"INFO","logger":"app.data_engine.redis_publisher","msg":"published 1 candles to bybit:KAITO/USDT:1h"}
{"ts":"2026-07-24 19:41:23,826","level":"INFO","logger":"app.data_engine.redis_publisher","msg":"published 1 candles to bybit:CBRS/USDT:1h"}
{"ts":"2026-07-24 19:41:23,833","level":"INFO","logger":"app.data_engine.redis_publisher","msg":"published 1 candles to bybit:BEAT/USDT:1h"}
{"ts":"2026-07-24 19:41:23,851","level":"INFO","logger":"app.data_engine.redis_publisher","msg":"published 1 candles to bybit:STX/USDT:1h"}
{"ts":"2026-07-24 19:41:23,955","level":"INFO","logger":"app.data_engine.redis_publisher","msg":"published 1 candles to bybit:INTW/USDT:1h"}
{"ts":"2026-07-24 19:41:25,345","level":"INFO","logger":"app.data_engine.redis_publisher","msg":"published 1 candles to bybit:SOXS/USDT:1h"}
{"ts":"2026-07-24 19:41:31,288","level":"INFO","logger":"app.data_engine.redis_publisher","msg":"published 1 candles to bybit:HEMI/USDT:1h"}
{"ts":"2026-07-24 19:41:31,794","level":"INFO","logger":"app.data_engine.redis_publisher","msg":"published 1 candles to bybit:ORDER/USDT:1h"}
{"ts":"2026-07-24 19:41:33,460","level":"INFO","logger":"app.data_engine.redis_publisher","msg":"published 1 candles to bybit:RE/USDT:1h"}
{"ts":"2026-07-24 19:41:33,843","level":"INFO","logger":"app.data_engine.redis_publisher","msg":"published 1 candles to bybit:AKE/USDT:1h"}
{"ts":"2026-07-24 19:41:34,536","level":"INFO","logger":"app.data_engine.redis_publisher","msg":"published 1 candles to bybit:B2/USDT:1h"}
{"ts":"2026-07-24 19:41:34,973","level":"INFO","logger":"app.data_engine.redis_publisher","msg":"published 1 candles to bybit:DEXE/USDT:1h"}
{"ts":"2026-07-24 19:41:35,477","level":"INFO","logger":"app.data_engine.redis_publisher","msg":"published 1 candles to bybit:TOWNS/USDT:1h"}
{"ts":"2026-07-24 19:41:36,056","level":"INFO","logger":"app.data_engine.redis_publisher","msg":"published 1 candles to bybit:CAP/USDT:1h"}
{"ts":"2026-07-24 19:41:36,362","level":"INFO","logger":"app.data_engine.redis_publisher","msg":"published 1 candles to bybit:ESPORTS/USDT:1h"}
{"ts":"2026-07-24 19:41:36,805","level":"INFO","logger":"app.data_engine.redis_publisher","msg":"published 1 candles to bybit:APR/USDT:1h"}
{"ts":"2026-07-24 19:41:37,111","level":"INFO","logger":"app.data_engine.redis_publisher","msg":"published 1 candles to bybit:GWEI/USDT:1h"}
{"ts":"2026-07-24 19:41:37,460","level":"INFO","logger":"app.data_engine.redis_publisher","msg":"published 1 candles to bybit:BEAM/USDT:1h"}
{"ts":"2026-07-24 19:41:37,704","level":"INFO","logger":"app.data_engine.redis_publisher","msg":"published 1 candles to bybit:SNXX/USDT:1h"}
{"ts":"2026-07-24 19:41:37,997","level":"INFO","logger":"app.data_engine.redis_publisher","msg":"published 1 candles to bybit:SOXL/USDT:1h"}
{"ts":"2026-07-24 19:41:38,457","level":"INFO","logger":"app.data_engine.redis_publisher","msg":"published 1 candles to bybit:SOL/USDT:1h"}
{"ts":"2026-07-24 19:41:38,838","level":"INFO","logger":"app.data_engine.redis_publisher","msg":"published 1 candles to bybit:PLAYSOUT/USDT:1h"}
{"ts":"2026-07-24 19:41:39,195","level":"INFO","logger":"app.data_engine.redis_publisher","msg":"published 1 candles to bybit:MU/USDT:1h"}
{"ts":"2026-07-24 19:41:39,534","level":"INFO","logger":"app.data_engine.redis_publisher","msg":"published 1 candles to bybit:XRP/USDT:1h"}
{"ts":"2026-07-24 19:41:39,639","level":"INFO","logger":"app.data_engine.redis_publisher","msg":"published 1 candles to bybit:ACE/USDT:1h"}
{"ts":"2026-07-24 19:41:39,746","level":"INFO","logger":"app.data_engine.redis_publisher","msg":"published 1 candles to bybit:BTC/USDT:1h"}
{"ts":"2026-07-24 19:41:39,945","level":"INFO","logger":"app.data_engine.redis_publisher","msg":"published 1 candles to bybit:KORU/USDT:1h"}
{"ts":"2026-07-24 19:41:40,124","level":"INFO","logger":"app.data_engine.redis_publisher","msg":"published 1 candles to bybit:HYPE/USDT:1h"}
{"ts":"2026-07-24 19:41:40,378","level":"INFO","logger":"app.data_engine.redis_publisher","msg":"published 1 candles to bybit:ETH/USDT:1h"}
{"ts":"2026-07-24 19:41:40,719","level":"INFO","logger":"app.data_engine.redis_publisher","msg":"published 1 candles to bybit:SNDK/USDT:1h"}
{"ts":"2026-07-24 19:41:40,833","level":"INFO","logger":"app.data_engine.redis_publisher","msg":"published 1 candles to bybit:BANK/USDT:1h"}
{"ts":"2026-07-24 19:41:41,007","level":"INFO","logger":"app.data_engine.redis_publisher","msg":"published 1 candles to bybit:SKHYNIX/USDT:1h"}
{"ts":"2026-07-24 19:41:41,115","level":"INFO","logger":"app.data_engine.redis_publisher","msg":"published 1 candles to bybit:SKHY/USDT:1h"}
{"ts":"2026-07-24 19:41:41,467","level":"INFO","logger":"app.data_engine.redis_publisher","msg":"published 1 candles to bybit:ZEC/USDT:1h"}
{"ts":"2026-07-24 19:41:41,580","level":"INFO","logger":"app.data_engine.redis_publisher","msg":"published 1 candles to bybit:NEAR/USDT:1h"}
{"ts":"2026-07-24 19:41:41,697","level":"INFO","logger":"app.data_engine.redis_publisher","msg":"published 1 candles to bybit:VELVET/USDT:1h"}
{"ts":"2026-07-24 19:41:42,006","level":"INFO","logger":"app.data_engine.redis_publisher","msg":"published 1 candles to bybit:CL/USDT:1h"}
{"ts":"2026-07-24 19:41:42,105","level":"INFO","logger":"app.data_engine.redis_publisher","msg":"published 1 candles to bybit:INTC/USDT:1h"}
{"ts":"2026-07-24 19:41:42,771","level":"INFO","logger":"app.data_engine.redis_publisher","msg":"published 1 candles to bybit:AERGO/USDT:1h"}
{"ts":"2026-07-24 19:42:24,370","level":"INFO","logger":"app.data_engine.redis_publisher","msg":"published 1 candles to bybit:MUU/USDT:1h"}
{"ts":"2026-07-24 19:42:24,475","level":"INFO","logger":"app.data_engine.redis_publisher","msg":"published 1 candles to bybit:CBRS/USDT:1h"}
{"ts":"2026-07-24 19:42:24,569","level":"INFO","logger":"app.data_engine.redis_publisher","msg":"published 1 candles to bybit:KAITO/USDT:1h"}
{"ts":"2026-07-24 19:42:24,642","level":"INFO","logger":"app.data_engine.redis_publisher","msg":"published 1 candles to bybit:INTW/USDT:1h"}
{"ts":"2026-07-24 19:42:24,663","level":"INFO","logger":"app.data_engine.redis_publisher","msg":"published 1 candles to bybit:BEAT/USDT:1h"}
{"ts":"2026-07-24 19:42:24,765","level":"INFO","logger":"app.data_engine.redis_publisher","msg":"published 1 candles to bybit:STX/USDT:1h"}
{"ts":"2026-07-24 19:42:25,657","level":"INFO","logger":"app.data_engine.redis_publisher","msg":"published 1 candles to bybit:SOXS/USDT:1h"}
{"ts":"2026-07-24 19:42:31,612","level":"INFO","logger":"app.data_engine.redis_publisher","msg":"published 1 candles to bybit:HEMI/USDT:1h"}
{"ts":"2026-07-24 19:42:32,105","level":"INFO","logger":"app.data_engine.redis_publisher","msg":"published 1 candles to bybit:ORDER/USDT:1h"}
{"ts":"2026-07-24 19:42:33,769","level":"INFO","logger":"app.data_engine.redis_publisher","msg":"published 1 candles to bybit:RE/USDT:1h"}
{"ts":"2026-07-24 19:42:34,152","level":"INFO","logger":"app.data_engine.redis_publisher","msg":"published 1 candles to bybit:AKE/USDT:1h"}
{"ts":"2026-07-24 19:42:34,844","level":"INFO","logger":"app.data_engine.redis_publisher","msg":"published 1 candles to bybit:B2/USDT:1h"}
{"ts":"2026-07-24 19:42:35,283","level":"INFO","logger":"app.data_engine.redis_publisher","msg":"published 1 candles to bybit:DEXE/USDT:1h"}
{"ts":"2026-07-24 19:42:35,794","level":"INFO","logger":"app.data_engine.redis_publisher","msg":"published 1 candles to bybit:TOWNS/USDT:1h"}
{"ts":"2026-07-24 19:42:36,364","level":"INFO","logger":"app.data_engine.redis_publisher","msg":"published 1 candles to bybit:CAP/USDT:1h"}
{"ts":"2026-07-24 19:42:36,673","level":"INFO","logger":"app.data_engine.redis_publisher","msg":"published 1 candles to bybit:ESPORTS/USDT:1h"}
{"ts":"2026-07-24 19:42:37,116","level":"INFO","logger":"app.data_engine.redis_publisher","msg":"published 1 candles to bybit:APR/USDT:1h"}
{"ts":"2026-07-24 19:42:37,421","level":"INFO","logger":"app.data_engine.redis_publisher","msg":"published 1 candles to bybit:GWEI/USDT:1h"}
{"ts":"2026-07-24 19:42:37,772","level":"INFO","logger":"app.data_engine.redis_publisher","msg":"published 1 candles to bybit:BEAM/USDT:1h"}
{"ts":"2026-07-24 19:42:38,013","level":"INFO","logger":"app.data_engine.redis_publisher","msg":"published 1 candles to bybit:SNXX/USDT:1h"}
{"ts":"2026-07-24 19:42:38,309","level":"INFO","logger":"app.data_engine.redis_publisher","msg":"published 1 candles to bybit:SOXL/USDT:1h"}
{"ts":"2026-07-24 19:42:38,765","level":"INFO","logger":"app.data_engine.redis_publisher","msg":"published 1 candles to bybit:SOL/USDT:1h"}
{"ts":"2026-07-24 19:42:39,147","level":"INFO","logger":"app.data_engine.redis_publisher","msg":"published 1 candles to bybit:PLAYSOUT/USDT:1h"}
{"ts":"2026-07-24 19:42:39,507","level":"INFO","logger":"app.data_engine.redis_publisher","msg":"published 1 candles to bybit:MU/USDT:1h"}
{"ts":"2026-07-24 19:42:39,851","level":"INFO","logger":"app.data_engine.redis_publisher","msg":"published 1 candles to bybit:XRP/USDT:1h"}
{"ts":"2026-07-24 19:42:39,955","level":"INFO","logger":"app.data_engine.redis_publisher","msg":"published 1 candles to bybit:ACE/USDT:1h"}
{"ts":"2026-07-24 19:42:40,060","level":"INFO","logger":"app.data_engine.redis_publisher","msg":"published 1 candles to bybit:BTC/USDT:1h"}
{"ts":"2026-07-24 19:42:40,251","level":"INFO","logger":"app.data_engine.redis_publisher","msg":"published 1 candles to bybit:KORU/USDT:1h"}
{"ts":"2026-07-24 19:42:40,433","level":"INFO","logger":"app.data_engine.redis_publisher","msg":"published 1 candles to bybit:HYPE/USDT:1h"}
{"ts":"2026-07-24 19:42:40,691","level":"INFO","logger":"app.data_engine.redis_publisher","msg":"published 1 candles to bybit:ETH/USDT:1h"}
{"ts":"2026-07-24 19:42:41,028","level":"INFO","logger":"app.data_engine.redis_publisher","msg":"published 1 candles to bybit:SNDK/USDT:1h"}
{"ts":"2026-07-24 19:42:41,149","level":"INFO","logger":"app.data_engine.redis_publisher","msg":"published 1 candles to bybit:BANK/USDT:1h"}
{"ts":"2026-07-24 19:42:41,315","level":"INFO","logger":"app.data_engine.redis_publisher","msg":"published 1 candles to bybit:SKHYNIX/USDT:1h"}
{"ts":"2026-07-24 19:42:41,435","level":"INFO","logger":"app.data_engine.redis_publisher","msg":"published 1 candles to bybit:SKHY/USDT:1h"}
{"ts":"2026-07-24 19:42:41,776","level":"INFO","logger":"app.data_engine.redis_publisher","msg":"published 1 candles to bybit:ZEC/USDT:1h"}
{"ts":"2026-07-24 19:42:41,890","level":"INFO","logger":"app.data_engine.redis_publisher","msg":"published 1 candles to bybit:NEAR/USDT:1h"}
{"ts":"2026-07-24 19:42:42,005","level":"INFO","logger":"app.data_engine.redis_publisher","msg":"published 1 candles to bybit:VELVET/USDT:1h"}
{"ts":"2026-07-24 19:42:42,316","level":"INFO","logger":"app.data_engine.redis_publisher","msg":"published 1 candles to bybit:CL/USDT:1h"}
{"ts":"2026-07-24 19:42:42,415","level":"INFO","logger":"app.data_engine.redis_publisher","msg":"published 1 candles to bybit:INTC/USDT:1h"}
{"ts":"2026-07-24 19:42:43,084","level":"INFO","logger":"app.data_engine.redis_publisher","msg":"published 1 candles to bybit:AERGO/USDT:1h"}
{"ts":"2026-07-24 19:43:25,287","level":"INFO","logger":"app.data_engine.redis_publisher","msg":"published 1 candles to bybit:CBRS/USDT:1h"}
{"ts":"2026-07-24 19:43:25,291","level":"INFO","logger":"app.data_engine.redis_publisher","msg":"published 1 candles to bybit:INTW/USDT:1h"}
{"ts":"2026-07-24 19:43:25,292","level":"INFO","logger":"app.data_engine.redis_publisher","msg":"published 1 candles to bybit:KAITO/USDT:1h"}
{"ts":"2026-07-24 19:43:25,292","level":"INFO","logger":"app.data_engine.redis_publisher","msg":"published 1 candles to bybit:MUU/USDT:1h"}
{"ts":"2026-07-24 19:43:25,319","level":"INFO","logger":"app.data_engine.redis_publisher","msg":"published 1 candles to bybit:BEAT/USDT:1h"}
{"ts":"2026-07-24 19:43:25,422","level":"INFO","logger":"app.data_engine.redis_publisher","msg":"published 1 candles to bybit:STX/USDT:1h"}
{"ts":"2026-07-24 19:43:25,966","level":"INFO","logger":"app.data_engine.redis_publisher","msg":"published 1 candles to bybit:SOXS/USDT:1h"}
{"ts":"2026-07-24 19:43:31,936","level":"INFO","logger":"app.data_engine.redis_publisher","msg":"published 1 candles to bybit:HEMI/USDT:1h"}
{"ts":"2026-07-24 19:43:32,417","level":"INFO","logger":"app.data_engine.redis_publisher","msg":"published 1 candles to bybit:ORDER/USDT:1h"}
{"ts":"2026-07-24 19:43:34,083","level":"INFO","logger":"app.data_engine.redis_publisher","msg":"published 1 candles to bybit:RE/USDT:1h"}
{"ts":"2026-07-24 19:43:34,463","level":"INFO","logger":"app.data_engine.redis_publisher","msg":"published 1 candles to bybit:AKE/USDT:1h"}
{"ts":"2026-07-24 19:43:35,163","level":"INFO","logger":"app.data_engine.redis_publisher","msg":"published 1 candles to bybit:B2/USDT:1h"}
{"ts":"2026-07-24 19:43:35,591","level":"INFO","logger":"app.data_engine.redis_publisher","msg":"published 1 candles to bybit:DEXE/USDT:1h"}
{"ts":"2026-07-24 19:43:36,104","level":"INFO","logger":"app.data_engine.redis_publisher","msg":"published 1 candles to bybit:TOWNS/USDT:1h"}
{"ts":"2026-07-24 19:43:36,674","level":"INFO","logger":"app.data_engine.redis_publisher","msg":"published 1 candles to bybit:CAP/USDT:1h"}
{"ts":"2026-07-24 19:43:36,984","level":"INFO","logger":"app.data_engine.redis_publisher","msg":"published 1 candles to bybit:ESPORTS/USDT:1h"}
2026-07-24 19:43:37.066 | INFO     | app.data.universe_scanner:refresh:176 - UniverseScanner: %d candidates above $%.0f volume
{"ts":"2026-07-24 19:43:37,427","level":"INFO","logger":"app.data_engine.redis_publisher","msg":"published 1 candles to bybit:APR/USDT:1h"}
{"ts":"2026-07-24 19:43:37,733","level":"INFO","logger":"app.data_engine.redis_publisher","msg":"published 1 candles to bybit:GWEI/USDT:1h"}
2026-07-24 19:43:37.994 | DEBUG    | app.data.universe_scanner:refresh:188 - UniverseScanner: ATR failed for SOXL/USDT
{"ts":"2026-07-24 19:43:38,081","level":"INFO","logger":"app.data_engine.redis_publisher","msg":"published 1 candles to bybit:BEAM/USDT:1h"}
2026-07-24 19:43:38.302 | DEBUG    | app.data.universe_scanner:refresh:188 - UniverseScanner: ATR failed for AKE/USDT
2026-07-24 19:43:38.302 | DEBUG    | app.data.universe_scanner:refresh:188 - UniverseScanner: ATR failed for DEXE/USDT
{"ts":"2026-07-24 19:43:38,324","level":"INFO","logger":"app.data_engine.redis_publisher","msg":"published 1 candles to bybit:SNXX/USDT:1h"}
2026-07-24 19:43:38.611 | DEBUG    | app.data.universe_scanner:refresh:188 - UniverseScanner: ATR failed for BANK/USDT
2026-07-24 19:43:38.611 | DEBUG    | app.data.universe_scanner:refresh:188 - UniverseScanner: ATR failed for SNDK/USDT
{"ts":"2026-07-24 19:43:38,625","level":"INFO","logger":"app.data_engine.redis_publisher","msg":"published 1 candles to bybit:SOXL/USDT:1h"}
2026-07-24 19:43:38.920 | DEBUG    | app.data.universe_scanner:refresh:188 - UniverseScanner: ATR failed for XAU/USDT
2026-07-24 19:43:38.920 | DEBUG    | app.data.universe_scanner:refresh:188 - UniverseScanner: ATR failed for CL/USDT
2026-07-24 19:43:38.920 | DEBUG    | app.data.universe_scanner:refresh:188 - UniverseScanner: ATR failed for MU/USDT
2026-07-24 19:43:38.920 | DEBUG    | app.data.universe_scanner:refresh:188 - UniverseScanner: ATR failed for ZEC/USDT
2026-07-24 19:43:38.920 | DEBUG    | app.data.universe_scanner:refresh:188 - UniverseScanner: ATR failed for ESPORTS/USDT
{"ts":"2026-07-24 19:43:39,074","level":"INFO","logger":"app.data_engine.redis_publisher","msg":"published 1 candles to bybit:SOL/USDT:1h"}
2026-07-24 19:43:39.228 | DEBUG    | app.data.universe_scanner:refresh:188 - UniverseScanner: ATR failed for SKHYNIX/USDT
2026-07-24 19:43:39.228 | DEBUG    | app.data.universe_scanner:refresh:188 - UniverseScanner: ATR failed for SPCX/USDT
{"ts":"2026-07-24 19:43:39,457","level":"INFO","logger":"app.data_engine.redis_publisher","msg":"published 1 candles to bybit:PLAYSOUT/USDT:1h"}
2026-07-24 19:43:39.538 | DEBUG    | app.data.universe_scanner:refresh:188 - UniverseScanner: ATR failed for INTC/USDT
2026-07-24 19:43:39.539 | DEBUG    | app.data.universe_scanner:refresh:188 - UniverseScanner: ATR failed for SKHY/USDT
{"ts":"2026-07-24 19:43:39,819","level":"INFO","logger":"app.data_engine.redis_publisher","msg":"published 1 candles to bybit:MU/USDT:1h"}
2026-07-24 19:43:40.154 | DEBUG    | app.data.universe_scanner:refresh:188 - UniverseScanner: ATR failed for RE/USDT
2026-07-24 19:43:40.154 | DEBUG    | app.data.universe_scanner:refresh:188 - UniverseScanner: ATR failed for 1000PEPE/USDT
{"ts":"2026-07-24 19:43:40,164","level":"INFO","logger":"app.data_engine.redis_publisher","msg":"published 1 candles to bybit:XRP/USDT:1h"}
{"ts":"2026-07-24 19:43:40,267","level":"INFO","logger":"app.data_engine.redis_publisher","msg":"published 1 candles to bybit:ACE/USDT:1h"}
{"ts":"2026-07-24 19:43:40,385","level":"INFO","logger":"app.data_engine.redis_publisher","msg":"published 1 candles to bybit:BTC/USDT:1h"}
2026-07-24 19:43:40.463 | DEBUG    | app.data.universe_scanner:refresh:188 - UniverseScanner: ATR failed for BEAT/USDT
2026-07-24 19:43:40.463 | DEBUG    | app.data.universe_scanner:refresh:188 - UniverseScanner: ATR failed for SNXX/USDT
2026-07-24 19:43:40.463 | DEBUG    | app.data.universe_scanner:refresh:188 - UniverseScanner: ATR failed for KORU/USDT
2026-07-24 19:43:40.463 | DEBUG    | app.data.universe_scanner:refresh:188 - UniverseScanner: ATR failed for XAG/USDT
{"ts":"2026-07-24 19:43:40,562","level":"INFO","logger":"app.data_engine.redis_publisher","msg":"published 1 candles to bybit:KORU/USDT:1h"}
{"ts":"2026-07-24 19:43:40,747","level":"INFO","logger":"app.data_engine.redis_publisher","msg":"published 1 candles to bybit:HYPE/USDT:1h"}
{"ts":"2026-07-24 19:43:41,001","level":"INFO","logger":"app.data_engine.redis_publisher","msg":"published 1 candles to bybit:ETH/USDT:1h"}
{"ts":"2026-07-24 19:43:41,339","level":"INFO","logger":"app.data_engine.redis_publisher","msg":"published 1 candles to bybit:SNDK/USDT:1h"}
2026-07-24 19:43:41.404 | DEBUG    | app.data.universe_scanner:refresh:188 - UniverseScanner: ATR failed for KAITO/USDT
{"ts":"2026-07-24 19:43:41,459","level":"INFO","logger":"app.data_engine.redis_publisher","msg":"published 1 candles to bybit:BANK/USDT:1h"}
{"ts":"2026-07-24 19:43:41,628","level":"INFO","logger":"app.data_engine.redis_publisher","msg":"published 1 candles to bybit:SKHYNIX/USDT:1h"}
{"ts":"2026-07-24 19:43:41,747","level":"INFO","logger":"app.data_engine.redis_publisher","msg":"published 1 candles to bybit:SKHY/USDT:1h"}
{"ts":"2026-07-24 19:43:42,087","level":"INFO","logger":"app.data_engine.redis_publisher","msg":"published 1 candles to bybit:ZEC/USDT:1h"}
{"ts":"2026-07-24 19:43:42,200","level":"INFO","logger":"app.data_engine.redis_publisher","msg":"published 1 candles to bybit:NEAR/USDT:1h"}
{"ts":"2026-07-24 19:43:42,311","level":"INFO","logger":"app.data_engine.redis_publisher","msg":"published 1 candles to bybit:VELVET/USDT:1h"}
2026-07-24 19:43:42.324 | DEBUG    | app.data.universe_scanner:refresh:188 - UniverseScanner: ATR failed for CBRS/USDT
{"ts":"2026-07-24 19:43:42,624","level":"INFO","logger":"app.data_engine.redis_publisher","msg":"published 1 candles to bybit:CL/USDT:1h"}
2026-07-24 19:43:42.634 | DEBUG    | app.data.universe_scanner:refresh:188 - UniverseScanner: ATR failed for TAO/USDT
{"ts":"2026-07-24 19:43:42,724","level":"INFO","logger":"app.data_engine.redis_publisher","msg":"published 1 candles to bybit:INTC/USDT:1h"}
2026-07-24 19:43:42.942 | DEBUG    | app.data.universe_scanner:refresh:188 - UniverseScanner: ATR failed for PUMPFUN/USDT
{"ts":"2026-07-24 19:43:43,400","level":"INFO","logger":"app.data_engine.redis_publisher","msg":"published 1 candles to bybit:AERGO/USDT:1h"}
2026-07-24 19:43:43.559 | DEBUG    | app.data.universe_scanner:refresh:188 - UniverseScanner: ATR failed for FARTCOIN/USDT
2026-07-24 19:43:43.868 | DEBUG    | app.data.universe_scanner:refresh:188 - UniverseScanner: ATR failed for INTW/USDT
2026-07-24 19:43:43.868 | DEBUG    | app.data.universe_scanner:refresh:188 - UniverseScanner: ATR failed for EWY/USDT
2026-07-24 19:43:45.114 | DEBUG    | app.data.universe_scanner:refresh:188 - UniverseScanner: ATR failed for DRAM/USDT
2026-07-24 19:43:45.114 | DEBUG    | app.data.universe_scanner:refresh:188 - UniverseScanner: ATR failed for VELVET/USDT
2026-07-24 19:43:45.114 | DEBUG    | app.data.universe_scanner:refresh:188 - UniverseScanner: ATR failed for ALLO/USDT
2026-07-24 19:43:45.424 | DEBUG    | app.data.universe_scanner:refresh:188 - UniverseScanner: ATR failed for TSLA/USDT
2026-07-24 19:43:46.358 | DEBUG    | app.data.universe_scanner:refresh:188 - UniverseScanner: ATR failed for XMR/USDT
2026-07-24 19:43:47.285 | DEBUG    | app.data.universe_scanner:refresh:188 - UniverseScanner: ATR failed for LAB/USDT
2026-07-24 19:43:47.285 | DEBUG    | app.data.universe_scanner:refresh:188 - UniverseScanner: ATR failed for AAL/USDT
2026-07-24 19:43:47.903 | DEBUG    | app.data.universe_scanner:refresh:188 - UniverseScanner: ATR failed for US/USDT
2026-07-24 19:43:48.520 | DEBUG    | app.data.universe_scanner:refresh:188 - UniverseScanner: ATR failed for MRVL/USDT
2026-07-24 19:43:48.520 | DEBUG    | app.data.universe_scanner:refresh:188 - UniverseScanner: ATR failed for O/USDT
2026-07-24 19:43:48.520 | DEBUG    | app.data.universe_scanner:refresh:188 - UniverseScanner: ATR failed for ACE/USDT
2026-07-24 19:43:48.520 | DEBUG    | app.data.universe_scanner:refresh:188 - UniverseScanner: ATR failed for GWEI/USDT
2026-07-24 19:43:49.150 | DEBUG    | app.data.universe_scanner:refresh:188 - UniverseScanner: ATR failed for TSEM/USDT
2026-07-24 19:43:49.150 | DEBUG    | app.data.universe_scanner:refresh:188 - UniverseScanner: ATR failed for 1000BONK/USDT
2026-07-24 19:43:49.458 | DEBUG    | app.data.universe_scanner:refresh:188 - UniverseScanner: ATR failed for NBIS/USDT
2026-07-24 19:43:49.458 | DEBUG    | app.data.universe_scanner:refresh:188 - UniverseScanner: ATR failed for MUU/USDT
2026-07-24 19:43:49.766 | DEBUG    | app.data.universe_scanner:refresh:188 - UniverseScanner: ATR failed for GOOGL/USDT
2026-07-24 19:43:49.766 | DEBUG    | app.data.universe_scanner:refresh:188 - UniverseScanner: ATR failed for PENGSTOCK/USDT
2026-07-24 19:43:49.766 | DEBUG    | app.data.universe_scanner:refresh:188 - UniverseScanner: ATR failed for SOXS/USDT
2026-07-24 19:43:50.384 | DEBUG    | app.data.universe_scanner:refresh:188 - UniverseScanner: ATR failed for CRCL/USDT
2026-07-24 19:43:50.695 | DEBUG    | app.data.universe_scanner:refresh:188 - UniverseScanner: ATR failed for AEHR/USDT
2026-07-24 19:43:51.005 | DEBUG    | app.data.universe_scanner:refresh:188 - UniverseScanner: ATR failed for MARA/USDT
2026-07-24 19:43:51.006 | DEBUG    | app.data.universe_scanner:refresh:188 - UniverseScanner: ATR failed for B2/USDT
2026-07-24 19:43:52.243 | DEBUG    | app.data.universe_scanner:refresh:188 - UniverseScanner: ATR failed for GS/USDT
2026-07-24 19:43:52.553 | DEBUG    | app.data.universe_scanner:refresh:188 - UniverseScanner: ATR failed for MSTR/USDT
2026-07-24 19:43:53.173 | DEBUG    | app.data.universe_scanner:refresh:188 - UniverseScanner: ATR failed for RDW/USDT
2026-07-24 19:43:53.173 | DEBUG    | app.data.universe_scanner:refresh:188 - UniverseScanner: ATR failed for AERGO/USDT
2026-07-24 19:43:53.173 | DEBUG    | app.data.universe_scanner:refresh:188 - UniverseScanner: ATR failed for SHIB1000/USDT
2026-07-24 19:43:53.173 | DEBUG    | app.data.universe_scanner:refresh:188 - UniverseScanner: ATR failed for EVAA/USDT
2026-07-24 19:43:53.173 | DEBUG    | app.data.universe_scanner:refresh:188 - UniverseScanner: ATR failed for APR/USDT
2026-07-24 19:43:53.792 | DEBUG    | app.data.universe_scanner:refresh:188 - UniverseScanner: ATR failed for POET/USDT
2026-07-24 19:43:54.412 | DEBUG    | app.data.universe_scanner:refresh:188 - UniverseScanner: ATR failed for EPIC/USDT
2026-07-24 19:43:54.412 | DEBUG    | app.data.universe_scanner:refresh:188 - UniverseScanner: ATR failed for AXTI/USDT
2026-07-24 19:43:54.722 | DEBUG    | app.data.universe_scanner:refresh:188 - UniverseScanner: ATR failed for IONQ/USDT
2026-07-24 19:43:55.960 | DEBUG    | app.data.universe_scanner:refresh:188 - UniverseScanner: ATR failed for XLV/USDT
2026-07-24 19:43:56.329 | DEBUG    | app.data.universe_scanner:refresh:188 - UniverseScanner: ATR failed for SAMSUNG/USDT
2026-07-24 19:43:56.329 | DEBUG    | app.data.universe_scanner:refresh:188 - UniverseScanner: ATR failed for AAOI/USDT
2026-07-24 19:43:56.931 | DEBUG    | app.data.universe_scanner:refresh:188 - UniverseScanner: ATR failed for AMDSTOCK/USDT
2026-07-24 19:43:56.931 | DEBUG    | app.data.universe_scanner:refresh:188 - UniverseScanner: ATR failed for XLK/USDT
2026-07-24 19:43:57.548 | DEBUG    | app.data.universe_scanner:refresh:188 - UniverseScanner: ATR failed for APLD/USDT
2026-07-24 19:43:57.857 | DEBUG    | app.data.universe_scanner:refresh:188 - UniverseScanner: ATR failed for UB/USDT
2026-07-24 19:43:58.475 | DEBUG    | app.data.universe_scanner:refresh:188 - UniverseScanner: ATR failed for APPSTOCK/USDT
2026-07-24 19:43:58.475 | DEBUG    | app.data.universe_scanner:refresh:188 - UniverseScanner: ATR failed for BZ/USDT
2026-07-24 19:43:59.094 | DEBUG    | app.data.universe_scanner:refresh:188 - UniverseScanner: ATR failed for TLM/USDT
2026-07-24 19:43:59.094 | DEBUG    | app.data.universe_scanner:refresh:188 - UniverseScanner: ATR failed for ONDS/USDT
2026-07-24 19:43:59.094 | DEBUG    | app.data.universe_scanner:refresh:188 - UniverseScanner: ATR failed for WENSTOCK/USDT
2026-07-24 19:43:59.404 | DEBUG    | app.data.universe_scanner:refresh:188 - UniverseScanner: ATR failed for DASH/USDT
2026-07-24 19:43:59.404 | DEBUG    | app.data.universe_scanner:refresh:188 - UniverseScanner: ATR failed for PAXG/USDT
2026-07-24 19:43:59.404 | DEBUG    | app.data.universe_scanner:refresh:188 - UniverseScanner: ATR failed for BIO/USDT
2026-07-24 19:43:59.404 | DEBUG    | app.data.universe_scanner:refresh:188 - UniverseScanner: ATR failed for NVDA/USDT
2026-07-24 19:43:59.404 | DEBUG    | app.data.universe_scanner:refresh:188 - UniverseScanner: ATR failed for QQQ/USDT
2026-07-24 19:43:59.411 | INFO     | app.data.universe_scanner:refresh:232 - UniverseScanner: refreshed — %d symbols, top=%s (score=%.3f)
{"ts":"2026-07-24 19:44:26,197","level":"INFO","logger":"app.data_engine.redis_publisher","msg":"published 1 candles to bybit:MUU/USDT:1h"}
{"ts":"2026-07-24 19:44:26,199","level":"INFO","logger":"app.data_engine.redis_publisher","msg":"published 1 candles to bybit:INTW/USDT:1h"}
{"ts":"2026-07-24 19:44:26,200","level":"INFO","logger":"app.data_engine.redis_publisher","msg":"published 1 candles to bybit:KAITO/USDT:1h"}
{"ts":"2026-07-24 19:44:26,202","level":"INFO","logger":"app.data_engine.redis_publisher","msg":"published 1 candles to bybit:CBRS/USDT:1h"}
{"ts":"2026-07-24 19:44:26,232","level":"INFO","logger":"app.data_engine.redis_publisher","msg":"published 1 candles to bybit:BEAT/USDT:1h"}
{"ts":"2026-07-24 19:44:26,330","level":"INFO","logger":"app.data_engine.redis_publisher","msg":"published 1 candles to bybit:STX/USDT:1h"}
{"ts":"2026-07-24 19:44:26,499","level":"INFO","logger":"app.data_engine.redis_publisher","msg":"published 1 candles to bybit:SOXS/USDT:1h"}
{"ts":"2026-07-24 19:44:32,257","level":"INFO","logger":"app.data_engine.redis_publisher","msg":"published 1 candles to bybit:HEMI/USDT:1h"}
{"ts":"2026-07-24 19:44:32,725","level":"INFO","logger":"app.data_engine.redis_publisher","msg":"published 1 candles to bybit:ORDER/USDT:1h"}
{"ts":"2026-07-24 19:44:34,418","level":"INFO","logger":"app.data_engine.redis_publisher","msg":"published 1 candles to bybit:RE/USDT:1h"}
{"ts":"2026-07-24 19:44:34,776","level":"INFO","logger":"app.data_engine.redis_publisher","msg":"published 1 candles to bybit:AKE/USDT:1h"}
{"ts":"2026-07-24 19:44:35,486","level":"INFO","logger":"app.data_engine.redis_publisher","msg":"published 1 candles to bybit:B2/USDT:1h"}
{"ts":"2026-07-24 19:44:35,902","level":"INFO","logger":"app.data_engine.redis_publisher","msg":"published 1 candles to bybit:DEXE/USDT:1h"}
{"ts":"2026-07-24 19:44:36,412","level":"INFO","logger":"app.data_engine.redis_publisher","msg":"published 1 candles to bybit:TOWNS/USDT:1h"}
{"ts":"2026-07-24 19:44:36,986","level":"INFO","logger":"app.data_engine.redis_publisher","msg":"published 1 candles to bybit:CAP/USDT:1h"}
{"ts":"2026-07-24 19:44:37,295","level":"INFO","logger":"app.data_engine.redis_publisher","msg":"published 1 candles to bybit:ESPORTS/USDT:1h"}
{"ts":"2026-07-24 19:44:37,737","level":"INFO","logger":"app.data_engine.redis_publisher","msg":"published 1 candles to bybit:APR/USDT:1h"}
{"ts":"2026-07-24 19:44:38,044","level":"INFO","logger":"app.data_engine.redis_publisher","msg":"published 1 candles to bybit:GWEI/USDT:1h"}
{"ts":"2026-07-24 19:44:38,396","level":"INFO","logger":"app.data_engine.redis_publisher","msg":"published 1 candles to bybit:BEAM/USDT:1h"}
{"ts":"2026-07-24 19:44:38,636","level":"INFO","logger":"app.data_engine.redis_publisher","msg":"published 1 candles to bybit:SNXX/USDT:1h"}
{"ts":"2026-07-24 19:44:38,935","level":"INFO","logger":"app.data_engine.redis_publisher","msg":"published 1 candles to bybit:SOXL/USDT:1h"}
{"ts":"2026-07-24 19:44:39,385","level":"INFO","logger":"app.data_engine.redis_publisher","msg":"published 1 candles to bybit:SOL/USDT:1h"}
{"ts":"2026-07-24 19:44:39,765","level":"INFO","logger":"app.data_engine.redis_publisher","msg":"published 1 candles to bybit:PLAYSOUT/USDT:1h"}
{"ts":"2026-07-24 19:44:40,129","level":"INFO","logger":"app.data_engine.redis_publisher","msg":"published 1 candles to bybit:MU/USDT:1h"}
{"ts":"2026-07-24 19:44:40,479","level":"INFO","logger":"app.data_engine.redis_publisher","msg":"published 1 candles to bybit:XRP/USDT:1h"}
{"ts":"2026-07-24 19:44:40,583","level":"INFO","logger":"app.data_engine.redis_publisher","msg":"published 1 candles to bybit:ACE/USDT:1h"}
{"ts":"2026-07-24 19:44:40,696","level":"INFO","logger":"app.data_engine.redis_publisher","msg":"published 1 candles to bybit:BTC/USDT:1h"}
{"ts":"2026-07-24 19:44:40,871","level":"INFO","logger":"app.data_engine.redis_publisher","msg":"published 1 candles to bybit:KORU/USDT:1h"}
{"ts":"2026-07-24 19:44:41,058","level":"INFO","logger":"app.data_engine.redis_publisher","msg":"published 1 candles to bybit:HYPE/USDT:1h"}
{"ts":"2026-07-24 19:44:41,311","level":"INFO","logger":"app.data_engine.redis_publisher","msg":"published 1 candles to bybit:ETH/USDT:1h"}
{"ts":"2026-07-24 19:44:41,649","level":"INFO","logger":"app.data_engine.redis_publisher","msg":"published 1 candles to bybit:SNDK/USDT:1h"}
{"ts":"2026-07-24 19:44:41,771","level":"INFO","logger":"app.data_engine.redis_publisher","msg":"published 1 candles to bybit:BANK/USDT:1h"}
{"ts":"2026-07-24 19:44:41,938","level":"INFO","logger":"app.data_engine.redis_publisher","msg":"published 1 candles to bybit:SKHYNIX/USDT:1h"}
{"ts":"2026-07-24 19:44:42,063","level":"INFO","logger":"app.data_engine.redis_publisher","msg":"published 1 candles to bybit:SKHY/USDT:1h"}
{"ts":"2026-07-24 19:44:42,398","level":"INFO","logger":"app.data_engine.redis_publisher","msg":"published 1 candles to bybit:ZEC/USDT:1h"}
{"ts":"2026-07-24 19:44:42,508","level":"INFO","logger":"app.data_engine.redis_publisher","msg":"published 1 candles to bybit:NEAR/USDT:1h"}
{"ts":"2026-07-24 19:44:42,622","level":"INFO","logger":"app.data_engine.redis_publisher","msg":"published 1 candles to bybit:VELVET/USDT:1h"}
{"ts":"2026-07-24 19:44:42,933","level":"INFO","logger":"app.data_engine.redis_publisher","msg":"published 1 candles to bybit:CL/USDT:1h"}
{"ts":"2026-07-24 19:44:43,034","level":"INFO","logger":"app.data_engine.redis_publisher","msg":"published 1 candles to bybit:INTC/USDT:1h"}
{"ts":"2026-07-24 19:44:43,718","level":"INFO","logger":"app.data_engine.redis_publisher","msg":"published 1 candles to bybit:AERGO/USDT:1h"}
{"ts":"2026-07-24 19:45:19,718","level":"INFO","logger":"app.data_engine.exchange_connector","msg":"fetched 202 candles for AEHR/USDT 1h (90 days)"}
{"ts":"2026-07-24 19:45:20,051","level":"INFO","logger":"app.data_engine.redis_publisher","msg":"published 10 candles to bybit:AEHR/USDT:1h"}
{"ts":"2026-07-24 19:45:26,519","level":"INFO","logger":"app.data_engine.redis_publisher","msg":"published 1 candles to bybit:INTW/USDT:1h"}
{"ts":"2026-07-24 19:45:26,819","level":"INFO","logger":"app.data_engine.redis_publisher","msg":"published 1 candles to bybit:CBRS/USDT:1h"}
{"ts":"2026-07-24 19:45:26,851","level":"INFO","logger":"app.data_engine.redis_publisher","msg":"published 1 candles to bybit:MUU/USDT:1h"}
{"ts":"2026-07-24 19:45:26,949","level":"INFO","logger":"app.data_engine.redis_publisher","msg":"published 1 candles to bybit:KAITO/USDT:1h"}
{"ts":"2026-07-24 19:45:27,118","level":"INFO","logger":"app.data_engine.redis_publisher","msg":"published 1 candles to bybit:SOXS/USDT:1h"}
{"ts":"2026-07-24 19:45:27,146","level":"INFO","logger":"app.data_engine.redis_publisher","msg":"published 1 candles to bybit:BEAT/USDT:1h"}
{"ts":"2026-07-24 19:45:27,243","level":"INFO","logger":"app.data_engine.redis_publisher","msg":"published 1 candles to bybit:STX/USDT:1h"}
{"ts":"2026-07-24 19:45:32,598","level":"INFO","logger":"app.data_engine.redis_publisher","msg":"published 1 candles to bybit:HEMI/USDT:1h"}
{"ts":"2026-07-24 19:45:33,222","level":"INFO","logger":"app.data_engine.redis_publisher","msg":"published 1 candles to bybit:ORDER/USDT:1h"}
{"ts":"2026-07-24 19:45:34,737","level":"INFO","logger":"app.data_engine.redis_publisher","msg":"published 1 candles to bybit:RE/USDT:1h"}
{"ts":"2026-07-24 19:45:35,085","level":"INFO","logger":"app.data_engine.redis_publisher","msg":"published 1 candles to bybit:AKE/USDT:1h"}
{"ts":"2026-07-24 19:45:35,806","level":"INFO","logger":"app.data_engine.redis_publisher","msg":"published 1 candles to bybit:B2/USDT:1h"}
{"ts":"2026-07-24 19:45:36,213","level":"INFO","logger":"app.data_engine.redis_publisher","msg":"published 1 candles to bybit:DEXE/USDT:1h"}
{"ts":"2026-07-24 19:45:36,723","level":"INFO","logger":"app.data_engine.redis_publisher","msg":"published 1 candles to bybit:TOWNS/USDT:1h"}
{"ts":"2026-07-24 19:45:37,298","level":"INFO","logger":"app.data_engine.redis_publisher","msg":"published 1 candles to bybit:CAP/USDT:1h"}
{"ts":"2026-07-24 19:45:37,612","level":"INFO","logger":"app.data_engine.redis_publisher","msg":"published 1 candles to bybit:ESPORTS/USDT:1h"}
{"ts":"2026-07-24 19:45:38,048","level":"INFO","logger":"app.data_engine.redis_publisher","msg":"published 1 candles to bybit:APR/USDT:1h"}
{"ts":"2026-07-24 19:45:38,357","level":"INFO","logger":"app.data_engine.redis_publisher","msg":"published 1 candles to bybit:GWEI/USDT:1h"}
{"ts":"2026-07-24 19:45:38,712","level":"INFO","logger":"app.data_engine.redis_publisher","msg":"published 1 candles to bybit:BEAM/USDT:1h"}
{"ts":"2026-07-24 19:45:38,945","level":"INFO","logger":"app.data_engine.redis_publisher","msg":"published 1 candles to bybit:SNXX/USDT:1h"}
{"ts":"2026-07-24 19:45:39,248","level":"INFO","logger":"app.data_engine.redis_publisher","msg":"published 1 candles to bybit:SOXL/USDT:1h"}
{"ts":"2026-07-24 19:45:39,693","level":"INFO","logger":"app.data_engine.redis_publisher","msg":"published 1 candles to bybit:SOL/USDT:1h"}
{"ts":"2026-07-24 19:45:40,080","level":"INFO","logger":"app.data_engine.redis_publisher","msg":"published 1 candles to bybit:PLAYSOUT/USDT:1h"}
{"ts":"2026-07-24 19:45:40,444","level":"INFO","logger":"app.data_engine.redis_publisher","msg":"published 1 candles to bybit:MU/USDT:1h"}
{"ts":"2026-07-24 19:45:40,798","level":"INFO","logger":"app.data_engine.redis_publisher","msg":"published 1 candles to bybit:XRP/USDT:1h"}
{"ts":"2026-07-24 19:45:40,891","level":"INFO","logger":"app.data_engine.redis_publisher","msg":"published 1 candles to bybit:ACE/USDT:1h"}
{"ts":"2026-07-24 19:45:41,007","level":"INFO","logger":"app.data_engine.redis_publisher","msg":"published 1 candles to bybit:BTC/USDT:1h"}
{"ts":"2026-07-24 19:45:41,178","level":"INFO","logger":"app.data_engine.redis_publisher","msg":"published 1 candles to bybit:KORU/USDT:1h"}
{"ts":"2026-07-24 19:45:41,366","level":"INFO","logger":"app.data_engine.redis_publisher","msg":"published 1 candles to bybit:HYPE/USDT:1h"}
{"ts":"2026-07-24 19:45:41,620","level":"INFO","logger":"app.data_engine.redis_publisher","msg":"published 1 candles to bybit:ETH/USDT:1h"}
{"ts":"2026-07-24 19:45:41,960","level":"INFO","logger":"app.data_engine.redis_publisher","msg":"published 1 candles to bybit:SNDK/USDT:1h"}
{"ts":"2026-07-24 19:45:42,078","level":"INFO","logger":"app.data_engine.redis_publisher","msg":"published 1 candles to bybit:BANK/USDT:1h"}
{"ts":"2026-07-24 19:45:42,245","level":"INFO","logger":"app.data_engine.redis_publisher","msg":"published 1 candles to bybit:SKHYNIX/USDT:1h"}
{"ts":"2026-07-24 19:45:42,376","level":"INFO","logger":"app.data_engine.redis_publisher","msg":"published 1 candles to bybit:SKHY/USDT:1h"}
{"ts":"2026-07-24 19:45:42,817","level":"INFO","logger":"app.data_engine.redis_publisher","msg":"published 1 candles to bybit:NEAR/USDT:1h"}
{"ts":"2026-07-24 19:45:42,938","level":"INFO","logger":"app.data_engine.redis_publisher","msg":"published 1 candles to bybit:VELVET/USDT:1h"}
{"ts":"2026-07-24 19:45:43,245","level":"INFO","logger":"app.data_engine.redis_publisher","msg":"published 1 candles to bybit:CL/USDT:1h"}
{"ts":"2026-07-24 19:45:43,345","level":"INFO","logger":"app.data_engine.redis_publisher","msg":"published 1 candles to bybit:INTC/USDT:1h"}
{"ts":"2026-07-24 19:45:44,030","level":"INFO","logger":"app.data_engine.redis_publisher","msg":"published 1 candles to bybit:AERGO/USDT:1h"}
{"ts":"2026-07-24 19:46:20,616","level":"INFO","logger":"app.data_engine.redis_publisher","msg":"published 1 candles to bybit:AEHR/USDT:1h"}
{"ts":"2026-07-24 19:46:26,842","level":"INFO","logger":"app.data_engine.redis_publisher","msg":"published 1 candles to bybit:INTW/USDT:1h"}
{"ts":"2026-07-24 19:46:27,129","level":"INFO","logger":"app.data_engine.redis_publisher","msg":"published 1 candles to bybit:CBRS/USDT:1h"}
{"ts":"2026-07-24 19:46:27,431","level":"INFO","logger":"app.data_engine.redis_publisher","msg":"published 1 candles to bybit:SOXS/USDT:1h"}
{"ts":"2026-07-24 19:46:27,458","level":"INFO","logger":"app.data_engine.redis_publisher","msg":"published 1 candles to bybit:MUU/USDT:1h"}
{"ts":"2026-07-24 19:46:27,551","level":"INFO","logger":"app.data_engine.redis_publisher","msg":"published 1 candles to bybit:KAITO/USDT:1h"}
{"ts":"2026-07-24 19:46:27,756","level":"INFO","logger":"app.data_engine.redis_publisher","msg":"published 1 candles to bybit:BEAT/USDT:1h"}
{"ts":"2026-07-24 19:46:28,043","level":"INFO","logger":"app.data_engine.redis_publisher","msg":"published 1 candles to bybit:STX/USDT:1h"}
{"ts":"2026-07-24 19:46:32,916","level":"INFO","logger":"app.data_engine.redis_publisher","msg":"published 1 candles to bybit:HEMI/USDT:1h"}
{"ts":"2026-07-24 19:46:33,533","level":"INFO","logger":"app.data_engine.redis_publisher","msg":"published 1 candles to bybit:ORDER/USDT:1h"}
{"ts":"2026-07-24 19:46:35,055","level":"INFO","logger":"app.data_engine.redis_publisher","msg":"published 1 candles to bybit:RE/USDT:1h"}
{"ts":"2026-07-24 19:46:35,395","level":"INFO","logger":"app.data_engine.redis_publisher","msg":"published 1 candles to bybit:AKE/USDT:1h"}
{"ts":"2026-07-24 19:46:36,116","level":"INFO","logger":"app.data_engine.redis_publisher","msg":"published 1 candles to bybit:B2/USDT:1h"}
{"ts":"2026-07-24 19:46:36,524","level":"INFO","logger":"app.data_engine.redis_publisher","msg":"published 1 candles to bybit:DEXE/USDT:1h"}
{"ts":"2026-07-24 19:46:37,036","level":"INFO","logger":"app.data_engine.redis_publisher","msg":"published 1 candles to bybit:TOWNS/USDT:1h"}
{"ts":"2026-07-24 19:46:37,625","level":"INFO","logger":"app.data_engine.redis_publisher","msg":"published 1 candles to bybit:CAP/USDT:1h"}
{"ts":"2026-07-24 19:46:38,107","level":"INFO","logger":"app.data_engine.redis_publisher","msg":"published 1 candles to bybit:ESPORTS/USDT:1h"}
{"ts":"2026-07-24 19:46:38,358","level":"INFO","logger":"app.data_engine.redis_publisher","msg":"published 1 candles to bybit:APR/USDT:1h"}
{"ts":"2026-07-24 19:46:38,667","level":"INFO","logger":"app.data_engine.redis_publisher","msg":"published 1 candles to bybit:GWEI/USDT:1h"}
{"ts":"2026-07-24 19:46:39,037","level":"INFO","logger":"app.data_engine.redis_publisher","msg":"published 1 candles to bybit:BEAM/USDT:1h"}
{"ts":"2026-07-24 19:46:39,257","level":"INFO","logger":"app.data_engine.redis_publisher","msg":"published 1 candles to bybit:SNXX/USDT:1h"}
{"ts":"2026-07-24 19:46:39,558","level":"INFO","logger":"app.data_engine.redis_publisher","msg":"published 1 candles to bybit:SOXL/USDT:1h"}
{"ts":"2026-07-24 19:46:40,016","level":"INFO","logger":"app.data_engine.redis_publisher","msg":"published 1 candles to bybit:SOL/USDT:1h"}
{"ts":"2026-07-24 19:46:40,400","level":"INFO","logger":"app.data_engine.redis_publisher","msg":"published 1 candles to bybit:PLAYSOUT/USDT:1h"}
{"ts":"2026-07-24 19:46:40,753","level":"INFO","logger":"app.data_engine.redis_publisher","msg":"published 1 candles to bybit:MU/USDT:1h"}
{"ts":"2026-07-24 19:46:41,118","level":"INFO","logger":"app.data_engine.redis_publisher","msg":"published 1 candles to bybit:XRP/USDT:1h"}
{"ts":"2026-07-24 19:46:41,216","level":"INFO","logger":"app.data_engine.redis_publisher","msg":"published 1 candles to bybit:ACE/USDT:1h"}
{"ts":"2026-07-24 19:46:41,317","level":"INFO","logger":"app.data_engine.redis_publisher","msg":"published 1 candles to bybit:BTC/USDT:1h"}
{"ts":"2026-07-24 19:46:41,512","level":"INFO","logger":"app.data_engine.redis_publisher","msg":"published 1 candles to bybit:KORU/USDT:1h"}
{"ts":"2026-07-24 19:46:41,674","level":"INFO","logger":"app.data_engine.redis_publisher","msg":"published 1 candles to bybit:HYPE/USDT:1h"}
{"ts":"2026-07-24 19:46:41,929","level":"INFO","logger":"app.data_engine.redis_publisher","msg":"published 1 candles to bybit:ETH/USDT:1h"}
{"ts":"2026-07-24 19:46:42,270","level":"INFO","logger":"app.data_engine.redis_publisher","msg":"published 1 candles to bybit:SNDK/USDT:1h"}
{"ts":"2026-07-24 19:46:42,390","level":"INFO","logger":"app.data_engine.redis_publisher","msg":"published 1 candles to bybit:BANK/USDT:1h"}
{"ts":"2026-07-24 19:46:42,556","level":"INFO","logger":"app.data_engine.redis_publisher","msg":"published 1 candles to bybit:SKHYNIX/USDT:1h"}
{"ts":"2026-07-24 19:46:42,686","level":"INFO","logger":"app.data_engine.redis_publisher","msg":"published 1 candles to bybit:SKHY/USDT:1h"}
{"ts":"2026-07-24 19:46:43,128","level":"INFO","logger":"app.data_engine.redis_publisher","msg":"published 1 candles to bybit:NEAR/USDT:1h"}
{"ts":"2026-07-24 19:46:43,260","level":"INFO","logger":"app.data_engine.redis_publisher","msg":"published 1 candles to bybit:VELVET/USDT:1h"}
{"ts":"2026-07-24 19:46:43,553","level":"INFO","logger":"app.data_engine.redis_publisher","msg":"published 1 candles to bybit:CL/USDT:1h"}
{"ts":"2026-07-24 19:46:43,654","level":"INFO","logger":"app.data_engine.redis_publisher","msg":"published 1 candles to bybit:INTC/USDT:1h"}
{"ts":"2026-07-24 19:46:44,342","level":"INFO","logger":"app.data_engine.redis_publisher","msg":"published 1 candles to bybit:AERGO/USDT:1h"}
{"ts":"2026-07-24 19:47:21,516","level":"INFO","logger":"app.data_engine.redis_publisher","msg":"published 1 candles to bybit:AEHR/USDT:1h"}
{"ts":"2026-07-24 19:47:27,157","level":"INFO","logger":"app.data_engine.redis_publisher","msg":"published 1 candles to bybit:INTW/USDT:1h"}
{"ts":"2026-07-24 19:47:27,441","level":"INFO","logger":"app.data_engine.redis_publisher","msg":"published 1 candles to bybit:CBRS/USDT:1h"}
{"ts":"2026-07-24 19:47:27,748","level":"INFO","logger":"app.data_engine.redis_publisher","msg":"published 1 candles to bybit:SOXS/USDT:1h"}
{"ts":"2026-07-24 19:47:28,065","level":"INFO","logger":"app.data_engine.redis_publisher","msg":"published 1 candles to bybit:BEAT/USDT:1h"}
{"ts":"2026-07-24 19:47:28,082","level":"INFO","logger":"app.data_engine.redis_publisher","msg":"published 1 candles to bybit:MUU/USDT:1h"}
{"ts":"2026-07-24 19:47:28,171","level":"INFO","logger":"app.data_engine.redis_publisher","msg":"published 1 candles to bybit:KAITO/USDT:1h"}
{"ts":"2026-07-24 19:47:28,357","level":"INFO","logger":"app.data_engine.redis_publisher","msg":"published 1 candles to bybit:STX/USDT:1h"}
{"ts":"2026-07-24 19:47:33,243","level":"INFO","logger":"app.data_engine.redis_publisher","msg":"published 1 candles to bybit:HEMI/USDT:1h"}
{"ts":"2026-07-24 19:47:33,843","level":"INFO","logger":"app.data_engine.redis_publisher","msg":"published 1 candles to bybit:ORDER/USDT:1h"}
{"ts":"2026-07-24 19:47:35,372","level":"INFO","logger":"app.data_engine.redis_publisher","msg":"published 1 candles to bybit:RE/USDT:1h"}
{"ts":"2026-07-24 19:47:35,711","level":"INFO","logger":"app.data_engine.redis_publisher","msg":"published 1 candles to bybit:AKE/USDT:1h"}
{"ts":"2026-07-24 19:47:36,440","level":"INFO","logger":"app.data_engine.redis_publisher","msg":"published 1 candles to bybit:B2/USDT:1h"}
{"ts":"2026-07-24 19:47:36,838","level":"INFO","logger":"app.data_engine.redis_publisher","msg":"published 1 candles to bybit:DEXE/USDT:1h"}
{"ts":"2026-07-24 19:47:37,349","level":"INFO","logger":"app.data_engine.redis_publisher","msg":"published 1 candles to bybit:TOWNS/USDT:1h"}
{"ts":"2026-07-24 19:47:37,943","level":"INFO","logger":"app.data_engine.redis_publisher","msg":"published 1 candles to bybit:CAP/USDT:1h"}
{"ts":"2026-07-24 19:47:38,423","level":"INFO","logger":"app.data_engine.redis_publisher","msg":"published 1 candles to bybit:ESPORTS/USDT:1h"}
{"ts":"2026-07-24 19:47:38,681","level":"INFO","logger":"app.data_engine.redis_publisher","msg":"published 1 candles to bybit:APR/USDT:1h"}
{"ts":"2026-07-24 19:47:38,980","level":"INFO","logger":"app.data_engine.redis_publisher","msg":"published 1 candles to bybit:GWEI/USDT:1h"}
{"ts":"2026-07-24 19:47:39,350","level":"INFO","logger":"app.data_engine.redis_publisher","msg":"published 1 candles to bybit:BEAM/USDT:1h"}
{"ts":"2026-07-24 19:47:39,569","level":"INFO","logger":"app.data_engine.redis_publisher","msg":"published 1 candles to bybit:SNXX/USDT:1h"}
{"ts":"2026-07-24 19:47:39,873","level":"INFO","logger":"app.data_engine.redis_publisher","msg":"published 1 candles to bybit:SOXL/USDT:1h"}
{"ts":"2026-07-24 19:47:40,377","level":"INFO","logger":"app.data_engine.redis_publisher","msg":"published 1 candles to bybit:SOL/USDT:1h"}
{"ts":"2026-07-24 19:47:40,722","level":"INFO","logger":"app.data_engine.redis_publisher","msg":"published 1 candles to bybit:PLAYSOUT/USDT:1h"}
{"ts":"2026-07-24 19:47:41,076","level":"INFO","logger":"app.data_engine.redis_publisher","msg":"published 1 candles to bybit:MU/USDT:1h"}
{"ts":"2026-07-24 19:47:41,431","level":"INFO","logger":"app.data_engine.redis_publisher","msg":"published 1 candles to bybit:XRP/USDT:1h"}
{"ts":"2026-07-24 19:47:41,539","level":"INFO","logger":"app.data_engine.redis_publisher","msg":"published 1 candles to bybit:ACE/USDT:1h"}
{"ts":"2026-07-24 19:47:41,635","level":"INFO","logger":"app.data_engine.redis_publisher","msg":"published 1 candles to bybit:BTC/USDT:1h"}
{"ts":"2026-07-24 19:47:41,834","level":"INFO","logger":"app.data_engine.redis_publisher","msg":"published 1 candles to bybit:KORU/USDT:1h"}
{"ts":"2026-07-24 19:47:42,003","level":"INFO","logger":"app.data_engine.redis_publisher","msg":"published 1 candles to bybit:HYPE/USDT:1h"}
{"ts":"2026-07-24 19:47:42,250","level":"INFO","logger":"app.data_engine.redis_publisher","msg":"published 1 candles to bybit:ETH/USDT:1h"}
{"ts":"2026-07-24 19:47:42,588","level":"INFO","logger":"app.data_engine.redis_publisher","msg":"published 1 candles to bybit:SNDK/USDT:1h"}
{"ts":"2026-07-24 19:47:42,703","level":"INFO","logger":"app.data_engine.redis_publisher","msg":"published 1 candles to bybit:BANK/USDT:1h"}
{"ts":"2026-07-24 19:47:42,876","level":"INFO","logger":"app.data_engine.redis_publisher","msg":"published 1 candles to bybit:SKHYNIX/USDT:1h"}
{"ts":"2026-07-24 19:47:42,995","level":"INFO","logger":"app.data_engine.redis_publisher","msg":"published 1 candles to bybit:SKHY/USDT:1h"}
{"ts":"2026-07-24 19:47:43,445","level":"INFO","logger":"app.data_engine.redis_publisher","msg":"published 1 candles to bybit:NEAR/USDT:1h"}
{"ts":"2026-07-24 19:47:43,583","level":"INFO","logger":"app.data_engine.redis_publisher","msg":"published 1 candles to bybit:VELVET/USDT:1h"}
{"ts":"2026-07-24 19:47:43,880","level":"INFO","logger":"app.data_engine.redis_publisher","msg":"published 1 candles to bybit:CL/USDT:1h"}
{"ts":"2026-07-24 19:47:43,974","level":"INFO","logger":"app.data_engine.redis_publisher","msg":"published 1 candles to bybit:INTC/USDT:1h"}
{"ts":"2026-07-24 19:47:44,670","level":"INFO","logger":"app.data_engine.redis_publisher","msg":"published 1 candles to bybit:AERGO/USDT:1h"}
{"ts":"2026-07-24 19:48:22,076","level":"INFO","logger":"app.data_engine.redis_publisher","msg":"published 1 candles to bybit:AEHR/USDT:1h"}
{"ts":"2026-07-24 19:48:27,484","level":"INFO","logger":"app.data_engine.redis_publisher","msg":"published 1 candles to bybit:INTW/USDT:1h"}
{"ts":"2026-07-24 19:48:27,763","level":"INFO","logger":"app.data_engine.redis_publisher","msg":"published 1 candles to bybit:CBRS/USDT:1h"}
{"ts":"2026-07-24 19:48:28,069","level":"INFO","logger":"app.data_engine.redis_publisher","msg":"published 1 candles to bybit:SOXS/USDT:1h"}
{"ts":"2026-07-24 19:48:28,389","level":"INFO","logger":"app.data_engine.redis_publisher","msg":"published 1 candles to bybit:BEAT/USDT:1h"}
{"ts":"2026-07-24 19:48:28,691","level":"INFO","logger":"app.data_engine.redis_publisher","msg":"published 1 candles to bybit:STX/USDT:1h"}
{"ts":"2026-07-24 19:48:28,726","level":"INFO","logger":"app.data_engine.redis_publisher","msg":"published 1 candles to bybit:MUU/USDT:1h"}
{"ts":"2026-07-24 19:48:28,819","level":"INFO","logger":"app.data_engine.redis_publisher","msg":"published 1 candles to bybit:KAITO/USDT:1h"}
{"ts":"2026-07-24 19:48:33,565","level":"INFO","logger":"app.data_engine.redis_publisher","msg":"published 1 candles to bybit:HEMI/USDT:1h"}
{"ts":"2026-07-24 19:48:34,157","level":"INFO","logger":"app.data_engine.redis_publisher","msg":"published 1 candles to bybit:ORDER/USDT:1h"}
{"ts":"2026-07-24 19:48:35,700","level":"INFO","logger":"app.data_engine.redis_publisher","msg":"published 1 candles to bybit:RE/USDT:1h"}
{"ts":"2026-07-24 19:48:36,030","level":"INFO","logger":"app.data_engine.redis_publisher","msg":"published 1 candles to bybit:AKE/USDT:1h"}
{"ts":"2026-07-24 19:48:36,755","level":"INFO","logger":"app.data_engine.redis_publisher","msg":"published 1 candles to bybit:B2/USDT:1h"}
{"ts":"2026-07-24 19:48:37,160","level":"INFO","logger":"app.data_engine.redis_publisher","msg":"published 1 candles to bybit:DEXE/USDT:1h"}
{"ts":"2026-07-24 19:48:37,671","level":"INFO","logger":"app.data_engine.redis_publisher","msg":"published 1 candles to bybit:TOWNS/USDT:1h"}
{"ts":"2026-07-24 19:48:38,270","level":"INFO","logger":"app.data_engine.redis_publisher","msg":"published 1 candles to bybit:CAP/USDT:1h"}
{"ts":"2026-07-24 19:48:38,743","level":"INFO","logger":"app.data_engine.redis_publisher","msg":"published 1 candles to bybit:ESPORTS/USDT:1h"}
{"ts":"2026-07-24 19:48:38,995","level":"INFO","logger":"app.data_engine.redis_publisher","msg":"published 1 candles to bybit:APR/USDT:1h"}
{"ts":"2026-07-24 19:48:39,294","level":"INFO","logger":"app.data_engine.redis_publisher","msg":"published 1 candles to bybit:GWEI/USDT:1h"}
{"ts":"2026-07-24 19:48:39,661","level":"INFO","logger":"app.data_engine.redis_publisher","msg":"published 1 candles to bybit:BEAM/USDT:1h"}
{"ts":"2026-07-24 19:48:39,881","level":"INFO","logger":"app.data_engine.redis_publisher","msg":"published 1 candles to bybit:SNXX/USDT:1h"}
{"ts":"2026-07-24 19:48:40,206","level":"INFO","logger":"app.data_engine.redis_publisher","msg":"published 1 candles to bybit:SOXL/USDT:1h"}
{"ts":"2026-07-24 19:48:40,698","level":"INFO","logger":"app.data_engine.redis_publisher","msg":"published 1 candles to bybit:SOL/USDT:1h"}
{"ts":"2026-07-24 19:48:41,046","level":"INFO","logger":"app.data_engine.redis_publisher","msg":"published 1 candles to bybit:PLAYSOUT/USDT:1h"}
{"ts":"2026-07-24 19:48:41,390","level":"INFO","logger":"app.data_engine.redis_publisher","msg":"published 1 candles to bybit:MU/USDT:1h"}
{"ts":"2026-07-24 19:48:41,757","level":"INFO","logger":"app.data_engine.redis_publisher","msg":"published 1 candles to bybit:XRP/USDT:1h"}
{"ts":"2026-07-24 19:48:41,858","level":"INFO","logger":"app.data_engine.redis_publisher","msg":"published 1 candles to bybit:ACE/USDT:1h"}
{"ts":"2026-07-24 19:48:41,959","level":"INFO","logger":"app.data_engine.redis_publisher","msg":"published 1 candles to bybit:BTC/USDT:1h"}
{"ts":"2026-07-24 19:48:42,146","level":"INFO","logger":"app.data_engine.redis_publisher","msg":"published 1 candles to bybit:KORU/USDT:1h"}
{"ts":"2026-07-24 19:48:42,315","level":"INFO","logger":"app.data_engine.redis_publisher","msg":"published 1 candles to bybit:HYPE/USDT:1h"}
{"ts":"2026-07-24 19:48:42,564","level":"INFO","logger":"app.data_engine.redis_publisher","msg":"published 1 candles to bybit:ETH/USDT:1h"}
{"ts":"2026-07-24 19:48:42,915","level":"INFO","logger":"app.data_engine.redis_publisher","msg":"published 1 candles to bybit:SNDK/USDT:1h"}
{"ts":"2026-07-24 19:48:43,012","level":"INFO","logger":"app.data_engine.redis_publisher","msg":"published 1 candles to bybit:BANK/USDT:1h"}
{"ts":"2026-07-24 19:48:43,209","level":"INFO","logger":"app.data_engine.redis_publisher","msg":"published 1 candles to bybit:SKHYNIX/USDT:1h"}
{"ts":"2026-07-24 19:48:43,308","level":"INFO","logger":"app.data_engine.redis_publisher","msg":"published 1 candles to bybit:SKHY/USDT:1h"}
{"ts":"2026-07-24 19:48:43,767","level":"INFO","logger":"app.data_engine.redis_publisher","msg":"published 1 candles to bybit:NEAR/USDT:1h"}
{"ts":"2026-07-24 19:48:43,899","level":"INFO","logger":"app.data_engine.redis_publisher","msg":"published 1 candles to bybit:VELVET/USDT:1h"}
{"ts":"2026-07-24 19:48:44,199","level":"INFO","logger":"app.data_engine.redis_publisher","msg":"published 1 candles to bybit:CL/USDT:1h"}
{"ts":"2026-07-24 19:48:44,303","level":"INFO","logger":"app.data_engine.redis_publisher","msg":"published 1 candles to bybit:INTC/USDT:1h"}
{"ts":"2026-07-24 19:48:44,995","level":"INFO","logger":"app.data_engine.redis_publisher","msg":"published 1 candles to bybit:AERGO/USDT:1h"}
2026-07-24 19:49:19.827 | INFO     | app.data.ohlcv_fetcher:fetch:62 - OHLCV fetched: BTC/USDT 1h 200 candles
2026-07-24 19:49:20.175 | INFO     | app.data.ohlcv_fetcher:fetch:62 - OHLCV fetched: BTC/USDT 4h 60 candles
{"ts":"2026-07-24 19:49:22,401","level":"INFO","logger":"app.data_engine.redis_publisher","msg":"published 1 candles to bybit:AEHR/USDT:1h"}
{"ts":"2026-07-24 19:49:27,808","level":"INFO","logger":"app.data_engine.redis_publisher","msg":"published 1 candles to bybit:INTW/USDT:1h"}
{"ts":"2026-07-24 19:49:28,096","level":"INFO","logger":"app.data_engine.redis_publisher","msg":"published 1 candles to bybit:CBRS/USDT:1h"}
{"ts":"2026-07-24 19:49:28,393","level":"INFO","logger":"app.data_engine.redis_publisher","msg":"published 1 candles to bybit:SOXS/USDT:1h"}
{"ts":"2026-07-24 19:49:28,723","level":"INFO","logger":"app.data_engine.redis_publisher","msg":"published 1 candles to bybit:BEAT/USDT:1h"}
{"ts":"2026-07-24 19:49:29,013","level":"INFO","logger":"app.data_engine.redis_publisher","msg":"published 1 candles to bybit:STX/USDT:1h"}
{"ts":"2026-07-24 19:49:29,353","level":"INFO","logger":"app.data_engine.redis_publisher","msg":"published 1 candles to bybit:MUU/USDT:1h"}
{"ts":"2026-07-24 19:49:29,446","level":"INFO","logger":"app.data_engine.redis_publisher","msg":"published 1 candles to bybit:KAITO/USDT:1h"}
{"ts":"2026-07-24 19:49:33,887","level":"INFO","logger":"app.data_engine.redis_publisher","msg":"published 1 candles to bybit:HEMI/USDT:1h"}
{"ts":"2026-07-24 19:49:34,475","level":"INFO","logger":"app.data_engine.redis_publisher","msg":"published 1 candles to bybit:ORDER/USDT:1h"}
{"ts":"2026-07-24 19:49:36,018","level":"INFO","logger":"app.data_engine.redis_publisher","msg":"published 1 candles to bybit:RE/USDT:1h"}
{"ts":"2026-07-24 19:49:36,359","level":"INFO","logger":"app.data_engine.redis_publisher","msg":"published 1 candles to bybit:AKE/USDT:1h"}
{"ts":"2026-07-24 19:49:37,088","level":"INFO","logger":"app.data_engine.redis_publisher","msg":"published 1 candles to bybit:B2/USDT:1h"}
{"ts":"2026-07-24 19:49:37,492","level":"INFO","logger":"app.data_engine.redis_publisher","msg":"published 1 candles to bybit:DEXE/USDT:1h"}
{"ts":"2026-07-24 19:49:37,986","level":"INFO","logger":"app.data_engine.redis_publisher","msg":"published 1 candles to bybit:TOWNS/USDT:1h"}
{"ts":"2026-07-24 19:49:38,604","level":"INFO","logger":"app.data_engine.redis_publisher","msg":"published 1 candles to bybit:CAP/USDT:1h"}
{"ts":"2026-07-24 19:49:39,063","level":"INFO","logger":"app.data_engine.redis_publisher","msg":"published 1 candles to bybit:ESPORTS/USDT:1h"}
{"ts":"2026-07-24 19:49:39,330","level":"INFO","logger":"app.data_engine.redis_publisher","msg":"published 1 candles to bybit:APR/USDT:1h"}
{"ts":"2026-07-24 19:49:39,628","level":"INFO","logger":"app.data_engine.redis_publisher","msg":"published 1 candles to bybit:GWEI/USDT:1h"}
{"ts":"2026-07-24 19:49:39,994","level":"INFO","logger":"app.data_engine.redis_publisher","msg":"published 1 candles to bybit:BEAM/USDT:1h"}
{"ts":"2026-07-24 19:49:40,201","level":"INFO","logger":"app.data_engine.redis_publisher","msg":"published 1 candles to bybit:SNXX/USDT:1h"}
{"ts":"2026-07-24 19:49:40,522","level":"INFO","logger":"app.data_engine.redis_publisher","msg":"published 1 candles to bybit:SOXL/USDT:1h"}
{"ts":"2026-07-24 19:49:41,032","level":"INFO","logger":"app.data_engine.redis_publisher","msg":"published 1 candles to bybit:SOL/USDT:1h"}
{"ts":"2026-07-24 19:49:41,366","level":"INFO","logger":"app.data_engine.redis_publisher","msg":"published 1 candles to bybit:PLAYSOUT/USDT:1h"}
{"ts":"2026-07-24 19:49:41,707","level":"INFO","logger":"app.data_engine.redis_publisher","msg":"published 1 candles to bybit:MU/USDT:1h"}
{"ts":"2026-07-24 19:49:42,121","level":"INFO","logger":"app.data_engine.redis_publisher","msg":"published 1 candles to bybit:XRP/USDT:1h"}
{"ts":"2026-07-24 19:49:42,192","level":"INFO","logger":"app.data_engine.redis_publisher","msg":"published 1 candles to bybit:ACE/USDT:1h"}
{"ts":"2026-07-24 19:49:42,328","level":"INFO","logger":"app.data_engine.redis_publisher","msg":"published 1 candles to bybit:BTC/USDT:1h"}
{"ts":"2026-07-24 19:49:42,450","level":"INFO","logger":"app.data_engine.redis_publisher","msg":"published 1 candles to bybit:KORU/USDT:1h"}
{"ts":"2026-07-24 19:49:42,641","level":"INFO","logger":"app.data_engine.redis_publisher","msg":"published 1 candles to bybit:HYPE/USDT:1h"}
{"ts":"2026-07-24 19:49:42,877","level":"INFO","logger":"app.data_engine.redis_publisher","msg":"published 1 candles to bybit:ETH/USDT:1h"}
{"ts":"2026-07-24 19:49:43,236","level":"INFO","logger":"app.data_engine.redis_publisher","msg":"published 1 candles to bybit:SNDK/USDT:1h"}
{"ts":"2026-07-24 19:49:43,336","level":"INFO","logger":"app.data_engine.redis_publisher","msg":"published 1 candles to bybit:BANK/USDT:1h"}
{"ts":"2026-07-24 19:49:43,543","level":"INFO","logger":"app.data_engine.redis_publisher","msg":"published 1 candles to bybit:SKHYNIX/USDT:1h"}
{"ts":"2026-07-24 19:49:43,643","level":"INFO","logger":"app.data_engine.redis_publisher","msg":"published 1 candles to bybit:SKHY/USDT:1h"}
{"ts":"2026-07-24 19:49:44,109","level":"INFO","logger":"app.data_engine.redis_publisher","msg":"published 1 candles to bybit:NEAR/USDT:1h"}
{"ts":"2026-07-24 19:49:44,218","level":"INFO","logger":"app.data_engine.redis_publisher","msg":"published 1 candles to bybit:VELVET/USDT:1h"}
{"ts":"2026-07-24 19:49:44,522","level":"INFO","logger":"app.data_engine.redis_publisher","msg":"published 1 candles to bybit:CL/USDT:1h"}
{"ts":"2026-07-24 19:49:44,633","level":"INFO","logger":"app.data_engine.redis_publisher","msg":"published 1 candles to bybit:INTC/USDT:1h"}
{"ts":"2026-07-24 19:49:45,320","level":"INFO","logger":"app.data_engine.redis_publisher","msg":"published 1 candles to bybit:AERGO/USDT:1h"}
{"ts":"2026-07-24 19:50:23,354","level":"INFO","logger":"app.data_engine.redis_publisher","msg":"published 1 candles to bybit:AEHR/USDT:1h"}
{"ts":"2026-07-24 19:50:28,148","level":"INFO","logger":"app.data_engine.redis_publisher","msg":"published 1 candles to bybit:INTW/USDT:1h"}
{"ts":"2026-07-24 19:50:28,418","level":"INFO","logger":"app.data_engine.redis_publisher","msg":"published 1 candles to bybit:CBRS/USDT:1h"}
{"ts":"2026-07-24 19:50:28,740","level":"INFO","logger":"app.data_engine.redis_publisher","msg":"published 1 candles to bybit:SOXS/USDT:1h"}
{"ts":"2026-07-24 19:50:29,050","level":"INFO","logger":"app.data_engine.redis_publisher","msg":"published 1 candles to bybit:BEAT/USDT:1h"}
{"ts":"2026-07-24 19:50:29,338","level":"INFO","logger":"app.data_engine.redis_publisher","msg":"published 1 candles to bybit:STX/USDT:1h"}
{"ts":"2026-07-24 19:50:29,679","level":"INFO","logger":"app.data_engine.redis_publisher","msg":"published 1 candles to bybit:MUU/USDT:1h"}
{"ts":"2026-07-24 19:50:30,025","level":"INFO","logger":"app.data_engine.redis_publisher","msg":"published 1 candles to bybit:KAITO/USDT:1h"}
{"ts":"2026-07-24 19:50:34,209","level":"INFO","logger":"app.data_engine.redis_publisher","msg":"published 1 candles to bybit:HEMI/USDT:1h"}
{"ts":"2026-07-24 19:50:34,786","level":"INFO","logger":"app.data_engine.redis_publisher","msg":"published 1 candles to bybit:ORDER/USDT:1h"}
{"ts":"2026-07-24 19:50:36,348","level":"INFO","logger":"app.data_engine.redis_publisher","msg":"published 1 candles to bybit:RE/USDT:1h"}
{"ts":"2026-07-24 19:50:36,674","level":"INFO","logger":"app.data_engine.redis_publisher","msg":"published 1 candles to bybit:AKE/USDT:1h"}
{"ts":"2026-07-24 19:50:37,415","level":"INFO","logger":"app.data_engine.redis_publisher","msg":"published 1 candles to bybit:B2/USDT:1h"}
{"ts":"2026-07-24 19:50:37,806","level":"INFO","logger":"app.data_engine.redis_publisher","msg":"published 1 candles to bybit:DEXE/USDT:1h"}
{"ts":"2026-07-24 19:50:38,308","level":"INFO","logger":"app.data_engine.redis_publisher","msg":"published 1 candles to bybit:TOWNS/USDT:1h"}
{"ts":"2026-07-24 19:50:38,935","level":"INFO","logger":"app.data_engine.redis_publisher","msg":"published 1 candles to bybit:CAP/USDT:1h"}
{"ts":"2026-07-24 19:50:39,376","level":"INFO","logger":"app.data_engine.redis_publisher","msg":"published 1 candles to bybit:ESPORTS/USDT:1h"}
{"ts":"2026-07-24 19:50:39,640","level":"INFO","logger":"app.data_engine.redis_publisher","msg":"published 1 candles to bybit:APR/USDT:1h"}
{"ts":"2026-07-24 19:50:39,946","level":"INFO","logger":"app.data_engine.redis_publisher","msg":"published 1 candles to bybit:GWEI/USDT:1h"}
{"ts":"2026-07-24 19:50:40,309","level":"INFO","logger":"app.data_engine.redis_publisher","msg":"published 1 candles to bybit:BEAM/USDT:1h"}
{"ts":"2026-07-24 19:50:40,518","level":"INFO","logger":"app.data_engine.redis_publisher","msg":"published 1 candles to bybit:SNXX/USDT:1h"}
{"ts":"2026-07-24 19:50:40,841","level":"INFO","logger":"app.data_engine.redis_publisher","msg":"published 1 candles to bybit:SOXL/USDT:1h"}
{"ts":"2026-07-24 19:50:41,347","level":"INFO","logger":"app.data_engine.redis_publisher","msg":"published 1 candles to bybit:SOL/USDT:1h"}
{"ts":"2026-07-24 19:50:41,684","level":"INFO","logger":"app.data_engine.redis_publisher","msg":"published 1 candles to bybit:PLAYSOUT/USDT:1h"}
{"ts":"2026-07-24 19:50:42,017","level":"INFO","logger":"app.data_engine.redis_publisher","msg":"published 1 candles to bybit:MU/USDT:1h"}
{"ts":"2026-07-24 19:50:42,438","level":"INFO","logger":"app.data_engine.redis_publisher","msg":"published 1 candles to bybit:XRP/USDT:1h"}
{"ts":"2026-07-24 19:50:42,544","level":"INFO","logger":"app.data_engine.redis_publisher","msg":"published 1 candles to bybit:ACE/USDT:1h"}
{"ts":"2026-07-24 19:50:42,772","level":"INFO","logger":"app.data_engine.redis_publisher","msg":"published 1 candles to bybit:KORU/USDT:1h"}
{"ts":"2026-07-24 19:50:42,910","level":"INFO","logger":"app.data_engine.redis_publisher","msg":"published 1 candles to bybit:BTC/USDT:1h"}
{"ts":"2026-07-24 19:50:42,949","level":"INFO","logger":"app.data_engine.redis_publisher","msg":"published 1 candles to bybit:HYPE/USDT:1h"}
{"ts":"2026-07-24 19:50:43,202","level":"INFO","logger":"app.data_engine.redis_publisher","msg":"published 1 candles to bybit:ETH/USDT:1h"}
{"ts":"2026-07-24 19:50:43,553","level":"INFO","logger":"app.data_engine.redis_publisher","msg":"published 1 candles to bybit:SNDK/USDT:1h"}
{"ts":"2026-07-24 19:50:43,661","level":"INFO","logger":"app.data_engine.redis_publisher","msg":"published 1 candles to bybit:BANK/USDT:1h"}
{"ts":"2026-07-24 19:50:43,862","level":"INFO","logger":"app.data_engine.redis_publisher","msg":"published 1 candles to bybit:SKHYNIX/USDT:1h"}
{"ts":"2026-07-24 19:50:43,952","level":"INFO","logger":"app.data_engine.redis_publisher","msg":"published 1 candles to bybit:SKHY/USDT:1h"}
{"ts":"2026-07-24 19:50:44,419","level":"INFO","logger":"app.data_engine.redis_publisher","msg":"published 1 candles to bybit:NEAR/USDT:1h"}
{"ts":"2026-07-24 19:50:44,530","level":"INFO","logger":"app.data_engine.redis_publisher","msg":"published 1 candles to bybit:VELVET/USDT:1h"}
{"ts":"2026-07-24 19:50:44,857","level":"INFO","logger":"app.data_engine.redis_publisher","msg":"published 1 candles to bybit:CL/USDT:1h"}
{"ts":"2026-07-24 19:50:44,947","level":"INFO","logger":"app.data_engine.redis_publisher","msg":"published 1 candles to bybit:INTC/USDT:1h"}
{"ts":"2026-07-24 19:50:45,640","level":"INFO","logger":"app.data_engine.redis_publisher","msg":"published 1 candles to bybit:AERGO/USDT:1h"}
{"ts":"2026-07-24 19:51:24,288","level":"INFO","logger":"app.data_engine.redis_publisher","msg":"published 1 candles to bybit:AEHR/USDT:1h"}
{"ts":"2026-07-24 19:51:28,490","level":"INFO","logger":"app.data_engine.redis_publisher","msg":"published 1 candles to bybit:INTW/USDT:1h"}
{"ts":"2026-07-24 19:51:28,728","level":"INFO","logger":"app.data_engine.redis_publisher","msg":"published 1 candles to bybit:CBRS/USDT:1h"}
{"ts":"2026-07-24 19:51:29,107","level":"INFO","logger":"app.data_engine.redis_publisher","msg":"published 1 candles to bybit:SOXS/USDT:1h"}
{"ts":"2026-07-24 19:51:29,382","level":"INFO","logger":"app.data_engine.redis_publisher","msg":"published 1 candles to bybit:BEAT/USDT:1h"}
{"ts":"2026-07-24 19:51:29,671","level":"INFO","logger":"app.data_engine.redis_publisher","msg":"published 1 candles to bybit:STX/USDT:1h"}
{"ts":"2026-07-24 19:51:30,038","level":"INFO","logger":"app.data_engine.redis_publisher","msg":"published 1 candles to bybit:MUU/USDT:1h"}
{"ts":"2026-07-24 19:51:30,450","level":"INFO","logger":"app.data_engine.redis_publisher","msg":"published 1 candles to bybit:KAITO/USDT:1h"}
{"ts":"2026-07-24 19:51:34,527","level":"INFO","logger":"app.data_engine.redis_publisher","msg":"published 1 candles to bybit:HEMI/USDT:1h"}
{"ts":"2026-07-24 19:51:35,108","level":"INFO","logger":"app.data_engine.redis_publisher","msg":"published 1 candles to bybit:ORDER/USDT:1h"}
{"ts":"2026-07-24 19:51:36,667","level":"INFO","logger":"app.data_engine.redis_publisher","msg":"published 1 candles to bybit:RE/USDT:1h"}
{"ts":"2026-07-24 19:51:36,993","level":"INFO","logger":"app.data_engine.redis_publisher","msg":"published 1 candles to bybit:AKE/USDT:1h"}
{"ts":"2026-07-24 19:51:37,730","level":"INFO","logger":"app.data_engine.redis_publisher","msg":"published 1 candles to bybit:B2/USDT:1h"}
{"ts":"2026-07-24 19:51:38,124","level":"INFO","logger":"app.data_engine.redis_publisher","msg":"published 1 candles to bybit:DEXE/USDT:1h"}
{"ts":"2026-07-24 19:51:38,633","level":"INFO","logger":"app.data_engine.redis_publisher","msg":"published 1 candles to bybit:TOWNS/USDT:1h"}
{"ts":"2026-07-24 19:51:39,251","level":"INFO","logger":"app.data_engine.redis_publisher","msg":"published 1 candles to bybit:CAP/USDT:1h"}
{"ts":"2026-07-24 19:51:39,685","level":"INFO","logger":"app.data_engine.redis_publisher","msg":"published 1 candles to bybit:ESPORTS/USDT:1h"}
{"ts":"2026-07-24 19:51:39,952","level":"INFO","logger":"app.data_engine.redis_publisher","msg":"published 1 candles to bybit:APR/USDT:1h"}
{"ts":"2026-07-24 19:51:40,259","level":"INFO","logger":"app.data_engine.redis_publisher","msg":"published 1 candles to bybit:GWEI/USDT:1h"}
{"ts":"2026-07-24 19:51:40,626","level":"INFO","logger":"app.data_engine.redis_publisher","msg":"published 1 candles to bybit:BEAM/USDT:1h"}
{"ts":"2026-07-24 19:51:41,065","level":"INFO","logger":"app.data_engine.redis_publisher","msg":"published 1 candles to bybit:SNXX/USDT:1h"}
{"ts":"2026-07-24 19:51:41,157","level":"INFO","logger":"app.data_engine.redis_publisher","msg":"published 1 candles to bybit:SOXL/USDT:1h"}
{"ts":"2026-07-24 19:51:41,663","level":"INFO","logger":"app.data_engine.redis_publisher","msg":"published 1 candles to bybit:SOL/USDT:1h"}
{"ts":"2026-07-24 19:51:42,003","level":"INFO","logger":"app.data_engine.redis_publisher","msg":"published 1 candles to bybit:PLAYSOUT/USDT:1h"}
{"ts":"2026-07-24 19:51:42,326","level":"INFO","logger":"app.data_engine.redis_publisher","msg":"published 1 candles to bybit:MU/USDT:1h"}
{"ts":"2026-07-24 19:51:42,753","level":"INFO","logger":"app.data_engine.redis_publisher","msg":"published 1 candles to bybit:XRP/USDT:1h"}
{"ts":"2026-07-24 19:51:42,908","level":"INFO","logger":"app.data_engine.redis_publisher","msg":"published 1 candles to bybit:ACE/USDT:1h"}
{"ts":"2026-07-24 19:51:43,092","level":"INFO","logger":"app.data_engine.redis_publisher","msg":"published 1 candles to bybit:KORU/USDT:1h"}
{"ts":"2026-07-24 19:51:43,245","level":"INFO","logger":"app.data_engine.redis_publisher","msg":"published 1 candles to bybit:BTC/USDT:1h"}
{"ts":"2026-07-24 19:51:43,336","level":"INFO","logger":"app.data_engine.redis_publisher","msg":"published 1 candles to bybit:HYPE/USDT:1h"}
{"ts":"2026-07-24 19:51:43,523","level":"INFO","logger":"app.data_engine.redis_publisher","msg":"published 1 candles to bybit:ETH/USDT:1h"}
{"ts":"2026-07-24 19:51:43,867","level":"INFO","logger":"app.data_engine.redis_publisher","msg":"published 1 candles to bybit:SNDK/USDT:1h"}
{"ts":"2026-07-24 19:51:43,976","level":"INFO","logger":"app.data_engine.redis_publisher","msg":"published 1 candles to bybit:BANK/USDT:1h"}
{"ts":"2026-07-24 19:51:44,175","level":"INFO","logger":"app.data_engine.redis_publisher","msg":"published 1 candles to bybit:SKHYNIX/USDT:1h"}
{"ts":"2026-07-24 19:51:44,275","level":"INFO","logger":"app.data_engine.redis_publisher","msg":"published 1 candles to bybit:SKHY/USDT:1h"}
{"ts":"2026-07-24 19:51:44,729","level":"INFO","logger":"app.data_engine.redis_publisher","msg":"published 1 candles to bybit:NEAR/USDT:1h"}
{"ts":"2026-07-24 19:51:44,837","level":"INFO","logger":"app.data_engine.redis_publisher","msg":"published 1 candles to bybit:VELVET/USDT:1h"}
{"ts":"2026-07-24 19:51:45,176","level":"INFO","logger":"app.data_engine.redis_publisher","msg":"published 1 candles to bybit:CL/USDT:1h"}
{"ts":"2026-07-24 19:51:45,277","level":"INFO","logger":"app.data_engine.redis_publisher","msg":"published 1 candles to bybit:INTC/USDT:1h"}
{"ts":"2026-07-24 19:51:45,963","level":"INFO","logger":"app.data_engine.redis_publisher","msg":"published 1 candles to bybit:AERGO/USDT:1h"}
{"ts":"2026-07-24 19:52:24,864","level":"INFO","logger":"app.data_engine.redis_publisher","msg":"published 1 candles to bybit:AEHR/USDT:1h"}
{"ts":"2026-07-24 19:52:28,817","level":"INFO","logger":"app.data_engine.redis_publisher","msg":"published 1 candles to bybit:INTW/USDT:1h"}
{"ts":"2026-07-24 19:52:29,065","level":"INFO","logger":"app.data_engine.redis_publisher","msg":"published 1 candles to bybit:CBRS/USDT:1h"}
{"ts":"2026-07-24 19:52:29,447","level":"INFO","logger":"app.data_engine.redis_publisher","msg":"published 1 candles to bybit:SOXS/USDT:1h"}
{"ts":"2026-07-24 19:52:29,704","level":"INFO","logger":"app.data_engine.redis_publisher","msg":"published 1 candles to bybit:BEAT/USDT:1h"}
{"ts":"2026-07-24 19:52:29,991","level":"INFO","logger":"app.data_engine.redis_publisher","msg":"published 1 candles to bybit:STX/USDT:1h"}
{"ts":"2026-07-24 19:52:30,398","level":"INFO","logger":"app.data_engine.redis_publisher","msg":"published 1 candles to bybit:MUU/USDT:1h"}
{"ts":"2026-07-24 19:52:30,849","level":"INFO","logger":"app.data_engine.redis_publisher","msg":"published 1 candles to bybit:KAITO/USDT:1h"}
{"ts":"2026-07-24 19:52:34,864","level":"INFO","logger":"app.data_engine.redis_publisher","msg":"published 1 candles to bybit:HEMI/USDT:1h"}
{"ts":"2026-07-24 19:52:35,429","level":"INFO","logger":"app.data_engine.redis_publisher","msg":"published 1 candles to bybit:ORDER/USDT:1h"}
{"ts":"2026-07-24 19:52:37,004","level":"INFO","logger":"app.data_engine.redis_publisher","msg":"published 1 candles to bybit:RE/USDT:1h"}
{"ts":"2026-07-24 19:52:37,328","level":"INFO","logger":"app.data_engine.redis_publisher","msg":"published 1 candles to bybit:AKE/USDT:1h"}
{"ts":"2026-07-24 19:52:38,053","level":"INFO","logger":"app.data_engine.redis_publisher","msg":"published 1 candles to bybit:B2/USDT:1h"}
{"ts":"2026-07-24 19:52:38,450","level":"INFO","logger":"app.data_engine.redis_publisher","msg":"published 1 candles to bybit:DEXE/USDT:1h"}
{"ts":"2026-07-24 19:52:38,957","level":"INFO","logger":"app.data_engine.redis_publisher","msg":"published 1 candles to bybit:TOWNS/USDT:1h"}
{"ts":"2026-07-24 19:52:39,589","level":"INFO","logger":"app.data_engine.redis_publisher","msg":"published 1 candles to bybit:CAP/USDT:1h"}
{"ts":"2026-07-24 19:52:40,008","level":"INFO","logger":"app.data_engine.redis_publisher","msg":"published 1 candles to bybit:ESPORTS/USDT:1h"}
{"ts":"2026-07-24 19:52:40,295","level":"INFO","logger":"app.data_engine.redis_publisher","msg":"published 1 candles to bybit:APR/USDT:1h"}
{"ts":"2026-07-24 19:52:40,586","level":"INFO","logger":"app.data_engine.redis_publisher","msg":"published 1 candles to bybit:GWEI/USDT:1h"}
{"ts":"2026-07-24 19:52:40,946","level":"INFO","logger":"app.data_engine.redis_publisher","msg":"published 1 candles to bybit:BEAM/USDT:1h"}
{"ts":"2026-07-24 19:52:41,411","level":"INFO","logger":"app.data_engine.redis_publisher","msg":"published 1 candles to bybit:SNXX/USDT:1h"}
{"ts":"2026-07-24 19:52:41,786","level":"INFO","logger":"app.data_engine.redis_publisher","msg":"published 1 candles to bybit:SOXL/USDT:1h"}
{"ts":"2026-07-24 19:52:41,995","level":"INFO","logger":"app.data_engine.redis_publisher","msg":"published 1 candles to bybit:SOL/USDT:1h"}
{"ts":"2026-07-24 19:52:42,319","level":"INFO","logger":"app.data_engine.redis_publisher","msg":"published 1 candles to bybit:PLAYSOUT/USDT:1h"}
{"ts":"2026-07-24 19:52:42,658","level":"INFO","logger":"app.data_engine.redis_publisher","msg":"published 1 candles to bybit:MU/USDT:1h"}
{"ts":"2026-07-24 19:52:43,106","level":"INFO","logger":"app.data_engine.redis_publisher","msg":"published 1 candles to bybit:XRP/USDT:1h"}
{"ts":"2026-07-24 19:52:43,242","level":"INFO","logger":"app.data_engine.redis_publisher","msg":"published 1 candles to bybit:ACE/USDT:1h"}
{"ts":"2026-07-24 19:52:43,440","level":"INFO","logger":"app.data_engine.redis_publisher","msg":"published 1 candles to bybit:KORU/USDT:1h"}
{"ts":"2026-07-24 19:52:43,571","level":"INFO","logger":"app.data_engine.redis_publisher","msg":"published 1 candles to bybit:BTC/USDT:1h"}
{"ts":"2026-07-24 19:52:43,679","level":"INFO","logger":"app.data_engine.redis_publisher","msg":"published 1 candles to bybit:HYPE/USDT:1h"}
{"ts":"2026-07-24 19:52:43,845","level":"INFO","logger":"app.data_engine.redis_publisher","msg":"published 1 candles to bybit:ETH/USDT:1h"}
{"ts":"2026-07-24 19:52:44,207","level":"INFO","logger":"app.data_engine.redis_publisher","msg":"published 1 candles to bybit:SNDK/USDT:1h"}
{"ts":"2026-07-24 19:52:44,311","level":"INFO","logger":"app.data_engine.redis_publisher","msg":"published 1 candles to bybit:BANK/USDT:1h"}
{"ts":"2026-07-24 19:52:44,512","level":"INFO","logger":"app.data_engine.redis_publisher","msg":"published 1 candles to bybit:SKHYNIX/USDT:1h"}
{"ts":"2026-07-24 19:52:44,640","level":"INFO","logger":"app.data_engine.redis_publisher","msg":"published 1 candles to bybit:SKHY/USDT:1h"}
{"ts":"2026-07-24 19:52:45,050","level":"INFO","logger":"app.data_engine.redis_publisher","msg":"published 1 candles to bybit:NEAR/USDT:1h"}
{"ts":"2026-07-24 19:52:45,167","level":"INFO","logger":"app.data_engine.redis_publisher","msg":"published 1 candles to bybit:VELVET/USDT:1h"}
{"ts":"2026-07-24 19:52:45,500","level":"INFO","logger":"app.data_engine.redis_publisher","msg":"published 1 candles to bybit:CL/USDT:1h"}
{"ts":"2026-07-24 19:52:45,670","level":"INFO","logger":"app.data_engine.redis_publisher","msg":"published 1 candles to bybit:INTC/USDT:1h"}
{"ts":"2026-07-24 19:52:46,288","level":"INFO","logger":"app.data_engine.redis_publisher","msg":"published 1 candles to bybit:AERGO/USDT:1h"}
{"ts":"2026-07-24 19:53:25,509","level":"INFO","logger":"app.data_engine.redis_publisher","msg":"published 1 candles to bybit:AEHR/USDT:1h"}
{"ts":"2026-07-24 19:53:30,364","level":"INFO","logger":"app.data_engine.redis_publisher","msg":"published 1 candles to bybit:INTW/USDT:1h"}
{"ts":"2026-07-24 19:53:30,873","level":"INFO","logger":"app.data_engine.redis_publisher","msg":"published 1 candles to bybit:SOXS/USDT:1h"}
{"ts":"2026-07-24 19:53:32,144","level":"INFO","logger":"app.data_engine.redis_publisher","msg":"published 1 candles to bybit:CBRS/USDT:1h"}
{"ts":"2026-07-24 19:53:32,187","level":"INFO","logger":"app.data_engine.redis_publisher","msg":"published 1 candles to bybit:STX/USDT:1h"}
{"ts":"2026-07-24 19:53:32,479","level":"INFO","logger":"app.data_engine.redis_publisher","msg":"published 1 candles to bybit:KAITO/USDT:1h"}
{"ts":"2026-07-24 19:53:32,666","level":"INFO","logger":"app.data_engine.redis_publisher","msg":"published 1 candles to bybit:BEAT/USDT:1h"}
{"ts":"2026-07-24 19:53:32,794","level":"INFO","logger":"app.data_engine.redis_publisher","msg":"published 1 candles to bybit:MUU/USDT:1h"}
{"ts":"2026-07-24 19:53:35,180","level":"INFO","logger":"app.data_engine.redis_publisher","msg":"published 1 candles to bybit:HEMI/USDT:1h"}
{"ts":"2026-07-24 19:53:35,754","level":"INFO","logger":"app.data_engine.redis_publisher","msg":"published 1 candles to bybit:ORDER/USDT:1h"}
{"ts":"2026-07-24 19:53:37,327","level":"INFO","logger":"app.data_engine.redis_publisher","msg":"published 1 candles to bybit:RE/USDT:1h"}
{"ts":"2026-07-24 19:53:37,653","level":"INFO","logger":"app.data_engine.redis_publisher","msg":"published 1 candles to bybit:AKE/USDT:1h"}
{"ts":"2026-07-24 19:53:38,375","level":"INFO","logger":"app.data_engine.redis_publisher","msg":"published 1 candles to bybit:B2/USDT:1h"}
{"ts":"2026-07-24 19:53:38,801","level":"INFO","logger":"app.data_engine.redis_publisher","msg":"published 1 candles to bybit:DEXE/USDT:1h"}
{"ts":"2026-07-24 19:53:39,278","level":"INFO","logger":"app.data_engine.redis_publisher","msg":"published 1 candles to bybit:TOWNS/USDT:1h"}
{"ts":"2026-07-24 19:53:39,921","level":"INFO","logger":"app.data_engine.redis_publisher","msg":"published 1 candles to bybit:CAP/USDT:1h"}
{"ts":"2026-07-24 19:53:40,378","level":"INFO","logger":"app.data_engine.redis_publisher","msg":"published 1 candles to bybit:ESPORTS/USDT:1h"}
{"ts":"2026-07-24 19:53:40,628","level":"INFO","logger":"app.data_engine.redis_publisher","msg":"published 1 candles to bybit:APR/USDT:1h"}
{"ts":"2026-07-24 19:53:40,915","level":"INFO","logger":"app.data_engine.redis_publisher","msg":"published 1 candles to bybit:GWEI/USDT:1h"}
{"ts":"2026-07-24 19:53:41,269","level":"INFO","logger":"app.data_engine.redis_publisher","msg":"published 1 candles to bybit:BEAM/USDT:1h"}
{"ts":"2026-07-24 19:53:41,734","level":"INFO","logger":"app.data_engine.redis_publisher","msg":"published 1 candles to bybit:SNXX/USDT:1h"}
{"ts":"2026-07-24 19:53:42,130","level":"INFO","logger":"app.data_engine.redis_publisher","msg":"published 1 candles to bybit:SOXL/USDT:1h"}
{"ts":"2026-07-24 19:53:42,327","level":"INFO","logger":"app.data_engine.redis_publisher","msg":"published 1 candles to bybit:SOL/USDT:1h"}
{"ts":"2026-07-24 19:53:42,656","level":"INFO","logger":"app.data_engine.redis_publisher","msg":"published 1 candles to bybit:PLAYSOUT/USDT:1h"}
{"ts":"2026-07-24 19:53:42,985","level":"INFO","logger":"app.data_engine.redis_publisher","msg":"published 1 candles to bybit:MU/USDT:1h"}
{"ts":"2026-07-24 19:53:43,553","level":"INFO","logger":"app.data_engine.redis_publisher","msg":"published 1 candles to bybit:XRP/USDT:1h"}
{"ts":"2026-07-24 19:53:45,759","level":"INFO","logger":"app.data_engine.redis_publisher","msg":"published 1 candles to bybit:ACE/USDT:1h"}
{"ts":"2026-07-24 19:53:52,644","level":"INFO","logger":"app.data_engine.redis_publisher","msg":"published 1 candles to bybit:KORU/USDT:1h"}
{"ts":"2026-07-24 19:53:53,299","level":"INFO","logger":"app.data_engine.redis_publisher","msg":"published 1 candles to bybit:BTC/USDT:1h"}
{"ts":"2026-07-24 19:53:54,218","level":"INFO","logger":"app.data_engine.redis_publisher","msg":"published 1 candles to bybit:HYPE/USDT:1h"}
{"ts":"2026-07-24 19:53:54,347","level":"INFO","logger":"app.data_engine.redis_publisher","msg":"published 1 candles to bybit:ETH/USDT:1h"}
{"ts":"2026-07-24 19:53:54,519","level":"INFO","logger":"app.data_engine.redis_publisher","msg":"published 1 candles to bybit:SNDK/USDT:1h"}
{"ts":"2026-07-24 19:53:54,763","level":"INFO","logger":"app.data_engine.redis_publisher","msg":"published 1 candles to bybit:BANK/USDT:1h"}
{"ts":"2026-07-24 19:53:55,064","level":"INFO","logger":"app.data_engine.redis_publisher","msg":"published 1 candles to bybit:SKHYNIX/USDT:1h"}
{"ts":"2026-07-24 19:53:55,163","level":"INFO","logger":"app.data_engine.redis_publisher","msg":"published 1 candles to bybit:SKHY/USDT:1h"}
{"ts":"2026-07-24 19:53:55,207","level":"INFO","logger":"app.data_engine.redis_publisher","msg":"published 1 candles to bybit:NEAR/USDT:1h"}
{"ts":"2026-07-24 19:53:56,789","level":"INFO","logger":"app.data_engine.redis_publisher","msg":"published 1 candles to bybit:VELVET/USDT:1h"}
{"ts":"2026-07-24 19:53:58,124","level":"INFO","logger":"app.data_engine.redis_publisher","msg":"published 1 candles to bybit:CL/USDT:1h"}
{"ts":"2026-07-24 19:53:58,448","level":"INFO","logger":"app.data_engine.redis_publisher","msg":"published 1 candles to bybit:INTC/USDT:1h"}
{"ts":"2026-07-24 19:53:58,545","level":"INFO","logger":"app.data_engine.redis_publisher","msg":"published 1 candles to bybit:AERGO/USDT:1h"}
2026-07-24 19:54:10.463 | INFO     | app.data.universe_scanner:refresh:176 - UniverseScanner: %d candidates above $%.0f volume
2026-07-24 19:54:11.562 | DEBUG    | app.data.universe_scanner:refresh:188 - UniverseScanner: ATR failed for SOXL/USDT
2026-07-24 19:54:11.562 | DEBUG    | app.data.universe_scanner:refresh:188 - UniverseScanner: ATR failed for AKE/USDT
2026-07-24 19:54:11.924 | DEBUG    | app.data.universe_scanner:refresh:188 - UniverseScanner: ATR failed for DEXE/USDT
2026-07-24 19:54:12.287 | DEBUG    | app.data.universe_scanner:refresh:188 - UniverseScanner: ATR failed for BANK/USDT
2026-07-24 19:54:12.288 | DEBUG    | app.data.universe_scanner:refresh:188 - UniverseScanner: ATR failed for SNDK/USDT
2026-07-24 19:54:12.652 | DEBUG    | app.data.universe_scanner:refresh:188 - UniverseScanner: ATR failed for XAU/USDT
2026-07-24 19:54:12.652 | DEBUG    | app.data.universe_scanner:refresh:188 - UniverseScanner: ATR failed for CL/USDT
2026-07-24 19:54:12.652 | DEBUG    | app.data.universe_scanner:refresh:188 - UniverseScanner: ATR failed for MU/USDT
2026-07-24 19:54:12.652 | DEBUG    | app.data.universe_scanner:refresh:188 - UniverseScanner: ATR failed for ZEC/USDT
2026-07-24 19:54:12.652 | DEBUG    | app.data.universe_scanner:refresh:188 - UniverseScanner: ATR failed for ESPORTS/USDT
2026-07-24 19:54:13.007 | DEBUG    | app.data.universe_scanner:refresh:188 - UniverseScanner: ATR failed for SKHYNIX/USDT
2026-07-24 19:54:13.007 | DEBUG    | app.data.universe_scanner:refresh:188 - UniverseScanner: ATR failed for SPCX/USDT
2026-07-24 19:54:13.369 | DEBUG    | app.data.universe_scanner:refresh:188 - UniverseScanner: ATR failed for INTC/USDT
2026-07-24 19:54:13.369 | DEBUG    | app.data.universe_scanner:refresh:188 - UniverseScanner: ATR failed for SKHY/USDT
2026-07-24 19:54:14.099 | DEBUG    | app.data.universe_scanner:refresh:188 - UniverseScanner: ATR failed for RE/USDT
2026-07-24 19:54:14.466 | DEBUG    | app.data.universe_scanner:refresh:188 - UniverseScanner: ATR failed for 1000PEPE/USDT
2026-07-24 19:54:14.466 | DEBUG    | app.data.universe_scanner:refresh:188 - UniverseScanner: ATR failed for BEAT/USDT
2026-07-24 19:54:14.466 | DEBUG    | app.data.universe_scanner:refresh:188 - UniverseScanner: ATR failed for SNXX/USDT
2026-07-24 19:54:14.466 | DEBUG    | app.data.universe_scanner:refresh:188 - UniverseScanner: ATR failed for KORU/USDT
2026-07-24 19:54:14.467 | DEBUG    | app.data.universe_scanner:refresh:188 - UniverseScanner: ATR failed for XAG/USDT
2026-07-24 19:54:15.545 | DEBUG    | app.data.universe_scanner:refresh:188 - UniverseScanner: ATR failed for KAITO/USDT
2026-07-24 19:54:18.836 | DEBUG    | app.data.universe_scanner:refresh:188 - UniverseScanner: ATR failed for CBRS/USDT
2026-07-24 19:54:18.837 | DEBUG    | app.data.universe_scanner:refresh:188 - UniverseScanner: ATR failed for TAO/USDT
2026-07-24 19:54:20.017 | DEBUG    | app.data.universe_scanner:refresh:188 - UniverseScanner: ATR failed for PUMPFUN/USDT
2026-07-24 19:54:22.030 | DEBUG    | app.data.universe_scanner:refresh:188 - UniverseScanner: ATR failed for FARTCOIN/USDT
2026-07-24 19:54:22.545 | DEBUG    | app.data.universe_scanner:refresh:188 - UniverseScanner: ATR failed for INTW/USDT
2026-07-24 19:54:22.894 | DEBUG    | app.data.universe_scanner:refresh:188 - UniverseScanner: ATR failed for EWY/USDT
2026-07-24 19:54:24.199 | DEBUG    | app.data.universe_scanner:refresh:188 - UniverseScanner: ATR failed for DRAM/USDT
2026-07-24 19:54:25.621 | DEBUG    | app.data.universe_scanner:refresh:188 - UniverseScanner: ATR failed for VELVET/USDT
2026-07-24 19:54:25.660 | DEBUG    | app.data.universe_scanner:refresh:188 - UniverseScanner: ATR failed for ALLO/USDT
2026-07-24 19:54:28.805 | DEBUG    | app.data.universe_scanner:refresh:188 - UniverseScanner: ATR failed for TSLA/USDT
{"ts":"2026-07-24 19:54:29,108","level":"INFO","logger":"app.data_engine.redis_publisher","msg":"published 1 candles to bybit:AEHR/USDT:1h"}
2026-07-24 19:54:29.514 | DEBUG    | app.data.universe_scanner:refresh:188 - UniverseScanner: ATR failed for XMR/USDT
2026-07-24 19:54:30.572 | DEBUG    | app.data.universe_scanner:refresh:188 - UniverseScanner: ATR failed for LAB/USDT
2026-07-24 19:54:30.572 | DEBUG    | app.data.universe_scanner:refresh:188 - UniverseScanner: ATR failed for AAL/USDT
{"ts":"2026-07-24 19:54:31,205","level":"INFO","logger":"app.data_engine.redis_publisher","msg":"published 1 candles to bybit:INTW/USDT:1h"}
2026-07-24 19:54:31.804 | DEBUG    | app.data.universe_scanner:refresh:188 - UniverseScanner: ATR failed for US/USDT
2026-07-24 19:54:32.161 | DEBUG    | app.data.universe_scanner:refresh:188 - UniverseScanner: ATR failed for ACE/USDT
2026-07-24 19:54:32.161 | DEBUG    | app.data.universe_scanner:refresh:188 - UniverseScanner: ATR failed for MRVL/USDT
2026-07-24 19:54:32.161 | DEBUG    | app.data.universe_scanner:refresh:188 - UniverseScanner: ATR failed for O/USDT
{"ts":"2026-07-24 19:54:32,450","level":"INFO","logger":"app.data_engine.redis_publisher","msg":"published 1 candles to bybit:SOXS/USDT:1h"}
2026-07-24 19:54:32.510 | DEBUG    | app.data.universe_scanner:refresh:188 - UniverseScanner: ATR failed for GWEI/USDT
{"ts":"2026-07-24 19:54:32,783","level":"INFO","logger":"app.data_engine.redis_publisher","msg":"published 1 candles to bybit:CBRS/USDT:1h"}
2026-07-24 19:54:32.875 | DEBUG    | app.data.universe_scanner:refresh:188 - UniverseScanner: ATR failed for TSEM/USDT
2026-07-24 19:54:32.875 | DEBUG    | app.data.universe_scanner:refresh:188 - UniverseScanner: ATR failed for 1000BONK/USDT
{"ts":"2026-07-24 19:54:33,077","level":"INFO","logger":"app.data_engine.redis_publisher","msg":"published 1 candles to bybit:BEAT/USDT:1h"}
{"ts":"2026-07-24 19:54:33,108","level":"INFO","logger":"app.data_engine.redis_publisher","msg":"published 1 candles to bybit:KAITO/USDT:1h"}
{"ts":"2026-07-24 19:54:33,209","level":"INFO","logger":"app.data_engine.redis_publisher","msg":"published 1 candles to bybit:STX/USDT:1h"}
2026-07-24 19:54:33.234 | DEBUG    | app.data.universe_scanner:refresh:188 - UniverseScanner: ATR failed for NBIS/USDT
2026-07-24 19:54:33.235 | DEBUG    | app.data.universe_scanner:refresh:188 - UniverseScanner: ATR failed for MUU/USDT
{"ts":"2026-07-24 19:54:33,405","level":"INFO","logger":"app.data_engine.redis_publisher","msg":"published 1 candles to bybit:MUU/USDT:1h"}
2026-07-24 19:54:33.591 | DEBUG    | app.data.universe_scanner:refresh:188 - UniverseScanner: ATR failed for PENGSTOCK/USDT
2026-07-24 19:54:33.591 | DEBUG    | app.data.universe_scanner:refresh:188 - UniverseScanner: ATR failed for SOXS/USDT
2026-07-24 19:54:34.307 | DEBUG    | app.data.universe_scanner:refresh:188 - UniverseScanner: ATR failed for GOOGL/USDT
2026-07-24 19:54:34.307 | DEBUG    | app.data.universe_scanner:refresh:188 - UniverseScanner: ATR failed for CRCL/USDT
2026-07-24 19:54:34.666 | DEBUG    | app.data.universe_scanner:refresh:188 - UniverseScanner: ATR failed for AEHR/USDT
2026-07-24 19:54:35.390 | DEBUG    | app.data.universe_scanner:refresh:188 - UniverseScanner: ATR failed for MARA/USDT
2026-07-24 19:54:35.390 | DEBUG    | app.data.universe_scanner:refresh:188 - UniverseScanner: ATR failed for B2/USDT
{"ts":"2026-07-24 19:54:35,554","level":"INFO","logger":"app.data_engine.redis_publisher","msg":"published 1 candles to bybit:HEMI/USDT:1h"}
{"ts":"2026-07-24 19:54:36,075","level":"INFO","logger":"app.data_engine.redis_publisher","msg":"published 1 candles to bybit:ORDER/USDT:1h"}
2026-07-24 19:54:36.128 | DEBUG    | app.data.universe_scanner:refresh:188 - UniverseScanner: ATR failed for GS/USDT
2026-07-24 19:54:36.845 | DEBUG    | app.data.universe_scanner:refresh:188 - UniverseScanner: ATR failed for MSTR/USDT
2026-07-24 19:54:37.566 | DEBUG    | app.data.universe_scanner:refresh:188 - UniverseScanner: ATR failed for RDW/USDT
2026-07-24 19:54:37.566 | DEBUG    | app.data.universe_scanner:refresh:188 - UniverseScanner: ATR failed for AERGO/USDT
2026-07-24 19:54:37.566 | DEBUG    | app.data.universe_scanner:refresh:188 - UniverseScanner: ATR failed for SHIB1000/USDT
2026-07-24 19:54:37.566 | DEBUG    | app.data.universe_scanner:refresh:188 - UniverseScanner: ATR failed for POET/USDT
2026-07-24 19:54:37.566 | DEBUG    | app.data.universe_scanner:refresh:188 - UniverseScanner: ATR failed for EVAA/USDT
2026-07-24 19:54:37.566 | DEBUG    | app.data.universe_scanner:refresh:188 - UniverseScanner: ATR failed for APR/USDT
{"ts":"2026-07-24 19:54:37,647","level":"INFO","logger":"app.data_engine.redis_publisher","msg":"published 1 candles to bybit:RE/USDT:1h"}
{"ts":"2026-07-24 19:54:37,978","level":"INFO","logger":"app.data_engine.redis_publisher","msg":"published 1 candles to bybit:AKE/USDT:1h"}
{"ts":"2026-07-24 19:54:38,698","level":"INFO","logger":"app.data_engine.redis_publisher","msg":"published 1 candles to bybit:B2/USDT:1h"}
2026-07-24 19:54:39.013 | DEBUG    | app.data.universe_scanner:refresh:188 - UniverseScanner: ATR failed for EPIC/USDT
2026-07-24 19:54:39.014 | DEBUG    | app.data.universe_scanner:refresh:188 - UniverseScanner: ATR failed for IONQ/USDT
2026-07-24 19:54:39.014 | DEBUG    | app.data.universe_scanner:refresh:188 - UniverseScanner: ATR failed for AXTI/USDT
{"ts":"2026-07-24 19:54:39,130","level":"INFO","logger":"app.data_engine.redis_publisher","msg":"published 1 candles to bybit:DEXE/USDT:1h"}
{"ts":"2026-07-24 19:54:39,601","level":"INFO","logger":"app.data_engine.redis_publisher","msg":"published 1 candles to bybit:TOWNS/USDT:1h"}
{"ts":"2026-07-24 19:54:40,403","level":"INFO","logger":"app.data_engine.redis_publisher","msg":"published 1 candles to bybit:CAP/USDT:1h"}
{"ts":"2026-07-24 19:54:41,210","level":"INFO","logger":"app.data_engine.redis_publisher","msg":"published 1 candles to bybit:ESPORTS/USDT:1h"}
2026-07-24 19:54:41.249 | DEBUG    | app.data.universe_scanner:refresh:188 - UniverseScanner: ATR failed for XLV/USDT
2026-07-24 19:54:41.250 | DEBUG    | app.data.universe_scanner:refresh:188 - UniverseScanner: ATR failed for SAMSUNG/USDT
{"ts":"2026-07-24 19:54:41,352","level":"INFO","logger":"app.data_engine.redis_publisher","msg":"published 1 candles to bybit:APR/USDT:1h"}
2026-07-24 19:54:41.725 | DEBUG    | app.data.universe_scanner:refresh:188 - UniverseScanner: ATR failed for AAOI/USDT
{"ts":"2026-07-24 19:54:41,734","level":"INFO","logger":"app.data_engine.redis_publisher","msg":"published 1 candles to bybit:GWEI/USDT:1h"}
{"ts":"2026-07-24 19:54:42,196","level":"INFO","logger":"app.data_engine.redis_publisher","msg":"published 1 candles to bybit:BEAM/USDT:1h"}
{"ts":"2026-07-24 19:54:42,594","level":"INFO","logger":"app.data_engine.redis_publisher","msg":"published 1 candles to bybit:SNXX/USDT:1h"}
2026-07-24 19:54:43.084 | DEBUG    | app.data.universe_scanner:refresh:188 - UniverseScanner: ATR failed for AMDSTOCK/USDT
2026-07-24 19:54:43.085 | DEBUG    | app.data.universe_scanner:refresh:188 - UniverseScanner: ATR failed for XLK/USDT
{"ts":"2026-07-24 19:54:43,107","level":"INFO","logger":"app.data_engine.redis_publisher","msg":"published 1 candles to bybit:SOXL/USDT:1h"}
{"ts":"2026-07-24 19:54:43,377","level":"INFO","logger":"app.data_engine.redis_publisher","msg":"published 1 candles to bybit:SOL/USDT:1h"}
{"ts":"2026-07-24 19:54:43,486","level":"INFO","logger":"app.data_engine.redis_publisher","msg":"published 1 candles to bybit:PLAYSOUT/USDT:1h"}
{"ts":"2026-07-24 19:54:44,257","level":"INFO","logger":"app.data_engine.redis_publisher","msg":"published 1 candles to bybit:MU/USDT:1h"}
2026-07-24 19:54:45.670 | DEBUG    | app.data.universe_scanner:refresh:188 - UniverseScanner: ATR failed for APLD/USDT
2026-07-24 19:54:45.670 | DEBUG    | app.data.universe_scanner:refresh:188 - UniverseScanner: ATR failed for UB/USDT
2026-07-24 19:54:47.386 | DEBUG    | app.data.universe_scanner:refresh:188 - UniverseScanner: ATR failed for APPSTOCK/USDT
2026-07-24 19:54:47.387 | DEBUG    | app.data.universe_scanner:refresh:188 - UniverseScanner: ATR failed for BZ/USDT
2026-07-24 19:54:47.387 | DEBUG    | app.data.universe_scanner:refresh:188 - UniverseScanner: ATR failed for TLM/USDT
{"ts":"2026-07-24 19:54:47,863","level":"INFO","logger":"app.data_engine.redis_publisher","msg":"published 1 candles to bybit:XRP/USDT:1h"}
2026-07-24 19:54:48.532 | DEBUG    | app.data.universe_scanner:refresh:188 - UniverseScanner: ATR failed for ONDS/USDT
2026-07-24 19:54:48.534 | DEBUG    | app.data.universe_scanner:refresh:188 - UniverseScanner: ATR failed for WENSTOCK/USDT
2026-07-24 19:54:50.975 | DEBUG    | app.data.universe_scanner:refresh:188 - UniverseScanner: ATR failed for DASH/USDT
2026-07-24 19:54:50.975 | DEBUG    | app.data.universe_scanner:refresh:188 - UniverseScanner: ATR failed for PAXG/USDT
2026-07-24 19:54:50.975 | DEBUG    | app.data.universe_scanner:refresh:188 - UniverseScanner: ATR failed for BIO/USDT
2026-07-24 19:54:50.975 | DEBUG    | app.data.universe_scanner:refresh:188 - UniverseScanner: ATR failed for NVDA/USDT
2026-07-24 19:54:50.975 | DEBUG    | app.data.universe_scanner:refresh:188 - UniverseScanner: ATR failed for QQQ/USDT
2026-07-24 19:54:51.758 | INFO     | app.data.universe_scanner:refresh:232 - UniverseScanner: refreshed — %d symbols, top=%s (score=%.3f)
{"ts":"2026-07-24 19:54:53,775","level":"INFO","logger":"app.data_engine.redis_publisher","msg":"published 1 candles to bybit:ACE/USDT:1h"}
{"ts":"2026-07-24 19:54:57,775","level":"INFO","logger":"app.data_engine.redis_publisher","msg":"published 1 candles to bybit:KORU/USDT:1h"}
{"ts":"2026-07-24 19:54:57,807","level":"INFO","logger":"app.data_engine.redis_publisher","msg":"published 1 candles to bybit:BTC/USDT:1h"}
{"ts":"2026-07-24 19:54:58,054","level":"INFO","logger":"app.data_engine.redis_publisher","msg":"published 1 candles to bybit:ETH/USDT:1h"}
{"ts":"2026-07-24 19:54:58,100","level":"INFO","logger":"app.data_engine.redis_publisher","msg":"published 1 candles to bybit:SNDK/USDT:1h"}
{"ts":"2026-07-24 19:54:58,175","level":"INFO","logger":"app.data_engine.redis_publisher","msg":"published 1 candles to bybit:BANK/USDT:1h"}
{"ts":"2026-07-24 19:54:58,238","level":"INFO","logger":"app.data_engine.redis_publisher","msg":"published 1 candles to bybit:HYPE/USDT:1h"}
{"ts":"2026-07-24 19:54:58,566","level":"INFO","logger":"app.data_engine.redis_publisher","msg":"published 1 candles to bybit:SKHYNIX/USDT:1h"}
{"ts":"2026-07-24 19:55:13,178","level":"INFO","logger":"app.data_engine.redis_publisher","msg":"published 1 candles to bybit:VELVET/USDT:1h"}
{"ts":"2026-07-24 19:55:13,260","level":"INFO","logger":"app.data_engine.redis_publisher","msg":"published 1 candles to bybit:CL/USDT:1h"}
{"ts":"2026-07-24 19:55:13,356","level":"INFO","logger":"app.data_engine.redis_publisher","msg":"published 1 candles to bybit:INTC/USDT:1h"}
{"ts":"2026-07-24 19:55:13,459","level":"INFO","logger":"app.data_engine.redis_publisher","msg":"published 1 candles to bybit:SKHY/USDT:1h"}
{"ts":"2026-07-24 19:55:13,540","level":"INFO","logger":"app.data_engine.redis_publisher","msg":"published 1 candles to bybit:NEAR/USDT:1h"}
{"ts":"2026-07-24 19:55:13,635","level":"INFO","logger":"app.data_engine.redis_publisher","msg":"published 1 candles to bybit:AERGO/USDT:1h"}
{"ts":"2026-07-24 19:55:22,347","level":"INFO","logger":"app.data_engine.exchange_connector","msg":"fetched 2160 candles for DOGE/USDT 1h (90 days)"}
{"ts":"2026-07-24 19:55:22,827","level":"INFO","logger":"app.data_engine.redis_publisher","msg":"published 10 candles to bybit:DOGE/USDT:1h"}
{"ts":"2026-07-24 19:55:24,436","level":"INFO","logger":"app.data_engine.exchange_connector","msg":"fetched 2160 candles for XAU/USDT 1h (90 days)"}
{"ts":"2026-07-24 19:55:24,828","level":"INFO","logger":"app.data_engine.redis_publisher","msg":"published 10 candles to bybit:XAU/USDT:1h"}
{"ts":"2026-07-24 19:55:31,524","level":"INFO","logger":"app.data_engine.redis_publisher","msg":"published 1 candles to bybit:INTW/USDT:1h"}
{"ts":"2026-07-24 19:55:32,795","level":"INFO","logger":"app.data_engine.redis_publisher","msg":"published 1 candles to bybit:SOXS/USDT:1h"}
{"ts":"2026-07-24 19:55:33,102","level":"INFO","logger":"app.data_engine.redis_publisher","msg":"published 1 candles to bybit:CBRS/USDT:1h"}
{"ts":"2026-07-24 19:55:33,406","level":"INFO","logger":"app.data_engine.redis_publisher","msg":"published 1 candles to bybit:BEAT/USDT:1h"}
{"ts":"2026-07-24 19:55:33,496","level":"INFO","logger":"app.data_engine.redis_publisher","msg":"published 1 candles to bybit:KAITO/USDT:1h"}
{"ts":"2026-07-24 19:55:33,723","level":"INFO","logger":"app.data_engine.redis_publisher","msg":"published 1 candles to bybit:MUU/USDT:1h"}
{"ts":"2026-07-24 19:55:35,879","level":"INFO","logger":"app.data_engine.redis_publisher","msg":"published 1 candles to bybit:HEMI/USDT:1h"}
{"ts":"2026-07-24 19:55:36,397","level":"INFO","logger":"app.data_engine.redis_publisher","msg":"published 1 candles to bybit:ORDER/USDT:1h"}
{"ts":"2026-07-24 19:55:37,962","level":"INFO","logger":"app.data_engine.redis_publisher","msg":"published 1 candles to bybit:RE/USDT:1h"}
{"ts":"2026-07-24 19:55:38,296","level":"INFO","logger":"app.data_engine.redis_publisher","msg":"published 1 candles to bybit:AKE/USDT:1h"}
{"ts":"2026-07-24 19:55:39,033","level":"INFO","logger":"app.data_engine.redis_publisher","msg":"published 1 candles to bybit:B2/USDT:1h"}
{"ts":"2026-07-24 19:55:39,449","level":"INFO","logger":"app.data_engine.redis_publisher","msg":"published 1 candles to bybit:DEXE/USDT:1h"}
{"ts":"2026-07-24 19:55:39,931","level":"INFO","logger":"app.data_engine.redis_publisher","msg":"published 1 candles to bybit:TOWNS/USDT:1h"}
{"ts":"2026-07-24 19:55:40,874","level":"INFO","logger":"app.data_engine.redis_publisher","msg":"published 1 candles to bybit:CAP/USDT:1h"}
{"ts":"2026-07-24 19:55:41,698","level":"INFO","logger":"app.data_engine.redis_publisher","msg":"published 1 candles to bybit:ESPORTS/USDT:1h"}
{"ts":"2026-07-24 19:55:41,977","level":"INFO","logger":"app.data_engine.redis_publisher","msg":"published 1 candles to bybit:APR/USDT:1h"}
{"ts":"2026-07-24 19:55:42,502","level":"INFO","logger":"app.data_engine.redis_publisher","msg":"published 1 candles to bybit:GWEI/USDT:1h"}
{"ts":"2026-07-24 19:55:42,905","level":"INFO","logger":"app.data_engine.redis_publisher","msg":"published 1 candles to bybit:BEAM/USDT:1h"}
{"ts":"2026-07-24 19:55:43,425","level":"INFO","logger":"app.data_engine.redis_publisher","msg":"published 1 candles to bybit:SNXX/USDT:1h"}
{"ts":"2026-07-24 19:55:43,955","level":"INFO","logger":"app.data_engine.redis_publisher","msg":"published 1 candles to bybit:SOXL/USDT:1h"}
{"ts":"2026-07-24 19:55:44,522","level":"INFO","logger":"app.data_engine.redis_publisher","msg":"published 1 candles to bybit:SOL/USDT:1h"}
{"ts":"2026-07-24 19:55:44,979","level":"INFO","logger":"app.data_engine.redis_publisher","msg":"published 1 candles to bybit:PLAYSOUT/USDT:1h"}
{"ts":"2026-07-24 19:55:46,198","level":"INFO","logger":"app.data_engine.redis_publisher","msg":"published 1 candles to bybit:MU/USDT:1h"}
{"ts":"2026-07-24 19:55:48,841","level":"INFO","logger":"app.data_engine.redis_publisher","msg":"published 1 candles to bybit:XRP/USDT:1h"}
{"ts":"2026-07-24 19:55:54,666","level":"INFO","logger":"app.data_engine.redis_publisher","msg":"published 1 candles to bybit:ACE/USDT:1h"}
{"ts":"2026-07-24 19:55:58,150","level":"INFO","logger":"app.data_engine.redis_publisher","msg":"published 1 candles to bybit:KORU/USDT:1h"}
{"ts":"2026-07-24 19:55:58,249","level":"INFO","logger":"app.data_engine.redis_publisher","msg":"published 1 candles to bybit:BTC/USDT:1h"}
{"ts":"2026-07-24 19:55:58,487","level":"INFO","logger":"app.data_engine.redis_publisher","msg":"published 1 candles to bybit:ETH/USDT:1h"}
{"ts":"2026-07-24 19:55:58,596","level":"INFO","logger":"app.data_engine.redis_publisher","msg":"published 1 candles to bybit:SNDK/USDT:1h"}
{"ts":"2026-07-24 19:55:58,688","level":"INFO","logger":"app.data_engine.redis_publisher","msg":"published 1 candles to bybit:BANK/USDT:1h"}
{"ts":"2026-07-24 19:55:58,786","level":"INFO","logger":"app.data_engine.redis_publisher","msg":"published 1 candles to bybit:HYPE/USDT:1h"}
{"ts":"2026-07-24 19:56:13,126","level":"INFO","logger":"app.data_engine.redis_publisher","msg":"published 1 candles to bybit:SKHYNIX/USDT:1h"}
{"ts":"2026-07-24 19:56:13,564","level":"INFO","logger":"app.data_engine.redis_publisher","msg":"published 1 candles to bybit:VELVET/USDT:1h"}
{"ts":"2026-07-24 19:56:13,665","level":"INFO","logger":"app.data_engine.redis_publisher","msg":"published 1 candles to bybit:CL/USDT:1h"}
{"ts":"2026-07-24 19:56:13,757","level":"INFO","logger":"app.data_engine.redis_publisher","msg":"published 1 candles to bybit:INTC/USDT:1h"}
{"ts":"2026-07-24 19:56:13,861","level":"INFO","logger":"app.data_engine.redis_publisher","msg":"published 1 candles to bybit:SKHY/USDT:1h"}
{"ts":"2026-07-24 19:56:13,961","level":"INFO","logger":"app.data_engine.redis_publisher","msg":"published 1 candles to bybit:NEAR/USDT:1h"}
{"ts":"2026-07-24 19:56:14,061","level":"INFO","logger":"app.data_engine.redis_publisher","msg":"published 1 candles to bybit:AERGO/USDT:1h"}
{"ts":"2026-07-24 19:56:23,138","level":"INFO","logger":"app.data_engine.redis_publisher","msg":"published 1 candles to bybit:DOGE/USDT:1h"}
{"ts":"2026-07-24 19:56:25,139","level":"INFO","logger":"app.data_engine.redis_publisher","msg":"published 1 candles to bybit:XAU/USDT:1h"}
{"ts":"2026-07-24 19:56:31,844","level":"INFO","logger":"app.data_engine.redis_publisher","msg":"published 1 candles to bybit:INTW/USDT:1h"}
{"ts":"2026-07-24 19:56:33,109","level":"INFO","logger":"app.data_engine.redis_publisher","msg":"published 1 candles to bybit:SOXS/USDT:1h"}
{"ts":"2026-07-24 19:56:33,431","level":"INFO","logger":"app.data_engine.redis_publisher","msg":"published 1 candles to bybit:CBRS/USDT:1h"}
{"ts":"2026-07-24 19:56:33,718","level":"INFO","logger":"app.data_engine.redis_publisher","msg":"published 1 candles to bybit:BEAT/USDT:1h"}
{"ts":"2026-07-24 19:56:33,819","level":"INFO","logger":"app.data_engine.redis_publisher","msg":"published 1 candles to bybit:KAITO/USDT:1h"}
{"ts":"2026-07-24 19:56:34,031","level":"INFO","logger":"app.data_engine.redis_publisher","msg":"published 1 candles to bybit:MUU/USDT:1h"}
{"ts":"2026-07-24 19:56:36,193","level":"INFO","logger":"app.data_engine.redis_publisher","msg":"published 1 candles to bybit:HEMI/USDT:1h"}
{"ts":"2026-07-24 19:56:36,710","level":"INFO","logger":"app.data_engine.redis_publisher","msg":"published 1 candles to bybit:ORDER/USDT:1h"}
{"ts":"2026-07-24 19:56:38,275","level":"INFO","logger":"app.data_engine.redis_publisher","msg":"published 1 candles to bybit:RE/USDT:1h"}
{"ts":"2026-07-24 19:56:38,613","level":"INFO","logger":"app.data_engine.redis_publisher","msg":"published 1 candles to bybit:AKE/USDT:1h"}
{"ts":"2026-07-24 19:56:39,342","level":"INFO","logger":"app.data_engine.redis_publisher","msg":"published 1 candles to bybit:B2/USDT:1h"}
{"ts":"2026-07-24 19:56:39,761","level":"INFO","logger":"app.data_engine.redis_publisher","msg":"published 1 candles to bybit:DEXE/USDT:1h"}
{"ts":"2026-07-24 19:56:40,240","level":"INFO","logger":"app.data_engine.redis_publisher","msg":"published 1 candles to bybit:TOWNS/USDT:1h"}
{"ts":"2026-07-24 19:56:41,184","level":"INFO","logger":"app.data_engine.redis_publisher","msg":"published 1 candles to bybit:CAP/USDT:1h"}
{"ts":"2026-07-24 19:56:42,011","level":"INFO","logger":"app.data_engine.redis_publisher","msg":"published 1 candles to bybit:ESPORTS/USDT:1h"}
{"ts":"2026-07-24 19:56:42,287","level":"INFO","logger":"app.data_engine.redis_publisher","msg":"published 1 candles to bybit:APR/USDT:1h"}
{"ts":"2026-07-24 19:56:42,815","level":"INFO","logger":"app.data_engine.redis_publisher","msg":"published 1 candles to bybit:GWEI/USDT:1h"}
{"ts":"2026-07-24 19:56:43,216","level":"INFO","logger":"app.data_engine.redis_publisher","msg":"published 1 candles to bybit:BEAM/USDT:1h"}
{"ts":"2026-07-24 19:56:43,735","level":"INFO","logger":"app.data_engine.redis_publisher","msg":"published 1 candles to bybit:SNXX/USDT:1h"}
{"ts":"2026-07-24 19:56:44,271","level":"INFO","logger":"app.data_engine.redis_publisher","msg":"published 1 candles to bybit:SOXL/USDT:1h"}
{"ts":"2026-07-24 19:56:44,831","level":"INFO","logger":"app.data_engine.redis_publisher","msg":"published 1 candles to bybit:SOL/USDT:1h"}
{"ts":"2026-07-24 19:56:45,293","level":"INFO","logger":"app.data_engine.redis_publisher","msg":"published 1 candles to bybit:PLAYSOUT/USDT:1h"}
{"ts":"2026-07-24 19:56:46,513","level":"INFO","logger":"app.data_engine.redis_publisher","msg":"published 1 candles to bybit:MU/USDT:1h"}
{"ts":"2026-07-24 19:56:49,156","level":"INFO","logger":"app.data_engine.redis_publisher","msg":"published 1 candles to bybit:XRP/USDT:1h"}
{"ts":"2026-07-24 19:56:54,981","level":"INFO","logger":"app.data_engine.redis_publisher","msg":"published 1 candles to bybit:ACE/USDT:1h"}
{"ts":"2026-07-24 19:56:58,461","level":"INFO","logger":"app.data_engine.redis_publisher","msg":"published 1 candles to bybit:KORU/USDT:1h"}
{"ts":"2026-07-24 19:56:58,560","level":"INFO","logger":"app.data_engine.redis_publisher","msg":"published 1 candles to bybit:BTC/USDT:1h"}
{"ts":"2026-07-24 19:56:58,798","level":"INFO","logger":"app.data_engine.redis_publisher","msg":"published 1 candles to bybit:ETH/USDT:1h"}
{"ts":"2026-07-24 19:56:58,908","level":"INFO","logger":"app.data_engine.redis_publisher","msg":"published 1 candles to bybit:SNDK/USDT:1h"}
{"ts":"2026-07-24 19:56:59,004","level":"INFO","logger":"app.data_engine.redis_publisher","msg":"published 1 candles to bybit:BANK/USDT:1h"}
{"ts":"2026-07-24 19:56:59,341","level":"INFO","logger":"app.data_engine.redis_publisher","msg":"published 1 candles to bybit:HYPE/USDT:1h"}
{"ts":"2026-07-24 19:57:13,435","level":"INFO","logger":"app.data_engine.redis_publisher","msg":"published 1 candles to bybit:SKHYNIX/USDT:1h"}
{"ts":"2026-07-24 19:57:13,879","level":"INFO","logger":"app.data_engine.redis_publisher","msg":"published 1 candles to bybit:VELVET/USDT:1h"}
{"ts":"2026-07-24 19:57:13,980","level":"INFO","logger":"app.data_engine.redis_publisher","msg":"published 1 candles to bybit:CL/USDT:1h"}
{"ts":"2026-07-24 19:57:14,076","level":"INFO","logger":"app.data_engine.redis_publisher","msg":"published 1 candles to bybit:INTC/USDT:1h"}
{"ts":"2026-07-24 19:57:14,175","level":"INFO","logger":"app.data_engine.redis_publisher","msg":"published 1 candles to bybit:SKHY/USDT:1h"}
{"ts":"2026-07-24 19:57:14,276","level":"INFO","logger":"app.data_engine.redis_publisher","msg":"published 1 candles to bybit:NEAR/USDT:1h"}
{"ts":"2026-07-24 19:57:14,381","level":"INFO","logger":"app.data_engine.redis_publisher","msg":"published 1 candles to bybit:AERGO/USDT:1h"}
{"ts":"2026-07-24 19:57:23,452","level":"INFO","logger":"app.data_engine.redis_publisher","msg":"published 1 candles to bybit:DOGE/USDT:1h"}
{"ts":"2026-07-24 19:57:25,448","level":"INFO","logger":"app.data_engine.redis_publisher","msg":"published 1 candles to bybit:XAU/USDT:1h"}
{"ts":"2026-07-24 19:57:32,155","level":"INFO","logger":"app.data_engine.redis_publisher","msg":"published 1 candles to bybit:INTW/USDT:1h"}
{"ts":"2026-07-24 19:57:33,421","level":"INFO","logger":"app.data_engine.redis_publisher","msg":"published 1 candles to bybit:SOXS/USDT:1h"}
{"ts":"2026-07-24 19:57:33,742","level":"INFO","logger":"app.data_engine.redis_publisher","msg":"published 1 candles to bybit:CBRS/USDT:1h"}
{"ts":"2026-07-24 19:57:34,029","level":"INFO","logger":"app.data_engine.redis_publisher","msg":"published 1 candles to bybit:BEAT/USDT:1h"}
{"ts":"2026-07-24 19:57:34,144","level":"INFO","logger":"app.data_engine.redis_publisher","msg":"published 1 candles to bybit:KAITO/USDT:1h"}
{"ts":"2026-07-24 19:57:34,341","level":"INFO","logger":"app.data_engine.redis_publisher","msg":"published 1 candles to bybit:MUU/USDT:1h"}
{"ts":"2026-07-24 19:57:36,512","level":"INFO","logger":"app.data_engine.redis_publisher","msg":"published 1 candles to bybit:HEMI/USDT:1h"}
{"ts":"2026-07-24 19:57:37,023","level":"INFO","logger":"app.data_engine.redis_publisher","msg":"published 1 candles to bybit:ORDER/USDT:1h"}
{"ts":"2026-07-24 19:57:38,590","level":"INFO","logger":"app.data_engine.redis_publisher","msg":"published 1 candles to bybit:RE/USDT:1h"}
{"ts":"2026-07-24 19:57:38,930","level":"INFO","logger":"app.data_engine.redis_publisher","msg":"published 1 candles to bybit:AKE/USDT:1h"}
{"ts":"2026-07-24 19:57:39,653","level":"INFO","logger":"app.data_engine.redis_publisher","msg":"published 1 candles to bybit:B2/USDT:1h"}
{"ts":"2026-07-24 19:57:40,077","level":"INFO","logger":"app.data_engine.redis_publisher","msg":"published 1 candles to bybit:DEXE/USDT:1h"}
{"ts":"2026-07-24 19:57:40,547","level":"INFO","logger":"app.data_engine.redis_publisher","msg":"published 1 candles to bybit:TOWNS/USDT:1h"}
{"ts":"2026-07-24 19:57:41,495","level":"INFO","logger":"app.data_engine.redis_publisher","msg":"published 1 candles to bybit:CAP/USDT:1h"}
{"ts":"2026-07-24 19:57:42,335","level":"INFO","logger":"app.data_engine.redis_publisher","msg":"published 1 candles to bybit:ESPORTS/USDT:1h"}
{"ts":"2026-07-24 19:57:42,595","level":"INFO","logger":"app.data_engine.redis_publisher","msg":"published 1 candles to bybit:APR/USDT:1h"}
{"ts":"2026-07-24 19:57:43,123","level":"INFO","logger":"app.data_engine.redis_publisher","msg":"published 1 candles to bybit:GWEI/USDT:1h"}
{"ts":"2026-07-24 19:57:43,530","level":"INFO","logger":"app.data_engine.redis_publisher","msg":"published 1 candles to bybit:BEAM/USDT:1h"}
{"ts":"2026-07-24 19:57:44,044","level":"INFO","logger":"app.data_engine.redis_publisher","msg":"published 1 candles to bybit:SNXX/USDT:1h"}
{"ts":"2026-07-24 19:57:44,587","level":"INFO","logger":"app.data_engine.redis_publisher","msg":"published 1 candles to bybit:SOXL/USDT:1h"}
{"ts":"2026-07-24 19:57:45,146","level":"INFO","logger":"app.data_engine.redis_publisher","msg":"published 1 candles to bybit:SOL/USDT:1h"}
{"ts":"2026-07-24 19:57:45,604","level":"INFO","logger":"app.data_engine.redis_publisher","msg":"published 1 candles to bybit:PLAYSOUT/USDT:1h"}
{"ts":"2026-07-24 19:57:46,821","level":"INFO","logger":"app.data_engine.redis_publisher","msg":"published 1 candles to bybit:MU/USDT:1h"}
{"ts":"2026-07-24 19:57:49,476","level":"INFO","logger":"app.data_engine.redis_publisher","msg":"published 1 candles to bybit:XRP/USDT:1h"}
{"ts":"2026-07-24 19:57:55,295","level":"INFO","logger":"app.data_engine.redis_publisher","msg":"published 1 candles to bybit:ACE/USDT:1h"}
{"ts":"2026-07-24 19:57:58,771","level":"INFO","logger":"app.data_engine.redis_publisher","msg":"published 1 candles to bybit:KORU/USDT:1h"}
{"ts":"2026-07-24 19:57:58,871","level":"INFO","logger":"app.data_engine.redis_publisher","msg":"published 1 candles to bybit:BTC/USDT:1h"}
{"ts":"2026-07-24 19:57:59,112","level":"INFO","logger":"app.data_engine.redis_publisher","msg":"published 1 candles to bybit:ETH/USDT:1h"}
{"ts":"2026-07-24 19:57:59,228","level":"INFO","logger":"app.data_engine.redis_publisher","msg":"published 1 candles to bybit:SNDK/USDT:1h"}
{"ts":"2026-07-24 19:57:59,556","level":"INFO","logger":"app.data_engine.redis_publisher","msg":"published 1 candles to bybit:BANK/USDT:1h"}
{"ts":"2026-07-24 19:57:59,654","level":"INFO","logger":"app.data_engine.redis_publisher","msg":"published 1 candles to bybit:HYPE/USDT:1h"}
{"ts":"2026-07-24 19:58:13,750","level":"INFO","logger":"app.data_engine.redis_publisher","msg":"published 1 candles to bybit:SKHYNIX/USDT:1h"}
{"ts":"2026-07-24 19:58:14,198","level":"INFO","logger":"app.data_engine.redis_publisher","msg":"published 1 candles to bybit:VELVET/USDT:1h"}
{"ts":"2026-07-24 19:58:14,290","level":"INFO","logger":"app.data_engine.redis_publisher","msg":"published 1 candles to bybit:CL/USDT:1h"}
{"ts":"2026-07-24 19:58:14,396","level":"INFO","logger":"app.data_engine.redis_publisher","msg":"published 1 candles to bybit:INTC/USDT:1h"}
{"ts":"2026-07-24 19:58:14,498","level":"INFO","logger":"app.data_engine.redis_publisher","msg":"published 1 candles to bybit:SKHY/USDT:1h"}
{"ts":"2026-07-24 19:58:14,590","level":"INFO","logger":"app.data_engine.redis_publisher","msg":"published 1 candles to bybit:NEAR/USDT:1h"}
{"ts":"2026-07-24 19:58:14,699","level":"INFO","logger":"app.data_engine.redis_publisher","msg":"published 1 candles to bybit:AERGO/USDT:1h"}
{"ts":"2026-07-24 19:58:23,766","level":"INFO","logger":"app.data_engine.redis_publisher","msg":"published 1 candles to bybit:DOGE/USDT:1h"}
{"ts":"2026-07-24 19:58:25,763","level":"INFO","logger":"app.data_engine.redis_publisher","msg":"published 1 candles to bybit:XAU/USDT:1h"}
{"ts":"2026-07-24 19:58:32,464","level":"INFO","logger":"app.data_engine.redis_publisher","msg":"published 1 candles to bybit:INTW/USDT:1h"}
{"ts":"2026-07-24 19:58:33,732","level":"INFO","logger":"app.data_engine.redis_publisher","msg":"published 1 candles to bybit:SOXS/USDT:1h"}
{"ts":"2026-07-24 19:58:34,053","level":"INFO","logger":"app.data_engine.redis_publisher","msg":"published 1 candles to bybit:CBRS/USDT:1h"}
{"ts":"2026-07-24 19:58:34,420","level":"INFO","logger":"app.data_engine.redis_publisher","msg":"published 1 candles to bybit:BEAT/USDT:1h"}
{"ts":"2026-07-24 19:58:34,455","level":"INFO","logger":"app.data_engine.redis_publisher","msg":"published 1 candles to bybit:KAITO/USDT:1h"}
{"ts":"2026-07-24 19:58:34,653","level":"INFO","logger":"app.data_engine.redis_publisher","msg":"published 1 candles to bybit:MUU/USDT:1h"}
{"ts":"2026-07-24 19:58:36,834","level":"INFO","logger":"app.data_engine.redis_publisher","msg":"published 1 candles to bybit:HEMI/USDT:1h"}
{"ts":"2026-07-24 19:58:37,332","level":"INFO","logger":"app.data_engine.redis_publisher","msg":"published 1 candles to bybit:ORDER/USDT:1h"}
{"ts":"2026-07-24 19:58:38,904","level":"INFO","logger":"app.data_engine.redis_publisher","msg":"published 1 candles to bybit:RE/USDT:1h"}
{"ts":"2026-07-24 19:58:39,244","level":"INFO","logger":"app.data_engine.redis_publisher","msg":"published 1 candles to bybit:AKE/USDT:1h"}
{"ts":"2026-07-24 19:58:39,969","level":"INFO","logger":"app.data_engine.redis_publisher","msg":"published 1 candles to bybit:B2/USDT:1h"}
{"ts":"2026-07-24 19:58:40,391","level":"INFO","logger":"app.data_engine.redis_publisher","msg":"published 1 candles to bybit:DEXE/USDT:1h"}
{"ts":"2026-07-24 19:58:40,860","level":"INFO","logger":"app.data_engine.redis_publisher","msg":"published 1 candles to bybit:TOWNS/USDT:1h"}
{"ts":"2026-07-24 19:58:41,805","level":"INFO","logger":"app.data_engine.redis_publisher","msg":"published 1 candles to bybit:CAP/USDT:1h"}
{"ts":"2026-07-24 19:58:42,645","level":"INFO","logger":"app.data_engine.redis_publisher","msg":"published 1 candles to bybit:ESPORTS/USDT:1h"}
{"ts":"2026-07-24 19:58:42,904","level":"INFO","logger":"app.data_engine.redis_publisher","msg":"published 1 candles to bybit:APR/USDT:1h"}
{"ts":"2026-07-24 19:58:43,445","level":"INFO","logger":"app.data_engine.redis_publisher","msg":"published 1 candles to bybit:GWEI/USDT:1h"}
{"ts":"2026-07-24 19:58:43,839","level":"INFO","logger":"app.data_engine.redis_publisher","msg":"published 1 candles to bybit:BEAM/USDT:1h"}
{"ts":"2026-07-24 19:58:44,352","level":"INFO","logger":"app.data_engine.redis_publisher","msg":"published 1 candles to bybit:SNXX/USDT:1h"}
{"ts":"2026-07-24 19:58:44,898","level":"INFO","logger":"app.data_engine.redis_publisher","msg":"published 1 candles to bybit:SOXL/USDT:1h"}
{"ts":"2026-07-24 19:58:45,459","level":"INFO","logger":"app.data_engine.redis_publisher","msg":"published 1 candles to bybit:SOL/USDT:1h"}
{"ts":"2026-07-24 19:58:45,919","level":"INFO","logger":"app.data_engine.redis_publisher","msg":"published 1 candles to bybit:PLAYSOUT/USDT:1h"}
{"ts":"2026-07-24 19:58:47,131","level":"INFO","logger":"app.data_engine.redis_publisher","msg":"published 1 candles to bybit:MU/USDT:1h"}
{"ts":"2026-07-24 19:58:49,786","level":"INFO","logger":"app.data_engine.redis_publisher","msg":"published 1 candles to bybit:XRP/USDT:1h"}
{"ts":"2026-07-24 19:58:55,608","level":"INFO","logger":"app.data_engine.redis_publisher","msg":"published 1 candles to bybit:ACE/USDT:1h"}
{"ts":"2026-07-24 19:58:59,081","level":"INFO","logger":"app.data_engine.redis_publisher","msg":"published 1 candles to bybit:KORU/USDT:1h"}
{"ts":"2026-07-24 19:58:59,182","level":"INFO","logger":"app.data_engine.redis_publisher","msg":"published 1 candles to bybit:BTC/USDT:1h"}
{"ts":"2026-07-24 19:58:59,431","level":"INFO","logger":"app.data_engine.redis_publisher","msg":"published 1 candles to bybit:ETH/USDT:1h"}
{"ts":"2026-07-24 19:58:59,545","level":"INFO","logger":"app.data_engine.redis_publisher","msg":"published 1 candles to bybit:SNDK/USDT:1h"}
{"ts":"2026-07-24 19:58:59,873","level":"INFO","logger":"app.data_engine.redis_publisher","msg":"published 1 candles to bybit:BANK/USDT:1h"}
{"ts":"2026-07-24 19:58:59,974","level":"INFO","logger":"app.data_engine.redis_publisher","msg":"published 1 candles to bybit:HYPE/USDT:1h"}
{"ts":"2026-07-24 19:59:14,062","level":"INFO","logger":"app.data_engine.redis_publisher","msg":"published 1 candles to bybit:SKHYNIX/USDT:1h"}
{"ts":"2026-07-24 19:59:14,513","level":"INFO","logger":"app.data_engine.redis_publisher","msg":"published 1 candles to bybit:VELVET/USDT:1h"}
{"ts":"2026-07-24 19:59:14,612","level":"INFO","logger":"app.data_engine.redis_publisher","msg":"published 1 candles to bybit:CL/USDT:1h"}
{"ts":"2026-07-24 19:59:14,812","level":"INFO","logger":"app.data_engine.redis_publisher","msg":"published 1 candles to bybit:SKHY/USDT:1h"}
{"ts":"2026-07-24 19:59:14,910","level":"INFO","logger":"app.data_engine.redis_publisher","msg":"published 1 candles to bybit:NEAR/USDT:1h"}
{"ts":"2026-07-24 19:59:15,273","level":"INFO","logger":"app.data_engine.redis_publisher","msg":"published 1 candles to bybit:INTC/USDT:1h"}
{"ts":"2026-07-24 19:59:15,275","level":"INFO","logger":"app.data_engine.redis_publisher","msg":"published 1 candles to bybit:AERGO/USDT:1h"}
{"ts":"2026-07-24 19:59:24,083","level":"INFO","logger":"app.data_engine.redis_publisher","msg":"published 1 candles to bybit:DOGE/USDT:1h"}
{"ts":"2026-07-24 19:59:26,073","level":"INFO","logger":"app.data_engine.redis_publisher","msg":"published 1 candles to bybit:XAU/USDT:1h"}
{"ts":"2026-07-24 19:59:32,785","level":"INFO","logger":"app.data_engine.redis_publisher","msg":"published 1 candles to bybit:INTW/USDT:1h"}
{"ts":"2026-07-24 19:59:34,040","level":"INFO","logger":"app.data_engine.redis_publisher","msg":"published 1 candles to bybit:SOXS/USDT:1h"}
{"ts":"2026-07-24 19:59:34,363","level":"INFO","logger":"app.data_engine.redis_publisher","msg":"published 1 candles to bybit:CBRS/USDT:1h"}
{"ts":"2026-07-24 19:59:34,732","level":"INFO","logger":"app.data_engine.redis_publisher","msg":"published 1 candles to bybit:BEAT/USDT:1h"}
{"ts":"2026-07-24 19:59:34,829","level":"INFO","logger":"app.data_engine.redis_publisher","msg":"published 1 candles to bybit:KAITO/USDT:1h"}
{"ts":"2026-07-24 19:59:34,962","level":"INFO","logger":"app.data_engine.redis_publisher","msg":"published 1 candles to bybit:MUU/USDT:1h"}
{"ts":"2026-07-24 19:59:37,145","level":"INFO","logger":"app.data_engine.redis_publisher","msg":"published 1 candles to bybit:HEMI/USDT:1h"}
{"ts":"2026-07-24 19:59:37,642","level":"INFO","logger":"app.data_engine.redis_publisher","msg":"published 1 candles to bybit:ORDER/USDT:1h"}
{"ts":"2026-07-24 19:59:39,214","level":"INFO","logger":"app.data_engine.redis_publisher","msg":"published 1 candles to bybit:RE/USDT:1h"}
{"ts":"2026-07-24 19:59:39,558","level":"INFO","logger":"app.data_engine.redis_publisher","msg":"published 1 candles to bybit:AKE/USDT:1h"}
{"ts":"2026-07-24 19:59:40,281","level":"INFO","logger":"app.data_engine.redis_publisher","msg":"published 1 candles to bybit:B2/USDT:1h"}
{"ts":"2026-07-24 19:59:40,699","level":"INFO","logger":"app.data_engine.redis_publisher","msg":"published 1 candles to bybit:DEXE/USDT:1h"}
{"ts":"2026-07-24 19:59:41,172","level":"INFO","logger":"app.data_engine.redis_publisher","msg":"published 1 candles to bybit:TOWNS/USDT:1h"}
{"ts":"2026-07-24 19:59:42,115","level":"INFO","logger":"app.data_engine.redis_publisher","msg":"published 1 candles to bybit:CAP/USDT:1h"}
{"ts":"2026-07-24 19:59:42,955","level":"INFO","logger":"app.data_engine.redis_publisher","msg":"published 1 candles to bybit:ESPORTS/USDT:1h"}
{"ts":"2026-07-24 19:59:43,213","level":"INFO","logger":"app.data_engine.redis_publisher","msg":"published 1 candles to bybit:APR/USDT:1h"}
{"ts":"2026-07-24 19:59:43,754","level":"INFO","logger":"app.data_engine.redis_publisher","msg":"published 1 candles to bybit:GWEI/USDT:1h"}
{"ts":"2026-07-24 19:59:44,158","level":"INFO","logger":"app.data_engine.redis_publisher","msg":"published 1 candles to bybit:BEAM/USDT:1h"}
{"ts":"2026-07-24 19:59:44,662","level":"INFO","logger":"app.data_engine.redis_publisher","msg":"published 1 candles to bybit:SNXX/USDT:1h"}
{"ts":"2026-07-24 19:59:45,209","level":"INFO","logger":"app.data_engine.redis_publisher","msg":"published 1 candles to bybit:SOXL/USDT:1h"}
{"ts":"2026-07-24 19:59:45,777","level":"INFO","logger":"app.data_engine.redis_publisher","msg":"published 1 candles to bybit:SOL/USDT:1h"}
{"ts":"2026-07-24 19:59:46,227","level":"INFO","logger":"app.data_engine.redis_publisher","msg":"published 1 candles to bybit:PLAYSOUT/USDT:1h"}
{"ts":"2026-07-24 19:59:47,439","level":"INFO","logger":"app.data_engine.redis_publisher","msg":"published 1 candles to bybit:MU/USDT:1h"}
{"ts":"2026-07-24 19:59:50,098","level":"INFO","logger":"app.data_engine.redis_publisher","msg":"published 1 candles to bybit:XRP/USDT:1h"}
{"ts":"2026-07-24 19:59:55,943","level":"INFO","logger":"app.data_engine.redis_publisher","msg":"published 1 candles to bybit:ACE/USDT:1h"}
{"ts":"2026-07-24 19:59:59,403","level":"INFO","logger":"app.data_engine.redis_publisher","msg":"published 1 candles to bybit:KORU/USDT:1h"}
{"ts":"2026-07-24 19:59:59,505","level":"INFO","logger":"app.data_engine.redis_publisher","msg":"published 1 candles to bybit:BTC/USDT:1h"}
{"ts":"2026-07-24 19:59:59,755","level":"INFO","logger":"app.data_engine.redis_publisher","msg":"published 2 candles to bybit:ETH/USDT:1h"}
{"ts":"2026-07-24 19:59:59,883","level":"INFO","logger":"app.data_engine.redis_publisher","msg":"published 2 candles to bybit:SNDK/USDT:1h"}
{"ts":"2026-07-24 20:00:00,198","level":"INFO","logger":"app.data_engine.redis_publisher","msg":"published 2 candles to bybit:BANK/USDT:1h"}
{"ts":"2026-07-24 20:00:00,312","level":"INFO","logger":"app.data_engine.redis_publisher","msg":"published 2 candles to bybit:HYPE/USDT:1h"}
{"ts":"2026-07-24 20:00:14,373","level":"INFO","logger":"app.data_engine.redis_publisher","msg":"published 2 candles to bybit:SKHYNIX/USDT:1h"}
{"ts":"2026-07-24 20:00:14,920","level":"INFO","logger":"app.data_engine.redis_publisher","msg":"published 2 candles to bybit:CL/USDT:1h"}
{"ts":"2026-07-24 20:00:15,100","level":"INFO","logger":"app.data_engine.redis_publisher","msg":"published 2 candles to bybit:VELVET/USDT:1h"}
{"ts":"2026-07-24 20:00:15,223","level":"INFO","logger":"app.data_engine.redis_publisher","msg":"published 2 candles to bybit:NEAR/USDT:1h"}
{"ts":"2026-07-24 20:00:15,362","level":"INFO","logger":"app.data_engine.redis_publisher","msg":"published 2 candles to bybit:SKHY/USDT:1h"}
{"ts":"2026-07-24 20:00:15,596","level":"INFO","logger":"app.data_engine.redis_publisher","msg":"published 2 candles to bybit:INTC/USDT:1h"}
{"ts":"2026-07-24 20:00:15,693","level":"INFO","logger":"app.data_engine.redis_publisher","msg":"published 2 candles to bybit:AERGO/USDT:1h"}
{"ts":"2026-07-24 20:00:24,395","level":"INFO","logger":"app.data_engine.redis_publisher","msg":"published 2 candles to bybit:DOGE/USDT:1h"}
{"ts":"2026-07-24 20:00:26,384","level":"INFO","logger":"app.data_engine.redis_publisher","msg":"published 2 candles to bybit:XAU/USDT:1h"}
{"ts":"2026-07-24 20:00:33,099","level":"INFO","logger":"app.data_engine.redis_publisher","msg":"published 2 candles to bybit:INTW/USDT:1h"}
{"ts":"2026-07-24 20:00:34,348","level":"INFO","logger":"app.data_engine.redis_publisher","msg":"published 2 candles to bybit:SOXS/USDT:1h"}
{"ts":"2026-07-24 20:00:34,676","level":"INFO","logger":"app.data_engine.redis_publisher","msg":"published 2 candles to bybit:CBRS/USDT:1h"}
{"ts":"2026-07-24 20:00:35,043","level":"INFO","logger":"app.data_engine.redis_publisher","msg":"published 2 candles to bybit:BEAT/USDT:1h"}
{"ts":"2026-07-24 20:00:35,144","level":"INFO","logger":"app.data_engine.redis_publisher","msg":"published 2 candles to bybit:KAITO/USDT:1h"}
{"ts":"2026-07-24 20:00:35,273","level":"INFO","logger":"app.data_engine.redis_publisher","msg":"published 2 candles to bybit:MUU/USDT:1h"}
{"ts":"2026-07-24 20:00:37,457","level":"INFO","logger":"app.data_engine.redis_publisher","msg":"published 2 candles to bybit:HEMI/USDT:1h"}
{"ts":"2026-07-24 20:00:37,953","level":"INFO","logger":"app.data_engine.redis_publisher","msg":"published 2 candles to bybit:ORDER/USDT:1h"}
{"ts":"2026-07-24 20:00:39,531","level":"INFO","logger":"app.data_engine.redis_publisher","msg":"published 2 candles to bybit:RE/USDT:1h"}
{"ts":"2026-07-24 20:00:39,871","level":"INFO","logger":"app.data_engine.redis_publisher","msg":"published 2 candles to bybit:AKE/USDT:1h"}
{"ts":"2026-07-24 20:00:40,590","level":"INFO","logger":"app.data_engine.redis_publisher","msg":"published 2 candles to bybit:B2/USDT:1h"}
{"ts":"2026-07-24 20:00:41,007","level":"INFO","logger":"app.data_engine.redis_publisher","msg":"published 2 candles to bybit:DEXE/USDT:1h"}
{"ts":"2026-07-24 20:00:41,486","level":"INFO","logger":"app.data_engine.redis_publisher","msg":"published 2 candles to bybit:TOWNS/USDT:1h"}
{"ts":"2026-07-24 20:00:42,424","level":"INFO","logger":"app.data_engine.redis_publisher","msg":"published 2 candles to bybit:CAP/USDT:1h"}
{"ts":"2026-07-24 20:00:43,264","level":"INFO","logger":"app.data_engine.redis_publisher","msg":"published 2 candles to bybit:ESPORTS/USDT:1h"}
{"ts":"2026-07-24 20:00:43,523","level":"INFO","logger":"app.data_engine.redis_publisher","msg":"published 2 candles to bybit:APR/USDT:1h"}
{"ts":"2026-07-24 20:00:44,063","level":"INFO","logger":"app.data_engine.redis_publisher","msg":"published 2 candles to bybit:GWEI/USDT:1h"}
{"ts":"2026-07-24 20:00:44,474","level":"INFO","logger":"app.data_engine.redis_publisher","msg":"published 2 candles to bybit:BEAM/USDT:1h"}
{"ts":"2026-07-24 20:00:44,978","level":"INFO","logger":"app.data_engine.redis_publisher","msg":"published 2 candles to bybit:SNXX/USDT:1h"}
{"ts":"2026-07-24 20:00:45,522","level":"INFO","logger":"app.data_engine.redis_publisher","msg":"published 2 candles to bybit:SOXL/USDT:1h"}
{"ts":"2026-07-24 20:00:46,092","level":"INFO","logger":"app.data_engine.redis_publisher","msg":"published 2 candles to bybit:SOL/USDT:1h"}
{"ts":"2026-07-24 20:00:46,542","level":"INFO","logger":"app.data_engine.redis_publisher","msg":"published 2 candles to bybit:PLAYSOUT/USDT:1h"}
{"ts":"2026-07-24 20:00:47,751","level":"INFO","logger":"app.data_engine.redis_publisher","msg":"published 2 candles to bybit:MU/USDT:1h"}
{"ts":"2026-07-24 20:00:50,412","level":"INFO","logger":"app.data_engine.redis_publisher","msg":"published 2 candles to bybit:XRP/USDT:1h"}
{"ts":"2026-07-24 20:00:56,252","level":"INFO","logger":"app.data_engine.redis_publisher","msg":"published 2 candles to bybit:ACE/USDT:1h"}
{"ts":"2026-07-24 20:00:59,729","level":"INFO","logger":"app.data_engine.redis_publisher","msg":"published 2 candles to bybit:KORU/USDT:1h"}
{"ts":"2026-07-24 20:00:59,830","level":"INFO","logger":"app.data_engine.redis_publisher","msg":"published 2 candles to bybit:BTC/USDT:1h"}
{"ts":"2026-07-24 20:01:00,215","level":"INFO","logger":"app.data_engine.redis_publisher","msg":"published 1 candles to bybit:SNDK/USDT:1h"}
{"ts":"2026-07-24 20:01:00,288","level":"INFO","logger":"app.data_engine.redis_publisher","msg":"published 1 candles to bybit:ETH/USDT:1h"}
{"ts":"2026-07-24 20:01:00,524","level":"INFO","logger":"app.data_engine.redis_publisher","msg":"published 1 candles to bybit:BANK/USDT:1h"}
{"ts":"2026-07-24 20:01:00,642","level":"INFO","logger":"app.data_engine.redis_publisher","msg":"published 1 candles to bybit:HYPE/USDT:1h"}
{"ts":"2026-07-24 20:01:14,699","level":"INFO","logger":"app.data_engine.redis_publisher","msg":"published 1 candles to bybit:SKHYNIX/USDT:1h"}
{"ts":"2026-07-24 20:01:15,235","level":"INFO","logger":"app.data_engine.redis_publisher","msg":"published 1 candles to bybit:CL/USDT:1h"}
{"ts":"2026-07-24 20:01:15,428","level":"INFO","logger":"app.data_engine.redis_publisher","msg":"published 1 candles to bybit:VELVET/USDT:1h"}
{"ts":"2026-07-24 20:01:15,542","level":"INFO","logger":"app.data_engine.redis_publisher","msg":"published 1 candles to bybit:NEAR/USDT:1h"}
{"ts":"2026-07-24 20:01:15,705","level":"INFO","logger":"app.data_engine.redis_publisher","msg":"published 1 candles to bybit:SKHY/USDT:1h"}
{"ts":"2026-07-24 20:01:15,913","level":"INFO","logger":"app.data_engine.redis_publisher","msg":"published 1 candles to bybit:INTC/USDT:1h"}
{"ts":"2026-07-24 20:01:16,015","level":"INFO","logger":"app.data_engine.redis_publisher","msg":"published 1 candles to bybit:AERGO/USDT:1h"}
{"ts":"2026-07-24 20:01:24,731","level":"INFO","logger":"app.data_engine.redis_publisher","msg":"published 1 candles to bybit:DOGE/USDT:1h"}
{"ts":"2026-07-24 20:01:26,697","level":"INFO","logger":"app.data_engine.redis_publisher","msg":"published 1 candles to bybit:XAU/USDT:1h"}
{"ts":"2026-07-24 20:01:33,411","level":"INFO","logger":"app.data_engine.redis_publisher","msg":"published 1 candles to bybit:INTW/USDT:1h"}
{"ts":"2026-07-24 20:01:34,669","level":"INFO","logger":"app.data_engine.redis_publisher","msg":"published 1 candles to bybit:SOXS/USDT:1h"}
{"ts":"2026-07-24 20:01:35,182","level":"INFO","logger":"app.data_engine.redis_publisher","msg":"published 1 candles to bybit:CBRS/USDT:1h"}
{"ts":"2026-07-24 20:01:35,352","level":"INFO","logger":"app.data_engine.redis_publisher","msg":"published 1 candles to bybit:BEAT/USDT:1h"}
{"ts":"2026-07-24 20:01:35,584","level":"INFO","logger":"app.data_engine.redis_publisher","msg":"published 1 candles to bybit:MUU/USDT:1h"}
{"ts":"2026-07-24 20:01:35,644","level":"INFO","logger":"app.data_engine.redis_publisher","msg":"published 1 candles to bybit:KAITO/USDT:1h"}
{"ts":"2026-07-24 20:01:37,775","level":"INFO","logger":"app.data_engine.redis_publisher","msg":"published 1 candles to bybit:HEMI/USDT:1h"}
{"ts":"2026-07-24 20:01:38,264","level":"INFO","logger":"app.data_engine.redis_publisher","msg":"published 1 candles to bybit:ORDER/USDT:1h"}
{"ts":"2026-07-24 20:01:39,845","level":"INFO","logger":"app.data_engine.redis_publisher","msg":"published 1 candles to bybit:RE/USDT:1h"}
{"ts":"2026-07-24 20:01:40,193","level":"INFO","logger":"app.data_engine.redis_publisher","msg":"published 1 candles to bybit:AKE/USDT:1h"}
{"ts":"2026-07-24 20:01:40,925","level":"INFO","logger":"app.data_engine.redis_publisher","msg":"published 1 candles to bybit:B2/USDT:1h"}
{"ts":"2026-07-24 20:01:41,317","level":"INFO","logger":"app.data_engine.redis_publisher","msg":"published 1 candles to bybit:DEXE/USDT:1h"}
{"ts":"2026-07-24 20:01:41,798","level":"INFO","logger":"app.data_engine.redis_publisher","msg":"published 1 candles to bybit:TOWNS/USDT:1h"}
{"ts":"2026-07-24 20:01:42,734","level":"INFO","logger":"app.data_engine.redis_publisher","msg":"published 1 candles to bybit:CAP/USDT:1h"}
{"ts":"2026-07-24 20:01:43,577","level":"INFO","logger":"app.data_engine.redis_publisher","msg":"published 1 candles to bybit:ESPORTS/USDT:1h"}
{"ts":"2026-07-24 20:01:43,835","level":"INFO","logger":"app.data_engine.redis_publisher","msg":"published 1 candles to bybit:APR/USDT:1h"}
{"ts":"2026-07-24 20:01:44,378","level":"INFO","logger":"app.data_engine.redis_publisher","msg":"published 1 candles to bybit:GWEI/USDT:1h"}
{"ts":"2026-07-24 20:01:44,793","level":"INFO","logger":"app.data_engine.redis_publisher","msg":"published 1 candles to bybit:BEAM/USDT:1h"}
{"ts":"2026-07-24 20:01:45,287","level":"INFO","logger":"app.data_engine.redis_publisher","msg":"published 1 candles to bybit:SNXX/USDT:1h"}
{"ts":"2026-07-24 20:01:45,831","level":"INFO","logger":"app.data_engine.redis_publisher","msg":"published 1 candles to bybit:SOXL/USDT:1h"}
{"ts":"2026-07-24 20:01:46,406","level":"INFO","logger":"app.data_engine.redis_publisher","msg":"published 1 candles to bybit:SOL/USDT:1h"}
{"ts":"2026-07-24 20:01:46,855","level":"INFO","logger":"app.data_engine.redis_publisher","msg":"published 1 candles to bybit:PLAYSOUT/USDT:1h"}
{"ts":"2026-07-24 20:01:48,065","level":"INFO","logger":"app.data_engine.redis_publisher","msg":"published 1 candles to bybit:MU/USDT:1h"}
{"ts":"2026-07-24 20:01:50,730","level":"INFO","logger":"app.data_engine.redis_publisher","msg":"published 1 candles to bybit:XRP/USDT:1h"}
{"ts":"2026-07-24 20:01:56,571","level":"INFO","logger":"app.data_engine.redis_publisher","msg":"published 1 candles to bybit:ACE/USDT:1h"}
{"ts":"2026-07-24 20:02:00,071","level":"INFO","logger":"app.data_engine.redis_publisher","msg":"published 1 candles to bybit:KORU/USDT:1h"}
{"ts":"2026-07-24 20:02:00,171","level":"INFO","logger":"app.data_engine.redis_publisher","msg":"published 1 candles to bybit:BTC/USDT:1h"}
{"ts":"2026-07-24 20:02:00,523","level":"INFO","logger":"app.data_engine.redis_publisher","msg":"published 1 candles to bybit:SNDK/USDT:1h"}
{"ts":"2026-07-24 20:02:00,631","level":"INFO","logger":"app.data_engine.redis_publisher","msg":"published 1 candles to bybit:ETH/USDT:1h"}
{"ts":"2026-07-24 20:02:00,834","level":"INFO","logger":"app.data_engine.redis_publisher","msg":"published 1 candles to bybit:BANK/USDT:1h"}
{"ts":"2026-07-24 20:02:00,952","level":"INFO","logger":"app.data_engine.redis_publisher","msg":"published 1 candles to bybit:HYPE/USDT:1h"}
{"ts":"2026-07-24 20:02:15,014","level":"INFO","logger":"app.data_engine.redis_publisher","msg":"published 1 candles to bybit:SKHYNIX/USDT:1h"}
{"ts":"2026-07-24 20:02:15,547","level":"INFO","logger":"app.data_engine.redis_publisher","msg":"published 1 candles to bybit:CL/USDT:1h"}
{"ts":"2026-07-24 20:02:15,742","level":"INFO","logger":"app.data_engine.redis_publisher","msg":"published 1 candles to bybit:VELVET/USDT:1h"}
{"ts":"2026-07-24 20:02:15,923","level":"INFO","logger":"app.data_engine.redis_publisher","msg":"published 1 candles to bybit:NEAR/USDT:1h"}
{"ts":"2026-07-24 20:02:16,014","level":"INFO","logger":"app.data_engine.redis_publisher","msg":"published 1 candles to bybit:SKHY/USDT:1h"}
{"ts":"2026-07-24 20:02:16,229","level":"INFO","logger":"app.data_engine.redis_publisher","msg":"published 1 candles to bybit:INTC/USDT:1h"}
{"ts":"2026-07-24 20:02:16,330","level":"INFO","logger":"app.data_engine.redis_publisher","msg":"published 1 candles to bybit:AERGO/USDT:1h"}
{"ts":"2026-07-24 20:02:25,042","level":"INFO","logger":"app.data_engine.redis_publisher","msg":"published 1 candles to bybit:DOGE/USDT:1h"}
{"ts":"2026-07-24 20:02:27,015","level":"INFO","logger":"app.data_engine.redis_publisher","msg":"published 1 candles to bybit:XAU/USDT:1h"}
{"ts":"2026-07-24 20:02:33,724","level":"INFO","logger":"app.data_engine.redis_publisher","msg":"published 1 candles to bybit:INTW/USDT:1h"}
{"ts":"2026-07-24 20:02:34,987","level":"INFO","logger":"app.data_engine.redis_publisher","msg":"published 1 candles to bybit:SOXS/USDT:1h"}
{"ts":"2026-07-24 20:02:35,492","level":"INFO","logger":"app.data_engine.redis_publisher","msg":"published 1 candles to bybit:CBRS/USDT:1h"}
{"ts":"2026-07-24 20:02:35,662","level":"INFO","logger":"app.data_engine.redis_publisher","msg":"published 1 candles to bybit:BEAT/USDT:1h"}
{"ts":"2026-07-24 20:02:35,897","level":"INFO","logger":"app.data_engine.redis_publisher","msg":"published 1 candles to bybit:MUU/USDT:1h"}
{"ts":"2026-07-24 20:02:35,995","level":"INFO","logger":"app.data_engine.redis_publisher","msg":"published 1 candles to bybit:KAITO/USDT:1h"}
{"ts":"2026-07-24 20:02:38,084","level":"INFO","logger":"app.data_engine.redis_publisher","msg":"published 1 candles to bybit:HEMI/USDT:1h"}
{"ts":"2026-07-24 20:02:38,574","level":"INFO","logger":"app.data_engine.redis_publisher","msg":"published 1 candles to bybit:ORDER/USDT:1h"}
{"ts":"2026-07-24 20:02:40,156","level":"INFO","logger":"app.data_engine.redis_publisher","msg":"published 1 candles to bybit:RE/USDT:1h"}
{"ts":"2026-07-24 20:02:40,505","level":"INFO","logger":"app.data_engine.redis_publisher","msg":"published 1 candles to bybit:AKE/USDT:1h"}
{"ts":"2026-07-24 20:02:41,234","level":"INFO","logger":"app.data_engine.redis_publisher","msg":"published 1 candles to bybit:B2/USDT:1h"}
{"ts":"2026-07-24 20:02:41,625","level":"INFO","logger":"app.data_engine.redis_publisher","msg":"published 1 candles to bybit:DEXE/USDT:1h"}
{"ts":"2026-07-24 20:02:42,107","level":"INFO","logger":"app.data_engine.redis_publisher","msg":"published 1 candles to bybit:TOWNS/USDT:1h"}
{"ts":"2026-07-24 20:02:43,043","level":"INFO","logger":"app.data_engine.redis_publisher","msg":"published 1 candles to bybit:CAP/USDT:1h"}
{"ts":"2026-07-24 20:02:43,888","level":"INFO","logger":"app.data_engine.redis_publisher","msg":"published 1 candles to bybit:ESPORTS/USDT:1h"}
{"ts":"2026-07-24 20:02:44,142","level":"INFO","logger":"app.data_engine.redis_publisher","msg":"published 1 candles to bybit:APR/USDT:1h"}
{"ts":"2026-07-24 20:02:44,691","level":"INFO","logger":"app.data_engine.redis_publisher","msg":"published 1 candles to bybit:GWEI/USDT:1h"}
{"ts":"2026-07-24 20:02:45,103","level":"INFO","logger":"app.data_engine.redis_publisher","msg":"published 1 candles to bybit:BEAM/USDT:1h"}
{"ts":"2026-07-24 20:02:45,602","level":"INFO","logger":"app.data_engine.redis_publisher","msg":"published 1 candles to bybit:SNXX/USDT:1h"}
{"ts":"2026-07-24 20:02:46,142","level":"INFO","logger":"app.data_engine.redis_publisher","msg":"published 1 candles to bybit:SOXL/USDT:1h"}
{"ts":"2026-07-24 20:02:46,717","level":"INFO","logger":"app.data_engine.redis_publisher","msg":"published 1 candles to bybit:SOL/USDT:1h"}
{"ts":"2026-07-24 20:02:47,163","level":"INFO","logger":"app.data_engine.redis_publisher","msg":"published 1 candles to bybit:PLAYSOUT/USDT:1h"}
{"ts":"2026-07-24 20:02:48,374","level":"INFO","logger":"app.data_engine.redis_publisher","msg":"published 1 candles to bybit:MU/USDT:1h"}
{"ts":"2026-07-24 20:02:51,039","level":"INFO","logger":"app.data_engine.redis_publisher","msg":"published 1 candles to bybit:XRP/USDT:1h"}
{"ts":"2026-07-24 20:02:56,891","level":"INFO","logger":"app.data_engine.redis_publisher","msg":"published 1 candles to bybit:ACE/USDT:1h"}
{"ts":"2026-07-24 20:03:00,389","level":"INFO","logger":"app.data_engine.redis_publisher","msg":"published 1 candles to bybit:KORU/USDT:1h"}
{"ts":"2026-07-24 20:03:00,486","level":"INFO","logger":"app.data_engine.redis_publisher","msg":"published 1 candles to bybit:BTC/USDT:1h"}
{"ts":"2026-07-24 20:03:00,831","level":"INFO","logger":"app.data_engine.redis_publisher","msg":"published 1 candles to bybit:SNDK/USDT:1h"}
{"ts":"2026-07-24 20:03:00,939","level":"INFO","logger":"app.data_engine.redis_publisher","msg":"published 1 candles to bybit:ETH/USDT:1h"}
{"ts":"2026-07-24 20:03:01,143","level":"INFO","logger":"app.data_engine.redis_publisher","msg":"published 1 candles to bybit:BANK/USDT:1h"}
{"ts":"2026-07-24 20:03:01,262","level":"INFO","logger":"app.data_engine.redis_publisher","msg":"published 1 candles to bybit:HYPE/USDT:1h"}
{"ts":"2026-07-24 20:03:15,326","level":"INFO","logger":"app.data_engine.redis_publisher","msg":"published 1 candles to bybit:SKHYNIX/USDT:1h"}
{"ts":"2026-07-24 20:03:15,858","level":"INFO","logger":"app.data_engine.redis_publisher","msg":"published 1 candles to bybit:CL/USDT:1h"}
{"ts":"2026-07-24 20:03:16,055","level":"INFO","logger":"app.data_engine.redis_publisher","msg":"published 1 candles to bybit:VELVET/USDT:1h"}
{"ts":"2026-07-24 20:03:16,234","level":"INFO","logger":"app.data_engine.redis_publisher","msg":"published 1 candles to bybit:NEAR/USDT:1h"}
{"ts":"2026-07-24 20:03:16,335","level":"INFO","logger":"app.data_engine.redis_publisher","msg":"published 1 candles to bybit:SKHY/USDT:1h"}
{"ts":"2026-07-24 20:03:16,539","level":"INFO","logger":"app.data_engine.redis_publisher","msg":"published 1 candles to bybit:INTC/USDT:1h"}
{"ts":"2026-07-24 20:03:16,655","level":"INFO","logger":"app.data_engine.redis_publisher","msg":"published 1 candles to bybit:AERGO/USDT:1h"}
{"ts":"2026-07-24 20:03:25,353","level":"INFO","logger":"app.data_engine.redis_publisher","msg":"published 1 candles to bybit:DOGE/USDT:1h"}
{"ts":"2026-07-24 20:03:27,324","level":"INFO","logger":"app.data_engine.redis_publisher","msg":"published 1 candles to bybit:XAU/USDT:1h"}
{"ts":"2026-07-24 20:03:34,038","level":"INFO","logger":"app.data_engine.redis_publisher","msg":"published 1 candles to bybit:INTW/USDT:1h"}
{"ts":"2026-07-24 20:03:35,298","level":"INFO","logger":"app.data_engine.redis_publisher","msg":"published 1 candles to bybit:SOXS/USDT:1h"}
{"ts":"2026-07-24 20:03:35,801","level":"INFO","logger":"app.data_engine.redis_publisher","msg":"published 1 candles to bybit:CBRS/USDT:1h"}
{"ts":"2026-07-24 20:03:35,969","level":"INFO","logger":"app.data_engine.redis_publisher","msg":"published 1 candles to bybit:BEAT/USDT:1h"}
{"ts":"2026-07-24 20:03:36,207","level":"INFO","logger":"app.data_engine.redis_publisher","msg":"published 1 candles to bybit:MUU/USDT:1h"}
{"ts":"2026-07-24 20:03:36,307","level":"INFO","logger":"app.data_engine.redis_publisher","msg":"published 1 candles to bybit:KAITO/USDT:1h"}
{"ts":"2026-07-24 20:03:38,579","level":"INFO","logger":"app.data_engine.redis_publisher","msg":"published 1 candles to bybit:HEMI/USDT:1h"}
{"ts":"2026-07-24 20:03:38,886","level":"INFO","logger":"app.data_engine.redis_publisher","msg":"published 1 candles to bybit:ORDER/USDT:1h"}
{"ts":"2026-07-24 20:03:40,468","level":"INFO","logger":"app.data_engine.redis_publisher","msg":"published 1 candles to bybit:RE/USDT:1h"}
{"ts":"2026-07-24 20:03:40,816","level":"INFO","logger":"app.data_engine.redis_publisher","msg":"published 1 candles to bybit:AKE/USDT:1h"}
{"ts":"2026-07-24 20:03:41,542","level":"INFO","logger":"app.data_engine.redis_publisher","msg":"published 1 candles to bybit:B2/USDT:1h"}
{"ts":"2026-07-24 20:03:41,934","level":"INFO","logger":"app.data_engine.redis_publisher","msg":"published 1 candles to bybit:DEXE/USDT:1h"}
{"ts":"2026-07-24 20:03:42,416","level":"INFO","logger":"app.data_engine.redis_publisher","msg":"published 1 candles to bybit:TOWNS/USDT:1h"}
{"ts":"2026-07-24 20:03:43,353","level":"INFO","logger":"app.data_engine.redis_publisher","msg":"published 1 candles to bybit:CAP/USDT:1h"}
{"ts":"2026-07-24 20:03:44,202","level":"INFO","logger":"app.data_engine.redis_publisher","msg":"published 1 candles to bybit:ESPORTS/USDT:1h"}
{"ts":"2026-07-24 20:03:44,453","level":"INFO","logger":"app.data_engine.redis_publisher","msg":"published 1 candles to bybit:APR/USDT:1h"}
{"ts":"2026-07-24 20:03:44,998","level":"INFO","logger":"app.data_engine.redis_publisher","msg":"published 1 candles to bybit:GWEI/USDT:1h"}
{"ts":"2026-07-24 20:03:45,414","level":"INFO","logger":"app.data_engine.redis_publisher","msg":"published 1 candles to bybit:BEAM/USDT:1h"}
{"ts":"2026-07-24 20:03:45,925","level":"INFO","logger":"app.data_engine.redis_publisher","msg":"published 1 candles to bybit:SNXX/USDT:1h"}
{"ts":"2026-07-24 20:03:46,448","level":"INFO","logger":"app.data_engine.redis_publisher","msg":"published 1 candles to bybit:SOXL/USDT:1h"}
{"ts":"2026-07-24 20:03:47,025","level":"INFO","logger":"app.data_engine.redis_publisher","msg":"published 1 candles to bybit:SOL/USDT:1h"}
{"ts":"2026-07-24 20:03:47,474","level":"INFO","logger":"app.data_engine.redis_publisher","msg":"published 1 candles to bybit:PLAYSOUT/USDT:1h"}
{"ts":"2026-07-24 20:03:48,681","level":"INFO","logger":"app.data_engine.redis_publisher","msg":"published 1 candles to bybit:MU/USDT:1h"}
{"ts":"2026-07-24 20:03:51,534","level":"INFO","logger":"app.data_engine.redis_publisher","msg":"published 1 candles to bybit:XRP/USDT:1h"}
{"ts":"2026-07-24 20:03:57,201","level":"INFO","logger":"app.data_engine.redis_publisher","msg":"published 1 candles to bybit:ACE/USDT:1h"}
{"ts":"2026-07-24 20:04:00,705","level":"INFO","logger":"app.data_engine.redis_publisher","msg":"published 1 candles to bybit:KORU/USDT:1h"}
{"ts":"2026-07-24 20:04:00,804","level":"INFO","logger":"app.data_engine.redis_publisher","msg":"published 1 candles to bybit:BTC/USDT:1h"}
{"ts":"2026-07-24 20:04:01,144","level":"INFO","logger":"app.data_engine.redis_publisher","msg":"published 1 candles to bybit:SNDK/USDT:1h"}
{"ts":"2026-07-24 20:04:01,250","level":"INFO","logger":"app.data_engine.redis_publisher","msg":"published 1 candles to bybit:ETH/USDT:1h"}
{"ts":"2026-07-24 20:04:01,451","level":"INFO","logger":"app.data_engine.redis_publisher","msg":"published 1 candles to bybit:BANK/USDT:1h"}
{"ts":"2026-07-24 20:04:01,573","level":"INFO","logger":"app.data_engine.redis_publisher","msg":"published 1 candles to bybit:HYPE/USDT:1h"}
{"ts":"2026-07-24 20:04:15,650","level":"INFO","logger":"app.data_engine.redis_publisher","msg":"published 1 candles to bybit:SKHYNIX/USDT:1h"}
{"ts":"2026-07-24 20:04:16,170","level":"INFO","logger":"app.data_engine.redis_publisher","msg":"published 1 candles to bybit:CL/USDT:1h"}
{"ts":"2026-07-24 20:04:16,365","level":"INFO","logger":"app.data_engine.redis_publisher","msg":"published 1 candles to bybit:VELVET/USDT:1h"}
{"ts":"2026-07-24 20:04:16,543","level":"INFO","logger":"app.data_engine.redis_publisher","msg":"published 1 candles to bybit:NEAR/USDT:1h"}
{"ts":"2026-07-24 20:04:16,643","level":"INFO","logger":"app.data_engine.redis_publisher","msg":"published 1 candles to bybit:SKHY/USDT:1h"}
{"ts":"2026-07-24 20:04:16,850","level":"INFO","logger":"app.data_engine.redis_publisher","msg":"published 1 candles to bybit:INTC/USDT:1h"}
{"ts":"2026-07-24 20:04:16,964","level":"INFO","logger":"app.data_engine.redis_publisher","msg":"published 1 candles to bybit:AERGO/USDT:1h"}
2026-07-24 20:04:20.502 | INFO     | app.data.ohlcv_fetcher:fetch:62 - OHLCV fetched: BTC/USDT 1h 200 candles
{"ts":"2026-07-24 20:04:25,667","level":"INFO","logger":"app.data_engine.redis_publisher","msg":"published 1 candles to bybit:DOGE/USDT:1h"}
{"ts":"2026-07-24 20:04:27,635","level":"INFO","logger":"app.data_engine.redis_publisher","msg":"published 1 candles to bybit:XAU/USDT:1h"}
{"ts":"2026-07-24 20:04:34,348","level":"INFO","logger":"app.data_engine.redis_publisher","msg":"published 1 candles to bybit:INTW/USDT:1h"}
{"ts":"2026-07-24 20:04:35,613","level":"INFO","logger":"app.data_engine.redis_publisher","msg":"published 1 candles to bybit:SOXS/USDT:1h"}
{"ts":"2026-07-24 20:04:36,109","level":"INFO","logger":"app.data_engine.redis_publisher","msg":"published 1 candles to bybit:CBRS/USDT:1h"}
{"ts":"2026-07-24 20:04:36,281","level":"INFO","logger":"app.data_engine.redis_publisher","msg":"published 1 candles to bybit:BEAT/USDT:1h"}
{"ts":"2026-07-24 20:04:36,520","level":"INFO","logger":"app.data_engine.redis_publisher","msg":"published 1 candles to bybit:MUU/USDT:1h"}
{"ts":"2026-07-24 20:04:36,618","level":"INFO","logger":"app.data_engine.redis_publisher","msg":"published 1 candles to bybit:KAITO/USDT:1h"}
{"ts":"2026-07-24 20:04:38,891","level":"INFO","logger":"app.data_engine.redis_publisher","msg":"published 1 candles to bybit:HEMI/USDT:1h"}
{"ts":"2026-07-24 20:04:39,196","level":"INFO","logger":"app.data_engine.redis_publisher","msg":"published 1 candles to bybit:ORDER/USDT:1h"}
{"ts":"2026-07-24 20:04:40,778","level":"INFO","logger":"app.data_engine.redis_publisher","msg":"published 1 candles to bybit:RE/USDT:1h"}
{"ts":"2026-07-24 20:04:41,126","level":"INFO","logger":"app.data_engine.redis_publisher","msg":"published 1 candles to bybit:AKE/USDT:1h"}
{"ts":"2026-07-24 20:04:41,860","level":"INFO","logger":"app.data_engine.redis_publisher","msg":"published 1 candles to bybit:B2/USDT:1h"}
{"ts":"2026-07-24 20:04:42,245","level":"INFO","logger":"app.data_engine.redis_publisher","msg":"published 1 candles to bybit:DEXE/USDT:1h"}
{"ts":"2026-07-24 20:04:42,725","level":"INFO","logger":"app.data_engine.redis_publisher","msg":"published 1 candles to bybit:TOWNS/USDT:1h"}
{"ts":"2026-07-24 20:04:43,664","level":"INFO","logger":"app.data_engine.redis_publisher","msg":"published 1 candles to bybit:CAP/USDT:1h"}
{"ts":"2026-07-24 20:04:44,511","level":"INFO","logger":"app.data_engine.redis_publisher","msg":"published 1 candles to bybit:ESPORTS/USDT:1h"}
{"ts":"2026-07-24 20:04:44,763","level":"INFO","logger":"app.data_engine.redis_publisher","msg":"published 1 candles to bybit:APR/USDT:1h"}
{"ts":"2026-07-24 20:04:45,309","level":"INFO","logger":"app.data_engine.redis_publisher","msg":"published 1 candles to bybit:GWEI/USDT:1h"}
{"ts":"2026-07-24 20:04:45,739","level":"INFO","logger":"app.data_engine.redis_publisher","msg":"published 1 candles to bybit:BEAM/USDT:1h"}
{"ts":"2026-07-24 20:04:46,237","level":"INFO","logger":"app.data_engine.redis_publisher","msg":"published 1 candles to bybit:SNXX/USDT:1h"}
{"ts":"2026-07-24 20:04:46,756","level":"INFO","logger":"app.data_engine.redis_publisher","msg":"published 1 candles to bybit:SOXL/USDT:1h"}
{"ts":"2026-07-24 20:04:47,333","level":"INFO","logger":"app.data_engine.redis_publisher","msg":"published 1 candles to bybit:SOL/USDT:1h"}
{"ts":"2026-07-24 20:04:47,786","level":"INFO","logger":"app.data_engine.redis_publisher","msg":"published 1 candles to bybit:PLAYSOUT/USDT:1h"}
{"ts":"2026-07-24 20:04:48,997","level":"INFO","logger":"app.data_engine.redis_publisher","msg":"published 1 candles to bybit:MU/USDT:1h"}
{"ts":"2026-07-24 20:04:51,852","level":"INFO","logger":"app.data_engine.redis_publisher","msg":"published 1 candles to bybit:XRP/USDT:1h"}
2026-07-24 20:04:52.585 | INFO     | app.data.universe_scanner:refresh:176 - UniverseScanner: %d candidates above $%.0f volume
2026-07-24 20:04:53.513 | DEBUG    | app.data.universe_scanner:refresh:188 - UniverseScanner: ATR failed for SOXL/USDT
2026-07-24 20:04:53.513 | DEBUG    | app.data.universe_scanner:refresh:188 - UniverseScanner: ATR failed for AKE/USDT
2026-07-24 20:04:53.821 | DEBUG    | app.data.universe_scanner:refresh:188 - UniverseScanner: ATR failed for DEXE/USDT
2026-07-24 20:04:54.129 | DEBUG    | app.data.universe_scanner:refresh:188 - UniverseScanner: ATR failed for BANK/USDT
2026-07-24 20:04:54.129 | DEBUG    | app.data.universe_scanner:refresh:188 - UniverseScanner: ATR failed for SNDK/USDT
2026-07-24 20:04:54.440 | DEBUG    | app.data.universe_scanner:refresh:188 - UniverseScanner: ATR failed for XAU/USDT
2026-07-24 20:04:54.440 | DEBUG    | app.data.universe_scanner:refresh:188 - UniverseScanner: ATR failed for CL/USDT
2026-07-24 20:04:54.440 | DEBUG    | app.data.universe_scanner:refresh:188 - UniverseScanner: ATR failed for MU/USDT
2026-07-24 20:04:54.440 | DEBUG    | app.data.universe_scanner:refresh:188 - UniverseScanner: ATR failed for ZEC/USDT
2026-07-24 20:04:54.440 | DEBUG    | app.data.universe_scanner:refresh:188 - UniverseScanner: ATR failed for ESPORTS/USDT
2026-07-24 20:04:54.748 | DEBUG    | app.data.universe_scanner:refresh:188 - UniverseScanner: ATR failed for SKHYNIX/USDT
2026-07-24 20:04:54.748 | DEBUG    | app.data.universe_scanner:refresh:188 - UniverseScanner: ATR failed for SPCX/USDT
2026-07-24 20:04:55.055 | DEBUG    | app.data.universe_scanner:refresh:188 - UniverseScanner: ATR failed for SKHY/USDT
2026-07-24 20:04:55.364 | DEBUG    | app.data.universe_scanner:refresh:188 - UniverseScanner: ATR failed for INTC/USDT
2026-07-24 20:04:55.674 | DEBUG    | app.data.universe_scanner:refresh:188 - UniverseScanner: ATR failed for RE/USDT
2026-07-24 20:04:55.983 | DEBUG    | app.data.universe_scanner:refresh:188 - UniverseScanner: ATR failed for 1000PEPE/USDT
2026-07-24 20:04:55.983 | DEBUG    | app.data.universe_scanner:refresh:188 - UniverseScanner: ATR failed for BEAT/USDT
2026-07-24 20:04:55.983 | DEBUG    | app.data.universe_scanner:refresh:188 - UniverseScanner: ATR failed for SNXX/USDT
2026-07-24 20:04:55.983 | DEBUG    | app.data.universe_scanner:refresh:188 - UniverseScanner: ATR failed for KORU/USDT
2026-07-24 20:04:55.983 | DEBUG    | app.data.universe_scanner:refresh:188 - UniverseScanner: ATR failed for XAG/USDT
2026-07-24 20:04:56.910 | DEBUG    | app.data.universe_scanner:refresh:188 - UniverseScanner: ATR failed for KAITO/USDT
{"ts":"2026-07-24 20:04:57,515","level":"INFO","logger":"app.data_engine.redis_publisher","msg":"published 1 candles to bybit:ACE/USDT:1h"}
2026-07-24 20:04:57.841 | DEBUG    | app.data.universe_scanner:refresh:188 - UniverseScanner: ATR failed for TAO/USDT
2026-07-24 20:04:58.458 | DEBUG    | app.data.universe_scanner:refresh:188 - UniverseScanner: ATR failed for CBRS/USDT
2026-07-24 20:04:58.458 | DEBUG    | app.data.universe_scanner:refresh:188 - UniverseScanner: ATR failed for PUMPFUN/USDT
2026-07-24 20:04:59.080 | DEBUG    | app.data.universe_scanner:refresh:188 - UniverseScanner: ATR failed for FARTCOIN/USDT
2026-07-24 20:04:59.704 | DEBUG    | app.data.universe_scanner:refresh:188 - UniverseScanner: ATR failed for EWY/USDT
2026-07-24 20:05:00.323 | DEBUG    | app.data.universe_scanner:refresh:188 - UniverseScanner: ATR failed for INTW/USDT
2026-07-24 20:05:00.323 | DEBUG    | app.data.universe_scanner:refresh:188 - UniverseScanner: ATR failed for DRAM/USDT
2026-07-24 20:05:00.639 | DEBUG    | app.data.universe_scanner:refresh:188 - UniverseScanner: ATR failed for VELVET/USDT
2026-07-24 20:05:00.639 | DEBUG    | app.data.universe_scanner:refresh:188 - UniverseScanner: ATR failed for ALLO/USDT
2026-07-24 20:05:00.986 | DEBUG    | app.data.universe_scanner:refresh:188 - UniverseScanner: ATR failed for TSLA/USDT
{"ts":"2026-07-24 20:05:01,030","level":"INFO","logger":"app.data_engine.redis_publisher","msg":"published 1 candles to bybit:KORU/USDT:1h"}
{"ts":"2026-07-24 20:05:01,115","level":"INFO","logger":"app.data_engine.redis_publisher","msg":"published 1 candles to bybit:BTC/USDT:1h"}
{"ts":"2026-07-24 20:05:01,461","level":"INFO","logger":"app.data_engine.redis_publisher","msg":"published 1 candles to bybit:SNDK/USDT:1h"}
{"ts":"2026-07-24 20:05:01,563","level":"INFO","logger":"app.data_engine.redis_publisher","msg":"published 1 candles to bybit:ETH/USDT:1h"}
{"ts":"2026-07-24 20:05:01,763","level":"INFO","logger":"app.data_engine.redis_publisher","msg":"published 1 candles to bybit:BANK/USDT:1h"}
{"ts":"2026-07-24 20:05:01,885","level":"INFO","logger":"app.data_engine.redis_publisher","msg":"published 1 candles to bybit:HYPE/USDT:1h"}
2026-07-24 20:05:01.895 | DEBUG    | app.data.universe_scanner:refresh:188 - UniverseScanner: ATR failed for XMR/USDT
2026-07-24 20:05:02.824 | DEBUG    | app.data.universe_scanner:refresh:188 - UniverseScanner: ATR failed for LAB/USDT
2026-07-24 20:05:02.824 | DEBUG    | app.data.universe_scanner:refresh:188 - UniverseScanner: ATR failed for AAL/USDT
2026-07-24 20:05:03.756 | DEBUG    | app.data.universe_scanner:refresh:188 - UniverseScanner: ATR failed for US/USDT
2026-07-24 20:05:03.756 | DEBUG    | app.data.universe_scanner:refresh:188 - UniverseScanner: ATR failed for ACE/USDT
2026-07-24 20:05:04.064 | DEBUG    | app.data.universe_scanner:refresh:188 - UniverseScanner: ATR failed for MRVL/USDT
2026-07-24 20:05:04.382 | DEBUG    | app.data.universe_scanner:refresh:188 - UniverseScanner: ATR failed for O/USDT
2026-07-24 20:05:04.382 | DEBUG    | app.data.universe_scanner:refresh:188 - UniverseScanner: ATR failed for GWEI/USDT
2026-07-24 20:05:04.382 | DEBUG    | app.data.universe_scanner:refresh:188 - UniverseScanner: ATR failed for NBIS/USDT
2026-07-24 20:05:04.999 | DEBUG    | app.data.universe_scanner:refresh:188 - UniverseScanner: ATR failed for TSEM/USDT
2026-07-24 20:05:04.999 | DEBUG    | app.data.universe_scanner:refresh:188 - UniverseScanner: ATR failed for 1000BONK/USDT
2026-07-24 20:05:04.999 | DEBUG    | app.data.universe_scanner:refresh:188 - UniverseScanner: ATR failed for MUU/USDT
2026-07-24 20:05:04.999 | DEBUG    | app.data.universe_scanner:refresh:188 - UniverseScanner: ATR failed for PENGSTOCK/USDT
2026-07-24 20:05:05.930 | DEBUG    | app.data.universe_scanner:refresh:188 - UniverseScanner: ATR failed for SOXS/USDT
2026-07-24 20:05:05.930 | DEBUG    | app.data.universe_scanner:refresh:188 - UniverseScanner: ATR failed for GOOGL/USDT
2026-07-24 20:05:05.930 | DEBUG    | app.data.universe_scanner:refresh:188 - UniverseScanner: ATR failed for CRCL/USDT
2026-07-24 20:05:06.247 | DEBUG    | app.data.universe_scanner:refresh:188 - UniverseScanner: ATR failed for AEHR/USDT
2026-07-24 20:05:06.865 | DEBUG    | app.data.universe_scanner:refresh:188 - UniverseScanner: ATR failed for MARA/USDT
2026-07-24 20:05:06.865 | DEBUG    | app.data.universe_scanner:refresh:188 - UniverseScanner: ATR failed for B2/USDT
2026-07-24 20:05:07.484 | DEBUG    | app.data.universe_scanner:refresh:188 - UniverseScanner: ATR failed for GS/USDT
2026-07-24 20:05:08.103 | DEBUG    | app.data.universe_scanner:refresh:188 - UniverseScanner: ATR failed for MSTR/USDT
2026-07-24 20:05:08.726 | DEBUG    | app.data.universe_scanner:refresh:188 - UniverseScanner: ATR failed for RDW/USDT
2026-07-24 20:05:08.726 | DEBUG    | app.data.universe_scanner:refresh:188 - UniverseScanner: ATR failed for AERGO/USDT
2026-07-24 20:05:08.726 | DEBUG    | app.data.universe_scanner:refresh:188 - UniverseScanner: ATR failed for SHIB1000/USDT
2026-07-24 20:05:08.726 | DEBUG    | app.data.universe_scanner:refresh:188 - UniverseScanner: ATR failed for POET/USDT
2026-07-24 20:05:08.726 | DEBUG    | app.data.universe_scanner:refresh:188 - UniverseScanner: ATR failed for APR/USDT
2026-07-24 20:05:09.343 | DEBUG    | app.data.universe_scanner:refresh:188 - UniverseScanner: ATR failed for EVAA/USDT
2026-07-24 20:05:09.963 | DEBUG    | app.data.universe_scanner:refresh:188 - UniverseScanner: ATR failed for IONQ/USDT
2026-07-24 20:05:09.963 | DEBUG    | app.data.universe_scanner:refresh:188 - UniverseScanner: ATR failed for EPIC/USDT
2026-07-24 20:05:10.901 | DEBUG    | app.data.universe_scanner:refresh:188 - UniverseScanner: ATR failed for AXTI/USDT
2026-07-24 20:05:11.518 | DEBUG    | app.data.universe_scanner:refresh:188 - UniverseScanner: ATR failed for XLV/USDT
2026-07-24 20:05:11.518 | DEBUG    | app.data.universe_scanner:refresh:188 - UniverseScanner: ATR failed for SAMSUNG/USDT
2026-07-24 20:05:12.169 | DEBUG    | app.data.universe_scanner:refresh:188 - UniverseScanner: ATR failed for BZ/USDT
2026-07-24 20:05:12.476 | DEBUG    | app.data.universe_scanner:refresh:188 - UniverseScanner: ATR failed for AMDSTOCK/USDT
2026-07-24 20:05:12.786 | DEBUG    | app.data.universe_scanner:refresh:188 - UniverseScanner: ATR failed for AAOI/USDT
2026-07-24 20:05:13.094 | DEBUG    | app.data.universe_scanner:refresh:188 - UniverseScanner: ATR failed for XLK/USDT
2026-07-24 20:05:13.723 | DEBUG    | app.data.universe_scanner:refresh:188 - UniverseScanner: ATR failed for APLD/USDT
2026-07-24 20:05:14.033 | DEBUG    | app.data.universe_scanner:refresh:188 - UniverseScanner: ATR failed for UB/USDT
2026-07-24 20:05:14.343 | DEBUG    | app.data.universe_scanner:refresh:188 - UniverseScanner: ATR failed for APPSTOCK/USDT
2026-07-24 20:05:14.343 | DEBUG    | app.data.universe_scanner:refresh:188 - UniverseScanner: ATR failed for TLM/USDT
2026-07-24 20:05:14.654 | DEBUG    | app.data.universe_scanner:refresh:188 - UniverseScanner: ATR failed for ONDS/USDT
2026-07-24 20:05:14.654 | DEBUG    | app.data.universe_scanner:refresh:188 - UniverseScanner: ATR failed for WENSTOCK/USDT
2026-07-24 20:05:14.654 | DEBUG    | app.data.universe_scanner:refresh:188 - UniverseScanner: ATR failed for PAXG/USDT
2026-07-24 20:05:14.654 | DEBUG    | app.data.universe_scanner:refresh:188 - UniverseScanner: ATR failed for DASH/USDT
2026-07-24 20:05:14.962 | DEBUG    | app.data.universe_scanner:refresh:188 - UniverseScanner: ATR failed for BIO/USDT
2026-07-24 20:05:14.962 | DEBUG    | app.data.universe_scanner:refresh:188 - UniverseScanner: ATR failed for NVDA/USDT
2026-07-24 20:05:15.270 | INFO     | app.data.universe_scanner:refresh:232 - UniverseScanner: refreshed — %d symbols, top=%s (score=%.3f)
{"ts":"2026-07-24 20:05:15,977","level":"INFO","logger":"app.data_engine.redis_publisher","msg":"published 1 candles to bybit:SKHYNIX/USDT:1h"}
{"ts":"2026-07-24 20:05:16,490","level":"INFO","logger":"app.data_engine.redis_publisher","msg":"published 1 candles to bybit:CL/USDT:1h"}
{"ts":"2026-07-24 20:05:16,675","level":"INFO","logger":"app.data_engine.redis_publisher","msg":"published 1 candles to bybit:VELVET/USDT:1h"}
{"ts":"2026-07-24 20:05:16,857","level":"INFO","logger":"app.data_engine.redis_publisher","msg":"published 1 candles to bybit:NEAR/USDT:1h"}
{"ts":"2026-07-24 20:05:16,954","level":"INFO","logger":"app.data_engine.redis_publisher","msg":"published 1 candles to bybit:SKHY/USDT:1h"}
{"ts":"2026-07-24 20:05:17,157","level":"INFO","logger":"app.data_engine.redis_publisher","msg":"published 1 candles to bybit:INTC/USDT:1h"}
{"ts":"2026-07-24 20:05:17,276","level":"INFO","logger":"app.data_engine.redis_publisher","msg":"published 1 candles to bybit:AERGO/USDT:1h"}
{"ts":"2026-07-24 20:05:26,028","level":"INFO","logger":"app.data_engine.redis_publisher","msg":"published 1 candles to bybit:DOGE/USDT:1h"}
{"ts":"2026-07-24 20:05:26,636","level":"INFO","logger":"app.data_engine.exchange_connector","msg":"fetched 2160 candles for SUI/USDT 1h (90 days)"}
{"ts":"2026-07-24 20:05:27,104","level":"INFO","logger":"app.data_engine.redis_publisher","msg":"published 10 candles to bybit:SUI/USDT:1h"}
{"ts":"2026-07-24 20:05:27,948","level":"INFO","logger":"app.data_engine.redis_publisher","msg":"published 1 candles to bybit:XAU/USDT:1h"}
{"ts":"2026-07-24 20:05:28,179","level":"INFO","logger":"app.data_engine.exchange_connector","msg":"fetched 1429 candles for NBIS/USDT 1h (90 days)"}
{"ts":"2026-07-24 20:05:28,523","level":"INFO","logger":"app.data_engine.redis_publisher","msg":"published 10 candles to bybit:NBIS/USDT:1h"}
{"ts":"2026-07-24 20:05:34,657","level":"INFO","logger":"app.data_engine.redis_publisher","msg":"published 1 candles to bybit:INTW/USDT:1h"}
{"ts":"2026-07-24 20:05:35,927","level":"INFO","logger":"app.data_engine.redis_publisher","msg":"published 1 candles to bybit:SOXS/USDT:1h"}
{"ts":"2026-07-24 20:05:36,418","level":"INFO","logger":"app.data_engine.redis_publisher","msg":"published 1 candles to bybit:CBRS/USDT:1h"}
{"ts":"2026-07-24 20:05:36,591","level":"INFO","logger":"app.data_engine.redis_publisher","msg":"published 1 candles to bybit:BEAT/USDT:1h"}
{"ts":"2026-07-24 20:05:36,929","level":"INFO","logger":"app.data_engine.redis_publisher","msg":"published 1 candles to bybit:KAITO/USDT:1h"}
{"ts":"2026-07-24 20:05:39,505","level":"INFO","logger":"app.data_engine.redis_publisher","msg":"published 1 candles to bybit:ORDER/USDT:1h"}
{"ts":"2026-07-24 20:05:41,092","level":"INFO","logger":"app.data_engine.redis_publisher","msg":"published 1 candles to bybit:RE/USDT:1h"}
{"ts":"2026-07-24 20:05:41,440","level":"INFO","logger":"app.data_engine.redis_publisher","msg":"published 1 candles to bybit:AKE/USDT:1h"}
{"ts":"2026-07-24 20:05:42,368","level":"INFO","logger":"app.data_engine.redis_publisher","msg":"published 1 candles to bybit:B2/USDT:1h"}
{"ts":"2026-07-24 20:05:42,738","level":"INFO","logger":"app.data_engine.redis_publisher","msg":"published 1 candles to bybit:DEXE/USDT:1h"}
{"ts":"2026-07-24 20:05:43,034","level":"INFO","logger":"app.data_engine.redis_publisher","msg":"published 1 candles to bybit:TOWNS/USDT:1h"}
{"ts":"2026-07-24 20:05:43,972","level":"INFO","logger":"app.data_engine.redis_publisher","msg":"published 1 candles to bybit:CAP/USDT:1h"}
{"ts":"2026-07-24 20:05:44,820","level":"INFO","logger":"app.data_engine.redis_publisher","msg":"published 1 candles to bybit:ESPORTS/USDT:1h"}
{"ts":"2026-07-24 20:05:45,072","level":"INFO","logger":"app.data_engine.redis_publisher","msg":"published 1 candles to bybit:APR/USDT:1h"}
{"ts":"2026-07-24 20:05:45,618","level":"INFO","logger":"app.data_engine.redis_publisher","msg":"published 1 candles to bybit:GWEI/USDT:1h"}
{"ts":"2026-07-24 20:05:46,062","level":"INFO","logger":"app.data_engine.redis_publisher","msg":"published 1 candles to bybit:BEAM/USDT:1h"}
{"ts":"2026-07-24 20:05:46,549","level":"INFO","logger":"app.data_engine.redis_publisher","msg":"published 1 candles to bybit:SNXX/USDT:1h"}
{"ts":"2026-07-24 20:05:47,064","level":"INFO","logger":"app.data_engine.redis_publisher","msg":"published 1 candles to bybit:SOXL/USDT:1h"}
{"ts":"2026-07-24 20:05:47,643","level":"INFO","logger":"app.data_engine.redis_publisher","msg":"published 1 candles to bybit:SOL/USDT:1h"}
{"ts":"2026-07-24 20:05:48,095","level":"INFO","logger":"app.data_engine.redis_publisher","msg":"published 1 candles to bybit:PLAYSOUT/USDT:1h"}
{"ts":"2026-07-24 20:05:49,309","level":"INFO","logger":"app.data_engine.redis_publisher","msg":"published 1 candles to bybit:MU/USDT:1h"}
